date,retailer,brand,caliber,weight,name,category,stock,price,qty,ppr,upc,mpn,sku,style,velocity,energy,bc,sd,url
7/21/2026,Sportsmans,Winchester,338 Win Mag,225,Remington Core-Lokt 338 Winchester Magnum 225gr PSP Rifle Ammo - 20 Rounds,Lead-Core,In Stock,77.99,20,3.899,47700066509,R338W1,1017654,Pointed Soft Point,2780,3860,,,https://www.sportsmans.com/shooting-gear-gun-supplies/ammunition-ammo-for-hunting-shooting-sports/rifle-ammo-hunting-shooting-sports/remington-core-lokt-338-winchester-magnum-225gr-psp-rifle-ammo-20-rounds/p/1017654
7/21/2026,Sportsmans,Hornady,338 Win Mag,230,Hornady Precision Hunter 338 Winchester Magnum 230gr ELD-X Rifle Ammo - 20 Rounds,Lead-Core,In Stock,72.99,20,3.649,90255822229,82222,1533961,Extremely Low Drag Expanding,2810,4032,,,https://www.sportsmans.com/shooting-gear-gun-supplies/ammunition-ammo-for-hunting-shooting-sports/rifle-ammo-hunting-shooting-sports/hornady-precision-hunter-338-winchester-magnum-230gr-eld-x-rifle-ammo-20-rounds/p/1533961
7/21/2026,Sportsmans,Hornady,338 Win Mag,200,Hornady Superformance 338 Winchester Magnum 200gr SST Rifle Ammo - 20 Rounds,Lead-Core,In Stock,64.99,20,3.249,90255822236,82223,1243053,Super Shock Tip,3030,4076,,,https://www.sportsmans.com/shooting-gear-gun-supplies/ammunition-ammo-for-hunting-shooting-sports/rifle-ammo-hunting-shooting-sports/hornady-superformance-338-winchester-magnum-200gr-sst-rifle-ammo-20-rounds/p/1243053
7/21/2026,Sportsmans,Hornady,338 Win Mag,225,Hornady Superformance 338 Winchester Magnum 225gr SST Rifle Ammo - 20 Rounds,Lead-Core,In Stock,67.99,20,3.399,90255822335,82233,1243054,Super Shock Tip,2840,4029,,,https://www.sportsmans.com/shooting-gear-gun-supplies/ammunition-ammo-for-hunting-shooting-sports/rifle-ammo-hunting-shooting-sports/hornady-superformance-338-winchester-magnum-225gr-sst-rifle-ammo-20-rounds/p/1243054
7/21/2026,Sportsmans,Hornady,338 Win Mag,225,Hornady Outfitter 338 Winchester Magnum 225gr CX Rifle Ammo - 20 Rounds,Lead-Free,In Stock,74.99,20,3.749,90255719895,823394,1728345,Full Metal Jacket Tipped,2800,3917,,,https://www.sportsmans.com/shooting-gear-gun-supplies/ammunition-ammo-for-hunting-shooting-sports/rifle-ammo-hunting-shooting-sports/hornady-cx-outfitter-338-winchester-magnum-225gr-rifle-ammo-20-rounds/p/1728345
7/21/2026,Sportsmans,Winchester,338 Win Mag,200,Winchester Super-X 338 Winchester Magnum 200gr PP Rifle Ammo - 20 Rounds,Lead-Core,In Stock,74.99,20,3.749,20892200982,*X3381,307828,Power Point,2960,3890,,,https://www.sportsmans.com/shooting-gear-gun-supplies/ammunition-ammo-for-hunting-shooting-sports/rifle-ammo-hunting-shooting-sports/winchester-super-x-338-winchester-magnum-200gr-pp-rifle-ammo-20-rounds/p/307828
7/21/2026,Sportsmans,Winchester,338 Win Mag,250,Remington Core-Lokt 338 Winchester Magnum 250gr PSP Rifle Ammo - 20 Rounds,Lead-Core,In Stock,77.99,20,3.899,47700066608,R338W2,1017656,Pointed Soft Point,2660,3927,,,https://www.sportsmans.com/shooting-gear-gun-supplies/ammunition-ammo-for-hunting-shooting-sports/rifle-ammo-hunting-shooting-sports/remington-core-lokt-338-winchester-magnum-250gr-psp-rifle-ammo-20-rounds/p/1017656
7/21/2026,Sportsmans,Barnes,338 Win Mag,225,Barnes VOR-TX 338 Winchester Magnum 225gr TSX BT Rifle Ammo - 20 Rounds,Lead-Free,In Stock,67.49,20,3.374,7.16876E+11,21542,1255334,Triple Shock Boat Tail,2800,3918,,,https://www.sportsmans.com/shooting-gear-gun-supplies/ammunition-ammo-for-hunting-shooting-sports/rifle-ammo-hunting-shooting-sports/barnes-vor-tx-338-winchester-magnum-225gr-tsx-bt-rifle-ammo-20-rounds/p/1255334
7/21/2026,Sportsmans,Barnes,338 Win Mag,210,Buffalo Bore Ammunition Buffalo-Barnes Premium 338 Winchester Magnum 210Gr Rifle Ammo - 20 Rounds,Lead-Free,In Stock,99.99,20,4.999,6.51815E+11,52D20,1815044,Barnes Tipped TSX Lead Free,3000,4196,,,https://www.sportsmans.com/shooting-gear-gun-supplies/ammunition-ammo-for-hunting-shooting-sports/rifle-ammo-hunting-shooting-sports/buffalo-bore-ammunition-buffalo-barnes-premium-338-winchester-magnum-210gr-rifle-ammo-20-rounds/p/1815044
7/21/2026,Sportsmans,Barnes,338 Win Mag,225,Buffalo Bore Ammunition Buffalo-Barnes Premium 338 Winchester Magnum 225Gr Rifle Ammo - 20 Rounds,Lead-Free,Out of Stock,54.99,20,2.75,6.51815E+11,41A20,1815045,Barnes Tipped TSX Lead Free,3000,4196,,,https://www.sportsmans.com/shooting-gear-gun-supplies/ammunition-ammo-for-hunting-shooting-sports/rifle-ammo-hunting-shooting-sports/buffalo-bore-ammunition-buffalo-barnes-premium-338-winchester-magnum-225gr-rifle-ammo-20-rounds/p/1815045
7/21/2026,Sportsmans,Nosler,338 Win Mag,250,Nosler Trophy Grade 338 Winchester Magnum 250gr Accubond Rifle Ammo - 20 Rounds,Lead-Core,Out of Stock,109.99,20,5.499,54041600866,60086,1370553,AccuBond,2650,3897,,,https://www.sportsmans.com/shooting-gear-gun-supplies/ammunition-ammo-for-hunting-shooting-sports/rifle-ammo-hunting-shooting-sports/nosler-trophy-grade-338-winchester-magnum-250gr-accubond-rifle-ammo-20-rounds/p/1370553
7/21/2026,Sportsmans,Nosler,338 Win Mag,225,Nosler Trophy Grade 338 Winchester Magnum 225gr Accubond Rifle Ammo - 20 Rounds,Lead-Core,In Stock,109.99,20,5.499,54041600743,60074,1750263,Accubond,2750,3777,,,https://www.sportsmans.com/shooting-gear-gun-supplies/ammunition-ammo-for-hunting-shooting-sports/rifle-ammo-hunting-shooting-sports/nosler-trophy-grade-338-winchester-magnum-225gr-accubond-rifle-ammo-20-rounds/p/1750263
7/21/2026,Sportsmans,Nosler,338 Win Mag,250,Nosler Trophy Grade 338 Winchester Magnum 250gr Partition Rifle Ammo - 20 Rounds,Lead-Core,In Stock,109.99,20,5.499,54041600828,60082,1750264,Full Metal Jacket Soft Point,2600,3751,,,https://www.sportsmans.com/shooting-gear-gun-supplies/ammunition-ammo-for-hunting-shooting-sports/rifle-ammo-hunting-shooting-sports/nosler-trophy-grade-338-winchester-magnum-250gr-partition-rifle-ammo-20-rounds/p/1750264
7/21/2026,Sportsmans,Nosler,338 Win Mag,210,Nosler 338 Winchester Magnum 210gr Partition Trophy Grade Rifle Ammo - 20 Rounds,Lead-Core,Out of Stock,109.99,20,5.499,54041610582,61058,1694314,,2950,4057,,,https://www.sportsmans.com/shooting-gear-gun-supplies/ammunition-ammo-for-hunting-shooting-sports/rifle-ammo-hunting-shooting-sports/nosler-338-winchester-magnum-210gr-partition-trophy-grade-rifle-ammo-20-rounds/p/1694314
7/21/2026,Sportsmans,Barnes,338 Win Mag,210,Barnes VOR-TX 338 Winchester Magnum 210gr TSX BT Rifle Ammo - 20 Rounds,Lead-Free,In Stock,73.99,20,3.699,7.16876E+11,21575,1269954,Triple Shock Boat Tail,2865,3828,,,https://www.sportsmans.com/shooting-gear-gun-supplies/ammunition-ammo-for-hunting-shooting-sports/rifle-ammo-hunting-shooting-sports/barnes-vor-tx-338-winchester-magnum-210gr-tsx-bt-rifle-ammo-20-rounds/p/1269954
7/21/2026,Sportsmans,Nosler,338 Win Mag,225,Nosler Expansion Tip 338 Winchester Magnum 225gr E-Tip Rifle Ammo - 20 Rounds,Lead-Free,Out of Stock,94.99,20,4.749,54041401548,40154,1750167,E-Tip,2750,3778,,,https://www.sportsmans.com/shooting-gear-gun-supplies/ammunition-ammo-for-hunting-shooting-sports/rifle-ammo-hunting-shooting-sports/nosler-expansion-tip-338-winchester-magnum-225gr-e-tip-rifle-ammo-20-rounds/p/1750167
7/21/2026,Sportsmans,Nosler,338 Win Mag,250,Federal Premium Vital Shok 338 Winchester Magnum 250gr Nosler Partition Rifle Ammo - 20 Rounds,Lead-Core,Out of Stock,83.99,20,4.199,29465084837,P338B2,304490,Nosler Partion,2660,3927,,,https://www.sportsmans.com/shooting-gear-gun-supplies/ammunition-ammo-for-hunting-shooting-sports/rifle-ammo-hunting-shooting-sports/federal-premium-vital-shok-338-winchester-magnum-250gr-nosler-partition-rifle-ammo-20-rounds/p/304490
7/21/2026,Sportsmans,Winchester,338 Win Mag,160,DoubleTap Longrange 338 Winchester Magnum 160gr TSX Rifle Ammo - 20 Rounds,Lead-Free,Out of Stock,73.99,20,3.699,13964487879,338W160X,1541133,Barnes Tipped TSX Lead Free,3275,3811,,,https://www.sportsmans.com/shooting-gear-gun-supplies/ammunition-ammo-for-hunting-shooting-sports/rifle-ammo-hunting-shooting-sports/doubletap-longrange-338-winchester-magnum-160gr-tsx-rifle-ammo-20-rounds/p/1541133
7/21/2026,Sportsmans,Barnes,338 Win Mag,225,Buffalo Bore Barnes TSX Premium Supercharged 338 Winchester Magnum 225gr Jacketed Hollow Point Rifle Ammo - 20 Rounds,Lead-Free,Out of Stock,99.99,20,4.999,6.51815E+11,52B/20,1658487,Hollow Point,2900,,,,https://www.sportsmans.com/shooting-gear-gun-supplies/ammunition-ammo-for-hunting-shooting-sports/rifle-ammo-hunting-shooting-sports/buffalo-bore-barnes-tsx-premium-supercharged-338-winchester-magnum-225gr-jacketed-hollow-point-rifle-ammo-20-rounds/p/1658487
7/21/2026,Sportsmans,Winchester,338 Win Mag,250,Choice Ammunition 338 Winchester Magnum 250gr Swift A-Frame Rifle Ammo - 20 Rounds,Lead-Core,Out of Stock,84.99,20,4.249,6.11166E+11,250SWIFTA338WIN20,1542553,Swift A-Frame,2700,,,,https://www.sportsmans.com/shooting-gear-gun-supplies/ammunition-ammo-for-hunting-shooting-sports/rifle-ammo-hunting-shooting-sports/choice-ammunition-338-winchester-magnum-250gr-swift-a-frame-rifle-ammo-20-rounds/p/1542553
7/21/2026,Sportsmans,Winchester,338 Win Mag,225,Winchester Supreme Accubond 338 Winchester Magnum 225gr Rifle Ammo - 20 Rounds,Lead-Core,Out of Stock,99.99,338,0.296,20892214484,S338CT,1016184,Polymer Tip,2800,,,,https://www.sportsmans.com/shooting-gear-gun-supplies/ammunition-ammo-for-hunting-shooting-sports/rifle-ammo-hunting-shooting-sports/winchester-supreme-accubond-338-winchester-magnum-225gr-rifle-ammo-20-rounds/p/1016184
7/21/2026,Sportsmans,Winchester,338 Win Mag,225,Armscor 338 Winchester Magnum 225gr AccuBond Rifle Ammo - 20 Rounds,Lead-Core,Out of Stock,66.99,20,3.349,8.12285E+11,F AC338MAG-225GR-AB,1676198,AccuBond,2650,,,,https://www.sportsmans.com/shooting-gear-gun-supplies/ammunition-ammo-for-hunting-shooting-sports/rifle-ammo-hunting-shooting-sports/armscor-338-winchester-magnum-225gr-accubond-rifle-ammo-20-rounds/p/1676198
7/21/2026,Sportsmans,Winchester,338 Win Mag,250,DoubleTap Safari 338 Winchester Magnum 250gr CT Partition Gold Rifle Ammo - 20 Rounds,Lead-Core,Out of Stock,66.99,20,3.349,91037349187,338W250GP,1371941,CT Partition Gold,,,,,https://www.sportsmans.com/shooting-gear-gun-supplies/ammunition-ammo-for-hunting-shooting-sports/rifle-ammo-hunting-shooting-sports/doubletap-safari-338-winchester-magnum-250gr-ct-partition-gold-rifle-ammo-20-rounds/p/1371941
7/21/2026,Sportsmans,Barnes,338 Win Mag,250,Buffalo Bore Barnes TSX Premium Supercharged 338 Winchester Magnum 250gr Jacketed Hollow Point Rifle Ammo - 20 Rounds,Lead-Free,Out of Stock,99.99,20,4.999,6.51815E+11,52A/20,1658486,Hollow Point,2750,4197,,,https://www.sportsmans.com/shooting-gear-gun-supplies/ammunition-ammo-for-hunting-shooting-sports/rifle-ammo-hunting-shooting-sports/buffalo-bore-barnes-tsx-premium-supercharged-338-winchester-magnum-250gr-jacketed-hollow-point-rifle-ammo-20-rounds/p/1658486
7/21/2026,Sportsmans,Nosler,338 Win Mag,225,Choice Ammunition 338 Winchester Magnum 225gr Nosler Accubond Rifle Ammo - 20 Rounds,Lead-Core,Out of Stock,89.99,20,4.499,6.11166E+11,225ACCU338WIN20,1542552,Nosler Accubond,2850,,,,https://www.sportsmans.com/shooting-gear-gun-supplies/ammunition-ammo-for-hunting-shooting-sports/rifle-ammo-hunting-shooting-sports/choice-ammunition-338-winchester-magnum-225gr-nosler-accubond-rifle-ammo-20-rounds/p/1542552
7/21/2026,Sportsmans,Winchester,338 Win Mag,300,HSM Trophy Gold 338 Winchester Magnum 300Gr BHTOTM Rifle Ammo - 20 Rounds,Lead-Core,Out of Stock,79.99,20,3.999,8.37306E+11,338WM300OTM,1815463,Berger Hybrid Tactical Open Tip Match (BHTOTM),2400,3838,,,https://www.sportsmans.com/shooting-gear-gun-supplies/ammunition-ammo-for-hunting-shooting-sports/rifle-ammo-hunting-shooting-sports/hsm-trophy-gold-338-winchester-magnum-300gr-bhtotm-rifle-ammo-20-rounds/p/1815463
7/21/2026,Sportsmans,Federal,30-06 Springfield,165,Federal Premium 30-06 Springfield 165gr Swift Scirocco II Rifle Ammo - 20 Rounds,Lead-Core,In Stock,34.77,20,1.739,6.04545E+11,P3006SS1,1658528,Scirocco,2800,2872,,,https://www.sportsmans.com/shooting-gear-gun-supplies/ammunition-ammo-for-hunting-shooting-sports/rifle-ammo-hunting-shooting-sports/federal-premium-30-06-springfield-165gr-swift-scirocco-ii-rifle-ammo-20-rounds/p/1658528
7/21/2026,Sportsmans,Fiocchi,30-06 Springfield,150,Fiocchi Training Dynamics 30-06 Springfield 150gr FMJ BT Rifle Ammo - 20 Rounds,Lead-Core,In Stock,33.99,20,1.7,7.62345E+11,3006A,1656679,Full Metal Jacket Boat Tail,3000,2997,,,https://www.sportsmans.com/shooting-gear-gun-supplies/ammunition-ammo-for-hunting-shooting-sports/rifle-ammo-hunting-shooting-sports/fiocchi-training-dynamics-30-06-springfield-150gr-fmj-bt-rifle-ammo-20-rounds/p/1656679
7/21/2026,Sportsmans,Hornady,30-06 Springfield,150,Hornady American Whitetail 30-06 Springfield 150gr Interlock SP Rifle Ammo - 20 Rounds,Lead-Core,In Stock,34.99,20,1.75,90255381085,8108,1372027,Interlock Soft Point,2910,2820,,,https://www.sportsmans.com/shooting-gear-gun-supplies/ammunition-ammo-for-hunting-shooting-sports/rifle-ammo-hunting-shooting-sports/hornady-american-whitetail-30-06-springfield-150gr-interlock-sp-rifle-ammo-20-rounds/p/1372027
7/21/2026,Sportsmans,Federal,30-06 Springfield,150,Federal Power-Shok 30-06 Springfield 150gr SP Rifle Ammo - 20 Rounds,Lead-Core,In Stock,34.99,20,1.75,29465084578,3006A,307031,Soft Point,2910,2820,,,https://www.sportsmans.com/shooting-gear-gun-supplies/ammunition-ammo-for-hunting-shooting-sports/rifle-ammo-hunting-shooting-sports/federal-power-shok-30-06-springfield-150gr-sp-rifle-ammo-20-rounds/p/307031
7/21/2026,Sportsmans,Federal,30-06 Springfield,180,Federal Power-Shok 30-06 Springfield 180gr SP Rifle Ammo - 20 Rounds,Lead-Core,In Stock,34.99,20,1.75,29465084585,3006B,307032,Soft Point,2700,2913,,,https://www.sportsmans.com/shooting-gear-gun-supplies/ammunition-ammo-for-hunting-shooting-sports/rifle-ammo-hunting-shooting-sports/federal-power-shok-30-06-springfield-180gr-sp-rifle-ammo-20-rounds/p/307032
7/21/2026,Sportsmans,Federal,30-06 Springfield,180,Federal Fusion 30-06 Springfield 180gr Fusion SP Rifle Ammo - 20 Rounds,Lead-Core,In Stock,42.99,20,2.15,29465097998,F3006FS3,1106205,Fusion Soft Point,2700,2914,,,https://www.sportsmans.com/shooting-gear-gun-supplies/ammunition-ammo-for-hunting-shooting-sports/rifle-ammo-hunting-shooting-sports/federal-fusion-30-06-springfield-180gr-fusion-sp-rifle-ammo-20-rounds/p/1106205
7/21/2026,Sportsmans,Federal,30-06 Springfield,165,Federal Fusion 30-06 Springfield 165gr Fusion SP Rifle Ammo - 20 Rounds,Lead-Core,In Stock,42.99,20,2.15,29465097981,F3006FS2,1106195,Fusion Soft Point,2790,2790,,,https://www.sportsmans.com/shooting-gear-gun-supplies/ammunition-ammo-for-hunting-shooting-sports/rifle-ammo-hunting-shooting-sports/federal-fusion-30-06-springfield-165gr-fusion-sp-rifle-ammo-20-rounds/p/1106195
7/21/2026,Sportsmans,Hornady,30-06 Springfield,150,Hornady Superformance 30-06 Springfield 150gr SST Rifle Ammo - 20 Rounds,Lead-Core,In Stock,52.99,20,2.65,90255810936,81093,1243049,Super Shock Tip,3080,3159,,,https://www.sportsmans.com/shooting-gear-gun-supplies/ammunition-ammo-for-hunting-shooting-sports/rifle-ammo-hunting-shooting-sports/hornady-superformance-30-06-springfield-150gr-sst-rifle-ammo-20-rounds/p/1243049
7/21/2026,Sportsmans,Hornady,30-06 Springfield,165,Hornady Superformance 30-06 Springfield 165gr SST Rifle Ammo - 20 Rounds,Lead-Core,In Stock,52.99,20,2.65,90255811537,81153,1243050,Super Shock Tip,2960,3209,,,https://www.sportsmans.com/shooting-gear-gun-supplies/ammunition-ammo-for-hunting-shooting-sports/rifle-ammo-hunting-shooting-sports/hornady-superformance-30-06-springfield-165gr-sst-rifle-ammo-20-rounds/p/1243050
7/21/2026,Sportsmans,Hornady,30-06 Springfield,165,HSM Tipping Point 30-06 Springfield 165gr SST Rifle Ammo - 20 Rounds,Lead-Core,In Stock,44.99,20,2.25,8.10742E+11,300646N,1815442,Hornady SST,2749,2768,,,https://www.sportsmans.com/shooting-gear-gun-supplies/ammunition-ammo-for-hunting-shooting-sports/rifle-ammo-hunting-shooting-sports/hsm-tipping-point-30-06-springfield-165gr-sst-rifle-ammo-20-rounds/p/1815442
7/21/2026,Sportsmans,Winchester,30-06 Springfield,150,Winchester Super-X 30-06 Springfield 150gr PP Rifle Ammo - 20 Rounds,Lead-Core,In Stock,34.99,20,1.75,20892200111,X30061,307761,Power Point,2920,2839,,,https://www.sportsmans.com/shooting-gear-gun-supplies/ammunition-ammo-for-hunting-shooting-sports/rifle-ammo-hunting-shooting-sports/winchester-super-x-30-06-springfield-150gr-pp-rifle-ammo-20-rounds/p/307761
7/21/2026,Sportsmans,Winchester,30-06 Springfield,165,Winchester Super-X 30-06 Springfield 165gr PP Rifle Ammo - 20 Rounds,Lead-Core,In Stock,34.99,20,1.75,20892200760,X30065,307774,Power Point,2800,2673,,,https://www.sportsmans.com/shooting-gear-gun-supplies/ammunition-ammo-for-hunting-shooting-sports/rifle-ammo-hunting-shooting-sports/winchester-super-x-30-06-springfield-165gr-pp-rifle-ammo-20-rounds/p/307774
7/21/2026,Sportsmans,Winchester,30-06 Springfield,180,Winchester Super-X 30-06 Springfield 180gr PP Rifle Ammo - 20 Rounds,Lead-Core,In Stock,34.99,20,1.75,20892200104,X30064,307772,Power Point,2700,2913,,,https://www.sportsmans.com/shooting-gear-gun-supplies/ammunition-ammo-for-hunting-shooting-sports/rifle-ammo-hunting-shooting-sports/winchester-super-x-30-06-springfield-180gr-pp-rifle-ammo-20-rounds/p/307772
7/21/2026,Sportsmans,Remington,30-06 Springfield,165,Remington Core-Lokt 30-06 Springfield 165gr PSP Rifle Ammo - 20 Rounds,Lead-Core,In Stock,34.99,20,1.75,47700055206,R3006B,315915,Pointed Soft Point,2800,2872,,,https://www.sportsmans.com/shooting-gear-gun-supplies/ammunition-ammo-for-hunting-shooting-sports/rifle-ammo-hunting-shooting-sports/remington-core-lokt-30-06-springfield-165gr-psp-rifle-ammo-20-rounds/p/315915
7/21/2026,Sportsmans,Remington,30-06 Springfield,180,Remington Core-Lokt 30-06 Springfield 180gr PSP Rifle Ammo - 20 Rounds,Lead-Core,In Stock,34.99,20,1.75,47700054902,R30065,315914,Pointed Soft Point,2700,2913,,,https://www.sportsmans.com/shooting-gear-gun-supplies/ammunition-ammo-for-hunting-shooting-sports/rifle-ammo-hunting-shooting-sports/remington-core-lokt-30-06-springfield-180gr-psp-rifle-ammo-20-rounds/p/315914
7/21/2026,Sportsmans,Remington,30-06 Springfield,150,Remington Core-Lokt 30-06 Springfield 150gr PSP Rifle Ammo - 20 Rounds,Lead-Core,In Stock,34.99,20,1.75,47700054605,R30062,315913,Pointed Soft Point,2910,2820,,,https://www.sportsmans.com/shooting-gear-gun-supplies/ammunition-ammo-for-hunting-shooting-sports/rifle-ammo-hunting-shooting-sports/remington-core-lokt-30-06-springfield-150gr-psp-rifle-ammo-20-rounds/p/315913
7/21/2026,Sportsmans,Nosler,30-06 Springfield,180,Federal Premium Vital Shok 30-06 Springfield 180gr Nosler Partition Rifle Ammo - 20 Rounds,Lead-Core,In Stock,39.97,20,1.998,29465084691,P3006F,304459,Nosler Partition,2700,2913,,,https://www.sportsmans.com/shooting-gear-gun-supplies/ammunition-ammo-for-hunting-shooting-sports/rifle-ammo-hunting-shooting-sports/federal-premium-vital-shok-30-06-springfield-180gr-nosler-partition-rifle-ammo-20-rounds/p/304459
7/21/2026,Sportsmans,Barnes,30-06 Springfield,180,Barnes Bullets Harvest Collection 30-06 Springfield 180gr Sierra TGK Rifle Ammo - 20 Rounds,Lead-Free,In Stock,49.49,20,2.474,7.16877E+11,32403,1935128,Sierra Tipped GameKing,2760,3044,,,https://www.sportsmans.com/shooting-gear-gun-supplies/ammunition-ammo-for-hunting-shooting-sports/rifle-ammo-hunting-shooting-sports/barnes-bullets-harvest-collection-30-06-springfield-180gr-sierra-tgk-rifle-ammo-20-rounds/p/1935128
7/21/2026,Sportsmans,Federal,30-06 Springfield,175,Federal Premium 30-06 Springfield 175gr TA Rifle Ammo - 20 Rounds,Lead-Core,In Stock,47.69,20,2.385,6.04545E+11,P3006TA1,1689738,Terminal Ascent,2730,2896,,,https://www.sportsmans.com/shooting-gear-gun-supplies/ammunition-ammo-for-hunting-shooting-sports/rifle-ammo-hunting-shooting-sports/federal-premium-30-06-springfield-175gr-ta-rifle-ammo-20-rounds/p/1689738
7/21/2026,Sportsmans,Barnes,30-06 Springfield,165,Federal Barnes TSX 30-06 Springfield 165gr Rifle Ammo - 20 Rounds,Lead-Free,In Stock,56.99,20,2.849,29465098537,P3006AF,1137386,Hollow Point,2800,,,,https://www.sportsmans.com/shooting-gear-gun-supplies/ammunition-ammo-for-hunting-shooting-sports/rifle-ammo-hunting-shooting-sports/federal-barnes-tsx-30-06-springfield-165gr-rifle-ammo-20-rounds/p/1137386
7/21/2026,Sportsmans,Nosler,30-06 Springfield,180,Nosler Trophy Grade 30-06 Springfield 180gr Accubond Rifle Ammo - 20 Rounds,Lead-Core,In Stock,69.99,20,3.499,54041461344,46134,1401982,AccuBond,2750,3022,,,https://www.sportsmans.com/shooting-gear-gun-supplies/ammunition-ammo-for-hunting-shooting-sports/rifle-ammo-hunting-shooting-sports/nosler-trophy-grade-30-06-springfield-180gr-accubond-rifle-ammo-20-rounds/p/1401982
7/21/2026,Sportsmans,Fiocchi,30-06 Springfield,165,Fiocchi Field Dynamics 30-06 Springfield 165gr SCR Rifle Ammo - 20 Rounds,Lead-Core,In Stock,49.99,20,2.5,7.62345E+11,3006SCA,1656678,Scirocco,2875,3028,,,https://www.sportsmans.com/shooting-gear-gun-supplies/ammunition-ammo-for-hunting-shooting-sports/rifle-ammo-hunting-shooting-sports/fiocchi-field-dynamics-30-06-springfield-165gr-scr-rifle-ammo-20-rounds/p/1656678
7/21/2026,Sportsmans,Sig Sauer,30-06 Springfield,165,Sig Sauer Venari SP 30-06 Springfield 165gr Soft Point Centerfire Rifle Ammo - 20 Rounds,Lead-Core,In Stock,39.99,20,2,7.98682E+11,V3006SP165-20,1803650,Soft Point,2900,3081,,,https://www.sportsmans.com/shooting-gear-gun-supplies/ammunition-ammo-for-hunting-shooting-sports/rifle-ammo-hunting-shooting-sports/sig-sauer-venari-sp-30-06-springfield-165gr-soft-point-centerfire-rifle-ammo-20-rounds/p/1803650
7/21/2026,Sportsmans,Remington,30-06 Springfield,150,Remington UMC 30-06 Springfield 150gr FMJ Rifle Ammo - 20 Rounds,Lead-Core,In Stock,30.99,20,1.549,47700170701,*L30062,1179246,Full Metal Jacket,2910,,,,https://www.sportsmans.com/shooting-gear-gun-supplies/ammunition-ammo-for-hunting-shooting-sports/rifle-ammo-hunting-shooting-sports/remington-umc-30-06-springfield-150gr-fmj-rifle-ammo-20-rounds/p/1179246
7/21/2026,Sportsmans,Federal,30-06 Springfield,168,Federal Gold Medal 30-06 Springfield 168gr Sierra MatchKing BTHP Rifle Ammo - 20 Rounds,Lead-Core,In Stock,44.99,20,2.25,29465089344,GM3006M,306993,Sierra MatchKing Boat-Tail Hollow Point,2700,2719,,,https://www.sportsmans.com/shooting-gear-gun-supplies/ammunition-ammo-for-hunting-shooting-sports/rifle-ammo-hunting-shooting-sports/federal-gold-medal-30-06-springfield-168gr-sierra-matchking-bthp-rifle-ammo-20-rounds/p/306993
7/21/2026,Sportsmans,Federal,30-06 Springfield,150,Federal American Eagle 30-06 Springfield 150gr JHP Rifle Ammo - 20 Rounds,Lead-Core,In Stock,37.99,20,1.9,29465085322,*AE3006N,306967,Jacketed Hollow Point,2910,2820,,,https://www.sportsmans.com/shooting-gear-gun-supplies/ammunition-ammo-for-hunting-shooting-sports/rifle-ammo-hunting-shooting-sports/federal-american-eagle-30-06-springfield-150gr-jhp-rifle-ammo-20-rounds/p/306967
7/21/2026,Sportsmans,Winchester,30-06 Springfield,150,Winchester Ballistic Silvertip 30-06 Springfield 150gr Ballistic Silvertip Rifle Ammo - 20 Rounds,Lead-Core,In Stock,44.99,20,2.25,20892210288,SBST3006,300738,Ballistic Silvertip,2900,2801,,,https://www.sportsmans.com/shooting-gear-gun-supplies/ammunition-ammo-for-hunting-shooting-sports/rifle-ammo-hunting-shooting-sports/winchester-ballistic-silvertip-30-06-springfield-150gr-ballistic-silvertip-rifle-ammo-20-rounds/p/300738
7/21/2026,Sportsmans,Hornady,30-06 Springfield,165,Hornady CX Superformance 30-06 Springfield 165gr CX SPF Rifle Ammo - 20 Rounds,Lead-Free,In Stock,59.99,20,3,90255811698,81169,1728356,CX SPF,2940,3167,,,https://www.sportsmans.com/shooting-gear-gun-supplies/ammunition-ammo-for-hunting-shooting-sports/rifle-ammo-hunting-shooting-sports/hornady-cx-superformance-30-06-springfield-165gr-cx-spf-rifle-ammo-20-rounds/p/1728356
7/21/2026,Sportsmans,Hornady,30-06 Springfield,180,Hornady Outfitter 30-06 Springfield 180gr CX Rifle Ammo - 20 Rounds,Lead-Free,In Stock,56.99,20,2.849,90255719857,811644,1728339,Full Metal Jacket Tipped,2600,2702,,,https://www.sportsmans.com/shooting-gear-gun-supplies/ammunition-ammo-for-hunting-shooting-sports/rifle-ammo-hunting-shooting-sports/hornady-cx-outfitter-30-06-springfield-180gr-rifle-ammo-20-rounds/p/1728339
7/21/2026,Sportsmans,Remington,30-06 Springfield,220,Remington Core-Lokt 30-06 Springfield 220gr Rifle Ammo - 20 Rounds,Lead-Core,In Stock,39.99,20,2,47700055107,R27830,1568697,,2410,,,,https://www.sportsmans.com/shooting-gear-gun-supplies/ammunition-ammo-for-hunting-shooting-sports/rifle-ammo-hunting-shooting-sports/remington-core-lokt-30-06-springfield-220gr-rifle-ammo-20-rounds/p/1568697
7/21/2026,Sportsmans,Remington,30-06 Springfield,180,Remington Premier 30-06 Springfield 180gr Swift Scirocco Bonded Centerfire Rifle Ammo - 20 Rounds,Lead-Core,In Stock,60.99,20,3.05,,,1110083,Swift Scirocco Bonded,2700,2913,,,https://www.sportsmans.com/shooting-gear-gun-supplies/ammunition-ammo-for-hunting-shooting-sports/rifle-ammo-hunting-shooting-sports/remington-premier-30-06-springfield-180gr-swift-scirocco-bonded-centerfire-rifle-ammo-20-rounds/p/1110083
7/21/2026,Sportsmans,Federal,30-06 Springfield,180,Federal Premium MeatEater 30-06 Springfield 180gr Trophy Copper Rifle Ammo - 20 Rounds,Lead-Free,In Stock,52.99,20,2.65,29465063535,P3006TC1,1369157,Trophy Copper,2700,2913,,,https://www.sportsmans.com/shooting-gear-gun-supplies/ammunition-ammo-for-hunting-shooting-sports/rifle-ammo-hunting-shooting-sports/federal-premium-meateater-30-06-springfield-180gr-trophy-copper-rifle-ammo-20-rounds/p/1369157
7/21/2026,Sportsmans,Hornady,30-06 Springfield,168,HSM Trophy Gold 30-06 Springfield 168gr VLD Rifle Ammo - 20 Rounds,Lead-Core,In Stock,57.99,20,2.9,8.37306E+11,3006168VLD,1243065,Very Low Drag,2808,2942,,,https://www.sportsmans.com/shooting-gear-gun-supplies/ammunition-ammo-for-hunting-shooting-sports/rifle-ammo-hunting-shooting-sports/hsm-trophy-gold-30-06-springfield-168gr-vld-rifle-ammo-20-rounds/p/1243065
7/21/2026,Sportsmans,Federal,30-06 Springfield,150,Federal Fusion 30-06 Springfield 150gr Fusion SP Rifle Ammo - 20 Rounds,Lead-Core,In Stock,42.99,20,2.15,29465097974,F3006FS1,1106194,Fusion Soft Point,2900,,,,https://www.sportsmans.com/shooting-gear-gun-supplies/ammunition-ammo-for-hunting-shooting-sports/rifle-ammo-hunting-shooting-sports/federal-fusion-30-06-springfield-150gr-fusion-sp-rifle-ammo-20-rounds/p/1106194
7/21/2026,Sportsmans,Remington,30-06 Springfield,180,Remington Core-Lokt 30-06 Springfield 180gr Rifle Ammo - 20 Rounds,Lead-Core,In Stock,34.99,20,1.75,47700054803,21407,1568696,,2700,,,,https://www.sportsmans.com/shooting-gear-gun-supplies/ammunition-ammo-for-hunting-shooting-sports/rifle-ammo-hunting-shooting-sports/remington-core-lokt-30-06-springfield-180gr-rifle-ammo-20-rounds/p/1568696
7/21/2026,Sportsmans,Remington,30-06 Springfield,180,Remington Big Game 30-06 Springfield 180gr Core-Lokt Tipped Centerfire Rifle Ammo - 20 Rounds,Lead-Core,In Stock,39.99,20,2,47700417806,29037,1721057,Core,2745,3011,,,https://www.sportsmans.com/shooting-gear-gun-supplies/ammunition-ammo-for-hunting-shooting-sports/rifle-ammo-hunting-shooting-sports/remington-big-game-30-06-springfield-180gr-core-lokt-centerfire-rifle-ammo-20-rounds/p/1721057
7/21/2026,Sportsmans,Hornady,30-06 Springfield,165,Hornady American Whitetail Tipped 30-06 Springfield 165gr SST/FTX Rifle Ammo - 20 Rounds,Lead-Core,In Stock,37.99,20,1.9,90255811513,81151,1981043,SST/FTX,2900,3081,,,https://www.sportsmans.com/shooting-gear-gun-supplies/ammunition-ammo-for-hunting-shooting-sports/rifle-ammo-hunting-shooting-sports/hornady-american-whitetail-tipped-30-06-springfield-165gr-sstftx-rifle-ammo-20-rounds/p/1981043
7/21/2026,Sportsmans,Remington,30-06 Springfield,150,Remington Core-Lokt Copper 30-06 Springfield 150gr Copper HP Rifle Ammo - 20 Rounds,Lead-Free,In Stock,49.99,20,2.5,47700278537,R27853,1816123,Copper Hollow Point,2910,2820,,,https://www.sportsmans.com/shooting-gear-gun-supplies/ammunition-ammo-for-hunting-shooting-sports/rifle-ammo-hunting-shooting-sports/remington-core-lokt-copper-30-06-springfield-150gr-copper-hp-rifle-ammo-20-rounds/p/1816123
7/21/2026,Sportsmans,Nosler,30-06 Springfield,165,Nosler Whitetail Country 30-06 Springfield 165gr Solid Base Rifle Ammo - 20 Rounds,Lead-Free,In Stock,44.99,20,2.25,54041401258,40125,1916957,Solid Base,2900,3081,,,https://www.sportsmans.com/shooting-gear-gun-supplies/ammunition-ammo-for-hunting-shooting-sports/nosler-whitetail-country-30-06-springfield-165gr-solid-base-rifle-ammo-20-rounds/p/1916957
7/21/2026,Sportsmans,Federal,30-06 Springfield,150,Federal Power Shok 30-06 Springfield 150GR CHP Rifle Ammo - 20 Rounds,Lead-Free,In Stock,47.99,20,2.4,6.04545E+11,3006150LFA,1629190,Copper Hollow Point,2910,2820,,,https://www.sportsmans.com/shooting-gear-gun-supplies/ammunition-ammo-for-hunting-shooting-sports/rifle-ammo-hunting-shooting-sports/federal-power-shok-30-06-springfield-150gr-chp-rifle-ammo-20-rounds/p/1629190
7/21/2026,Sportsmans,Hornady,30-06 Springfield,180,Hornady American Whitetail 30-06 Springfield 180gr Interlock SP Rifle Ammo - 20 Rounds,Lead-Core,In Stock,34.99,20,1.75,90255810844,81084,1492036,Interlock Soft Point,2700,2913,,,https://www.sportsmans.com/shooting-gear-gun-supplies/ammunition-ammo-for-hunting-shooting-sports/rifle-ammo-hunting-shooting-sports/hornady-american-whitetail-30-06-springfield-180gr-interlock-sp-rifle-ammo-20-rounds/p/1492036
7/21/2026,Sportsmans,Hornady,30-06 Springfield,178,Hornady Precision Hunter 30-06 Springfield 178gr ELD-X Rifle Ammo - 20 Rounds,Lead-Core,In Stock,49.99,20,2.5,90255811742,81174,1428407,Extremely Low Drag Expanding,2750,2989,,,https://www.sportsmans.com/shooting-gear-gun-supplies/ammunition-ammo-for-hunting-shooting-sports/rifle-ammo-hunting-shooting-sports/hornady-precision-hunter-30-06-springfield-178gr-eld-x-rifle-ammo-20-rounds/p/1428407
7/21/2026,Sportsmans,Winchester,30-06 Springfield,150,Winchester Copper Impact 30-06 Springfield 150gr Extreme Point Rifle Ammo - 20 Rounds,Lead-Free,In Stock,48.99,20,2.45,20892224247,X3006cLF,1500113,Extreme Point,2920,2839,,,https://www.sportsmans.com/shooting-gear-gun-supplies/ammunition-ammo-for-hunting-shooting-sports/rifle-ammo-hunting-shooting-sports/winchester-deer-season-xp-copper-impact-30-06-springfield-150gr-copper-xp-rifle-ammo-20-rounds/p/1500113
7/21/2026,Sportsmans,Barnes,30-06 Springfield,150,Barnes VOR-TX 30-06 Springfield 150gr TSX BT Rifle Ammo - 20 Rounds,Lead-Free,Out of Stock,52.19,20,2.609,7.16876E+11,21531,1255326,Triple Shock Boat Tail,3000,2998,,,https://www.sportsmans.com/shooting-gear-gun-supplies/ammunition-ammo-for-hunting-shooting-sports/rifle-ammo-hunting-shooting-sports/barnes-vor-tx-30-06-springfield-150gr-tsx-bt-rifle-ammo-20-rounds/p/1255326
7/21/2026,Sportsmans,Barnes,30-06 Springfield,168,Barnes VOR-TX 30-06 Springfield 168gr TSX BT Rifle Ammo - 20 Rounds,Lead-Free,In Stock,52.19,20,2.609,7.16876E+11,21565,1269946,Triple Shock Boat Tail,2850,3031,,,https://www.sportsmans.com/shooting-gear-gun-supplies/ammunition-ammo-for-hunting-shooting-sports/rifle-ammo-hunting-shooting-sports/barnes-vor-tx-30-06-springfield-168gr-tsx-bt-rifle-ammo-20-rounds/p/1269946
7/21/2026,Sportsmans,Barnes,30-06 Springfield,180,Barnes VOR-TX 30-06 Springfield 180gr TSX BT Rifle Ammo - 20 Rounds,Lead-Free,In Stock,52.19,20,2.609,7.16876E+11,21533,1255327,Triple Shock Boat Tail,2750,3023,,,https://www.sportsmans.com/shooting-gear-gun-supplies/ammunition-ammo-for-hunting-shooting-sports/rifle-ammo-hunting-shooting-sports/barnes-vor-tx-30-06-springfield-180gr-tsx-bt-rifle-ammo-20-rounds/p/1255327
7/21/2026,Sportsmans,Nosler,30-06 Springfield,165,Federal Premium 30-06 Springfield 165gr Nosler Partition Rifle Ammo - 20 Rounds,Lead-Core,Out of Stock,39.97,20,1.998,29465096816,P3006AD,1015222,Nosler Partition,2830,2934,,,https://www.sportsmans.com/shooting-gear-gun-supplies/ammunition-ammo-for-hunting-shooting-sports/rifle-ammo-hunting-shooting-sports/federal-premium-30-06-springfield-165gr-nosler-partition-rifle-ammo-20-rounds/p/1015222
7/21/2026,Sportsmans,Winchester,30-06 Springfield,125,Winchester Super-X 30-06 Springfield 125gr PSP Rifle Ammo - 20 Rounds,Lead-Core,Out of Stock,36.77,20,1.839,20892200340,X30062,307766,Pointed Soft Point,3140,,,,https://www.sportsmans.com/shooting-gear-gun-supplies/ammunition-ammo-for-hunting-shooting-sports/rifle-ammo-hunting-shooting-sports/winchester-super-x-30-06-springfield-125gr-psp-rifle-ammo-20-rounds/p/307766
7/21/2026,Sportsmans,Nosler,30-06 Springfield,165,Federal Premium 30-06 Springfield 165gr Nosler Ballistic Tip Rifle Ammo - 20 Rounds,Lead-Core,Out of Stock,41.99,20,2.099,29465090319,P3006Q,304463,Nosler Ballistic Tip,2800,2872,,,https://www.sportsmans.com/shooting-gear-gun-supplies/ammunition-ammo-for-hunting-shooting-sports/rifle-ammo-hunting-shooting-sports/federal-premium-30-06-springfield-165gr-nosler-ballistic-tip-rifle-ammo-20-rounds/p/304463
7/21/2026,Sportsmans,Barnes,30-06 Springfield,168,Buffalo Bore Barnes 30-06 Springfield 168gr TTSX Rifle Ammo - 20 Rounds,Lead-Free,In Stock,69.99,20,3.499,6.51815E+11,40B/20,1732465,Barnes Tipped TSX,2900,3137,,,https://www.sportsmans.com/shooting-gear-gun-supplies/ammunition-ammo-for-hunting-shooting-sports/rifle-ammo-hunting-shooting-sports/buffalo-bore-barnes-30-06-springfield-168gr-ttsx-rifle-ammo-20-rounds/p/1732465
7/21/2026,Sportsmans,Fiocchi,30-06 Springfield,180,Fiocchi Hyperformance 30-06 Springfield 180gr SST Rifle Ammo - 20 Rounds,Lead-Core,In Stock,37.99,20,1.9,7.62345E+11,3006HSC,1815258,Super Shock Tip,2675,2860,,,https://www.sportsmans.com/shooting-gear-gun-supplies/ammunition-ammo-for-hunting-shooting-sports/rifle-ammo-hunting-shooting-sports/fiocchi-hyperformance-30-06-springfield-180gr-sst-rifle-ammo-20-rounds/p/1815258
7/21/2026,Sportsmans,Barnes,30-06 Springfield,180,Federal Barnes TSX 30-06 Springfield 180gr Rifle Ammo - 20 Rounds,Lead-Free,In Stock,56.99,20,2.849,29465097196,P3006AE,1118330,Hollow Point,2700,,,,https://www.sportsmans.com/shooting-gear-gun-supplies/ammunition-ammo-for-hunting-shooting-sports/rifle-ammo-hunting-shooting-sports/federal-barnes-tsx-30-06-springfield-180gr-rifle-ammo-20-rounds/p/1118330
7/21/2026,Sportsmans,Nosler,30-06 Springfield,165,Nosler Trophy Grade 30-06 Springfield 165gr Accubond Rifle Ammo - 20 Rounds,Lead-Core,In Stock,69.99,20,3.499,54041600576,60057,1234427,AccuBond,2800,2871,,,https://www.sportsmans.com/shooting-gear-gun-supplies/ammunition-ammo-for-hunting-shooting-sports/rifle-ammo-hunting-shooting-sports/nosler-trophy-grade-30-06-springfield-165gr-accubond-rifle-ammo-20-rounds/p/1234427
7/21/2026,Sportsmans,Nosler,30-06 Springfield,165,Nosler 30-06 Springfield 165gr Ballistic Tip Hunting Rifle Ammo - 20 Rounds,Lead-Core,In Stock,48.99,20,2.45,54041400435,40043,1750133,Ballistic Tip,2950,3188,,,https://www.sportsmans.com/shooting-gear-gun-supplies/ammunition-ammo-for-hunting-shooting-sports/rifle-ammo-hunting-shooting-sports/nosler-30-06-springfield-165gr-ballistic-tip-hunting-rifle-ammo-20-rounds/p/1750133
7/21/2026,Sportsmans,Nosler,30-06 Springfield,168,Nosler Trophy Grade Long Range 30-06 Springfield 168gr Accubond Rifle Ammo - 20 Rounds,Lead-Core,In Stock,69.99,20,3.499,54041601023,60102,1750283,Accubond,2800,2924,,,https://www.sportsmans.com/shooting-gear-gun-supplies/ammunition-ammo-for-hunting-shooting-sports/rifle-ammo-hunting-shooting-sports/nosler-trophy-grade-long-range-30-06-springfield-168gr-accubond-rifle-ammo-20-rounds/p/1750283
7/21/2026,Sportsmans,Nosler,30-06 Springfield,168,Nosler E-Tip Lead-Free 30-06 Springfield 168gr E-Tip Rifle Ammo - 20 Rounds,Lead-Free,In Stock,59.99,20,3,54041400367,40036,1496248,E-Tip,2800,2924,,,https://www.sportsmans.com/shooting-gear-gun-supplies/ammunition-ammo-for-hunting-shooting-sports/rifle-ammo-hunting-shooting-sports/nosler-e-tip-lead-free-30-06-springfield-168gr-e-tip-rifle-ammo-20-rounds/p/1496248
7/21/2026,Sportsmans,PPU,30-06 Springfield,180,PPU Standard Rifle 30-06 Springfield 180gr SP Rifle Ammo - 20 Rounds,Lead-Core,Out of Stock,29.99,20,1.499,8.605E+12,PP30063,1815853,Soft Point,2700,2913,,,https://www.sportsmans.com/shooting-gear-gun-supplies/ammunition-ammo-for-hunting-shooting-sports/rifle-ammo-hunting-shooting-sports/ppu-standard-rifle-30-06-springfield-180gr-sp-rifle-ammo-20-rounds/p/1815853
7/21/2026,Sportsmans,Nosler,30-06 Springfield,125,Nosler Ballistic Tip 30-06 Springfield 125gr Ballistic Tip Rifle Ammo - 20 Rounds,Lead-Core,In Stock,49.99,20,2.5,54041400688,40068,1402012,Ballistic Tip,3100,2667,,,https://www.sportsmans.com/shooting-gear-gun-supplies/ammunition-ammo-for-hunting-shooting-sports/rifle-ammo-hunting-shooting-sports/nosler-ballistic-tip-30-06-springfield-125gr-ballistic-tip-rifle-ammo-20-rounds/p/1402012
7/21/2026,Sportsmans,Nosler,30-06 Springfield,180,Nosler Ballistic Tip 30-06 Springfield 180gr Ballistic Tip Rifle Ammo - 20 Rounds,Lead-Core,Out of Stock,49.99,20,2.5,54041400725,40072,1402013,Ballistic Tip,2750,3022,,,https://www.sportsmans.com/shooting-gear-gun-supplies/ammunition-ammo-for-hunting-shooting-sports/rifle-ammo-hunting-shooting-sports/nosler-ballistic-tip-30-06-springfield-180gr-ballistic-tip-rifle-ammo-20-rounds/p/1402013
7/21/2026,Sportsmans,Nosler,30-06 Springfield,150,Nosler Trophy Grade 30-06 Springfield 150gr FMJSP Rifle Ammo - 20 Rounds,Lead-Core,Out of Stock,69.99,20,3.499,54041600552,60055,1750247,Full Metal Jacket Soft Point,3000,2997,,,https://www.sportsmans.com/shooting-gear-gun-supplies/ammunition-ammo-for-hunting-shooting-sports/rifle-ammo-hunting-shooting-sports/nosler-trophy-grade-30-06-springfield-150gr-fmjsp-rifle-ammo-20-rounds/p/1750247
7/21/2026,Sportsmans,Nosler,30-06 Springfield,180,Nosler Trophy Grade 30-06 Springfield 180gr FMJSP Rifle Ammo - 20 Rounds,Lead-Core,Out of Stock,54.99,20,2.75,54041461429,46142,1750249,Full Metal Jacket Soft Point,2750,3022,,,https://www.sportsmans.com/shooting-gear-gun-supplies/ammunition-ammo-for-hunting-shooting-sports/rifle-ammo-hunting-shooting-sports/nosler-trophy-grade-30-06-springfield-180gr-fmjsp-rifle-ammo-20-rounds/p/1750249
7/21/2026,Sportsmans,Nosler,30-06 Springfield,180,Nosler E-Tip Lead-Free 30-06 Springfield 180gr E-Tip Rifle Ammo - 20 Rounds,Lead-Free,In Stock,59.99,20,3,54041400374,40037,1496249,E-Tip,2750,3022,,,https://www.sportsmans.com/shooting-gear-gun-supplies/ammunition-ammo-for-hunting-shooting-sports/rifle-ammo-hunting-shooting-sports/nosler-e-tip-lead-free-30-06-springfield-180gr-e-tip-rifle-ammo-20-rounds/p/1496249
7/21/2026,Sportsmans,Fiocchi,30-06 Springfield,165,Fiocchi Field Dynamics 30-06 Springfield 165gr PSP Rifle Ammo - 20 Rounds,Lead-Core,In Stock,33.99,20,1.7,7.62345E+11,3006C,1815255,Pointed Soft Point,2800,2872,,,https://www.sportsmans.com/shooting-gear-gun-supplies/ammunition-ammo-for-hunting-shooting-sports/rifle-ammo-hunting-shooting-sports/fiocchi-field-dynamics-30-06-springfield-165gr-psp-rifle-ammo-20-rounds/p/1815255
7/21/2026,Sportsmans,Norma,30-06 Springfield,150,Norma Whitetail 30-06 Springfield 150gr PSP Rifle Ammo - 20 Rounds,Lead-Core,In Stock,35.99,20,1.8,7.39392E+12,20177392,1691922,Pointed Soft Point,2887,2776,,,https://www.sportsmans.com/shooting-gear-gun-supplies/ammunition-ammo-for-hunting-shooting-sports/rifle-ammo-hunting-shooting-sports/norma-whitetail-30-06-springfield-150gr-psp-rifle-ammo-20-rounds/p/1691922
7/21/2026,Sportsmans,Norma,30-06 Springfield,180,Norma Bondstrike Extreme 30-06 Springfield 180gr B Rifle Ammo - 20 Rounds,Lead-Core,In Stock,48.99,20,2.45,7.39392E+12,20176662,1667708,Bondstrike,2756,3047,,,https://www.sportsmans.com/shooting-gear-gun-supplies/ammunition-ammo-for-hunting-shooting-sports/rifle-ammo-hunting-shooting-sports/norma-bondstrike-extreme-30-06-springfield-180gr-b-rifle-ammo-20-rounds/p/1667708
7/21/2026,Sportsmans,Sellier & Bellot,30-06 Springfield,180,Sellier & Bellot 30-06 Springfield 180gr FMJ Rifle Ammo - 20 Rounds,Lead-Core,In Stock,25.99,20,1.299,7.54909E+11,SB3006A,1815646,Full Metal Jacket,2673,2866,,,https://www.sportsmans.com/shooting-gear-gun-supplies/ammunition-ammo-for-hunting-shooting-sports/rifle-ammo-hunting-shooting-sports/sellier-bellot-30-06-springfield-180gr-fmj-rifle-ammo-20-rounds/p/1815646
7/21/2026,Sportsmans,Hornady,30-06 Springfield,165,Sierra GameChanger 30-06 Springfield 165gr TGK Rifle Ammo - 20 Rounds,Lead-Core,Out of Stock,45.99,20,2.3,6.1271E+11,A4669--06,1653903,Tipped GameKing,2800,,,,https://www.sportsmans.com/shooting-gear-gun-supplies/ammunition-ammo-for-hunting-shooting-sports/rifle-ammo-hunting-shooting-sports/sierra-gamechanger-30-06-springfield-165gr-tgk-rifle-ammo-20-rounds/p/1653903
7/21/2026,Sportsmans,Federal,30-06 Springfield,150,Federal American Eagle 30-06 Springfield 150gr FMJ Rifle Ammo - 20 Rounds,Lead-Core,Out of Stock,34.99,20,1.75,29465060411,AE3006M1,1319753,Full Metal Jacket,2740,2500,,,https://www.sportsmans.com/shooting-gear-gun-supplies/ammunition-ammo-for-hunting-shooting-sports/rifle-ammo-hunting-shooting-sports/federal-american-eagle-30-06-springfield-150gr-fmj-rifle-ammo-20-rounds/p/1319753
7/21/2026,Sportsmans,Hornady,30-06 Springfield,180,Hornady Superformance 30-06 Springfield 180gr SST Rifle Ammo - 20 Rounds,Lead-Core,Out of Stock,44.99,20,2.25,90255811834,81183,1243051,Super Shock Tip,2820,3178,,,https://www.sportsmans.com/shooting-gear-gun-supplies/ammunition-ammo-for-hunting-shooting-sports/rifle-ammo-hunting-shooting-sports/hornady-superformance-30-06-springfield-180gr-sst-rifle-ammo-20-rounds/p/1243051
7/21/2026,Sportsmans,Federal,30-06 Springfield,168,Federal Premium 30-06 Springfield 168gr Berger Hybrid Rifle Ammo - 20 Rounds,Lead-Core,In Stock,45.99,20,2.3,6.04545E+11,P3006BCH1,1537759,Berger Hybrid,2800,2924,,,https://www.sportsmans.com/shooting-gear-gun-supplies/ammunition-ammo-for-hunting-shooting-sports/rifle-ammo-hunting-shooting-sports/federal-premium-30-06-springfield-168gr-berger-hybrid-rifle-ammo-20-rounds/p/1537759
7/21/2026,Sportsmans,Remington,30-06 Springfield,150,Remington 30-06 Springfield 150gr Core-Lokt Tipped Rifle Ammo - 20 Rounds,Lead-Core,In Stock,35.99,20,1.8,47700415307,29027,1721055,Core-Lokt Tipped,2930,2859,,,https://www.sportsmans.com/shooting-gear-gun-supplies/ammunition-ammo-for-hunting-shooting-sports/rifle-ammo-hunting-shooting-sports/remington-30-06-springfield-150gr-core-lokt-tipped-rifle-ammo-20-rounds/p/1721055
7/21/2026,Sportsmans,Federal,30-06 Springfield,180,Federal Premium 30-06 Springfield 180gr Trophy Bonded Rifle Ammo - 20 Rounds,Lead-Core,In Stock,49.99,20,2.5,29465099466,P3006TT1,1208919,Trophy Bonded,2700,2913,,,https://www.sportsmans.com/shooting-gear-gun-supplies/ammunition-ammo-for-hunting-shooting-sports/rifle-ammo-hunting-shooting-sports/federal-premium-30-06-springfield-180gr-trophy-bonded-rifle-ammo-20-rounds/p/1208919
7/21/2026,Sportsmans,Federal,30-06 Springfield,165,Federal Premium 30-06 Springfield 165gr Trophy Bonded Rifle Ammo - 20 Rounds,Lead-Core,In Stock,49.99,20,2.5,29465099565,P3006TT2,1208921,Trophy Bonded,2800,2872,,,https://www.sportsmans.com/shooting-gear-gun-supplies/ammunition-ammo-for-hunting-shooting-sports/rifle-ammo-hunting-shooting-sports/federal-premium-30-06-springfield-165gr-trophy-bonded-rifle-ammo-20-rounds/p/1208921
7/21/2026,Sportsmans,Hornady,30-06 Springfield,125,Hornady Custom Lite 30-06 Springfield 125gr SST Rifle Ammo - 20 Rounds,Lead-Core,In Stock,44.99,20,2.25,90255810660,81066,1388108,Super Shock Tip,2700,2023,,,https://www.sportsmans.com/shooting-gear-gun-supplies/ammunition-ammo-for-hunting-shooting-sports/rifle-ammo-hunting-shooting-sports/hornady-custom-lite-30-06-springfield-125gr-sst-rifle-ammo-20-rounds/p/1388108
7/21/2026,Sportsmans,Winchester,30-06 Springfield,150,Winchester Deer Season XP 30-06 Springfield 150gr XP Rifle Ammo - 20 Rounds,Lead-Core,In Stock,41.99,20,2.099,20892221574,X3006DS,1406978,Extreme Point,2920,2839,,,https://www.sportsmans.com/shooting-gear-gun-supplies/ammunition-ammo-for-hunting-shooting-sports/rifle-ammo-hunting-shooting-sports/winchester-deer-season-xp-30-06-springfield-150gr-xp-rifle-ammo-20-rounds/p/1406978
7/21/2026,Sportsmans,Winchester,30-06 Springfield,190,Winchester Expedition Big Game Long Range 30-06 Springfield 190gr Accubond Rifle Ammo - 20 Rounds,Lead-Core,In Stock,54.99,20,2.75,20892223202,S3006LR,1542688,AccuBond,2750,3190,,,https://www.sportsmans.com/shooting-gear-gun-supplies/ammunition-ammo-for-hunting-shooting-sports/rifle-ammo-hunting-shooting-sports/winchester-expedition-big-game-long-range-30-06-springfield-190gr-accubond-rifle-ammo-20-rounds/p/1542688
7/21/2026,Sportsmans,Remington,30-06 Springfield,150,Remington Premier 30-06 Springfield 150gr Swift Scirocco Bonded Centerfire Rifle Ammo - 20 Rounds,Lead-Core,Out of Stock,48.99,20,2.45,47700354002,29318,1291282,Swift Scirocco Bonded,2910,2820,,,https://www.sportsmans.com/shooting-gear-gun-supplies/ammunition-ammo-for-hunting-shooting-sports/rifle-ammo-hunting-shooting-sports/remington-premier-30-06-springfield-150gr-swift-scirocco-bonded-centerfire-rifle-ammo-20-rounds/p/1291282
7/21/2026,Sportsmans,Browning,30-06 Springfield,180,Browning Silver Series 30-06 Springfield 180gr PSP Rifle Ammo - 20 Rounds,Lead-Core,Out of Stock,36.99,20,1.85,20892232129,B192630061,1819150,Plated Soft Point,2750,3022,,,https://www.sportsmans.com/shooting-gear-gun-supplies/ammunition-ammo-for-hunting-shooting-sports/rifle-ammo-hunting-shooting-sports/browning-silver-series-30-06-springfield-180gr-psp-rifle-ammo-20-rounds/p/1819150
7/21/2026,Sportsmans,Hornady,30-06 Springfield,150,Hornady Superformance 30-06 Springfield 150gr CX Rifle Ammo - 20 Rounds,Lead-Free,In Stock,52.99,20,2.65,90255811247,81124,1815494,Copper Alloy eXpanding (CX),3080,3159,,,https://www.sportsmans.com/shooting-gear-gun-supplies/ammunition-ammo-for-hunting-shooting-sports/rifle-ammo-hunting-shooting-sports/hornady-superformance-30-06-springfield-150gr-centerfire-rifle-ammo-20-rounds/p/1815494
7/21/2026,Sportsmans,Winchester,30-06 Springfield,180,Winchester Copper Impact 30-06 Springfield 180gr Extreme Point Rifle Ammo - 20 Rounds,Lead-Free,In Stock,50.99,20,2.55,20892231313,X3006CLF2,1801793,Extreme Point,2725,2967,,,https://www.sportsmans.com/shooting-gear-gun-supplies/ammunition-ammo-for-hunting-shooting-sports/rifle-ammo-hunting-shooting-sports/winchester-copper-impact-30-06-springfield-180gr-copper-rifle-ammo-20-rounds/p/1801793
7/21/2026,Sportsmans,Federal,30-06 Springfield,178,Federal Premium 30-06 Springfield 178gr ELD-X Centerfire Rifle Ammo - 20 Rounds,Lead-Core,In Stock,51.99,20,2.599,6.04545E+11,P3006ELDX1,1800651,Extremely Low Drag-eXpanding,,,,,https://www.sportsmans.com/shooting-gear-gun-supplies/ammunition-ammo-for-hunting-shooting-sports/rifle-ammo-hunting-shooting-sports/federal-premium-30-06-springfield-178gr-eld-x-centerfire-rifle-ammo-20-rounds/p/1800651
7/21/2026,Sportsmans,Hornady,30-06 Springfield,150,Hornady Outfitter 30-06 Springfield 150gr CX Rifle Ammo - 20 Rounds,Lead-Free,In Stock,50.99,20,2.55,90255811087,81108,1815489,Copper Alloy eXpanding (CX),3000,2997,,,https://www.sportsmans.com/shooting-gear-gun-supplies/ammunition-ammo-for-hunting-shooting-sports/rifle-ammo-hunting-shooting-sports/hornady-outfitter-30-06-springfield-150gr-cx-rifle-ammo-20-rounds/p/1815489
7/21/2026,Sportsmans,Remington,30-06 Springfield,165,Remington Core-Lokt 30-06 Springfield 165gr Full Metal Jacket Tipped Centerfire Rifle Ammo - 20 Rounds,Lead-Core,Out of Stock,35.99,20,1.8,47700417707,29035,1721056,Full Metal Jacket Tipped,2820,2913,,,https://www.sportsmans.com/shooting-gear-gun-supplies/ammunition-ammo-for-hunting-shooting-sports/rifle-ammo-hunting-shooting-sports/remington-core-lokt-30-06-springfield-165gr-full-metal-jacket-tipped-centerfire-rifle-ammo-20-rounds/p/1721056
7/21/2026,Sportsmans,Remington,30-06 Springfield,125,Remington Core-Lokt 30-06 Springfield 125gr PSP Rifle Ammo - 20 Rounds,Lead-Core,In Stock,38.99,20,1.95,47700054506,R30061,1689766,Core-Lokt Pointed Soft Point,3140,2736,,,https://www.sportsmans.com/shooting-gear-gun-supplies/ammunition-ammo-for-hunting-shooting-sports/rifle-ammo-hunting-shooting-sports/remington-core-lokt-30-06-springfield-125gr-psp-rifle-ammo-20-rounds/p/1689766
7/21/2026,Sportsmans,Remington,30-06 Springfield,172,Remington Premier Long Range 30-06 Springfield Speer Impact 172gr Rifle Ammo - 20 Rounds,Lead-Core,In Stock,51.99,20,2.599,47700488301,R21344,1800691,Speer Impact,2825,3048,,,https://www.sportsmans.com/shooting-gear-gun-supplies/ammunition-ammo-for-hunting-shooting-sports/rifle-ammo-hunting-shooting-sports/remington-premier-long-range-30-06-springfield-speer-impact-172gr-rifle-ammo-20-rounds/p/1800691
7/21/2026,Sportsmans,Federal,30-06 Springfield,150,HSM Low Recoil 30-06 Springfield 150gr OPT Rifle Ammo - 20 Rounds,Lead-Core,In Stock,52.99,20,2.65,8.10742E+11,300642N,1815440,Orange Polymer Tip,2373,1862,,,https://www.sportsmans.com/shooting-gear-gun-supplies/ammunition-ammo-for-hunting-shooting-sports/rifle-ammo-hunting-shooting-sports/hsm-low-recoil-30-06-springfield-150gr-opt-rifle-ammo-20-rounds/p/1815440
7/21/2026,Sportsmans,Hornady,30-06 Springfield,165,HSM Game King 30-06 Springfield 165gr SGSBT Rifle Ammo - 20 Rounds,Lead-Core,In Stock,39.99,20,2,8.10742E+11,300640N,1815441,Sierra GameKing Spitzer Boat-Tail,,,,,https://www.sportsmans.com/shooting-gear-gun-supplies/ammunition-ammo-for-hunting-shooting-sports/rifle-ammo-hunting-shooting-sports/hsm-game-king-30-06-springfield-165gr-sgsbt-rifle-ammo-20-rounds/p/1815441
7/21/2026,Sportsmans,Hornady,30-06 Springfield,168,Hornady Vintage Match 30-06 Springfield 168gr ELD M1 Garand Rifle Ammo - 20 Rounds,Lead-Core,In Stock,53.99,20,2.7,90255811711,81171,1662336,Extremely Low Drag M1 Garand,2710,2739,,,https://www.sportsmans.com/shooting-gear-gun-supplies/ammunition-ammo-for-hunting-shooting-sports/rifle-ammo-hunting-shooting-sports/hornady-vintage-match-30-06-springfield-168gr-eld-m1-garand-rifle-ammo-20-rounds/p/1662336
7/21/2026,Sportsmans,Hornady,30-06 Springfield,210,HSM Trophy Gold 30-06 Springfield 210gr Full Metal Jacket Centerfire Rifle Ammo - 20 Rounds,Lead-Core,In Stock,60.99,20,3.05,8.37306E+11,BER-3006210VLD,1758477,Full Metal Jacket,2534,2995,,,https://www.sportsmans.com/shooting-gear-gun-supplies/ammunition-ammo-for-hunting-shooting-sports/rifle-ammo-hunting-shooting-sports/hsm-trophy-gold-30-06-springfield-210gr-full-metal-jacket-centerfire-rifle-ammo-20-rounds/p/1758477
7/21/2026,Sportsmans,Nosler,30-06 Springfield,180,Nosler Western Big Game 30-06 Springfield 180gr Partition Bullet – 20 Rounds,Lead-Core,In Stock,64.99,20,3.249,54041610803,61080,1996406,Nosler Partition,2750,3022,,,https://www.sportsmans.com/shooting-gear-gun-supplies/ammunition-ammo-for-hunting-shooting-sports/rifle-ammo-hunting-shooting-sports/nosler-western-big-game-30-06-springfield-180gr-partition-bullet-20-rounds/p/1996406
7/21/2026,Sportsmans,Remington,30-06 Springfield,150,Remington Premier CuT 30-06 Springfield 150gr CT Rifle Ammo - 20 Rounds,Lead-Free,In Stock,59.99,20,3,47700223438,R22343,1932395,Copper Tipped,2930,2859,,,https://www.sportsmans.com/shooting-gear-gun-supplies/ammunition-ammo-for-hunting-shooting-sports/rifle-ammo-hunting-shooting-sports/remington-premier-cut-30-06-springfield-150gr-ct-rifle-ammo-20-rounds/p/1932395
7/21/2026,Sportsmans,Winchester,30-06 Springfield,195,Winchester Supreme Long Range 30-06 Springfield 195gr OTM Rifle Ammo - 20 Rounds,Lead-Core,In Stock,39.99,20,2,20892234499,S3006BC,1983234,Open Tip Match,2570,2859,,,https://www.sportsmans.com/winchester/winchester-supreme-long-range-30-06-springfield-195gr-otm-rifle-ammo-20-rounds/p/1983234
7/21/2026,Sportsmans,Federal,30-06 Springfield,180,Federal Fusion Tipped 30-06 Springfield 180gr FT Rifle Ammo - 20 Rounds,Lead-Core,In Stock,46.99,20,2.349,6.04545E+11,F3006TFS3,1932371,Fusion Tipped,2725,2968,0.501,,https://www.sportsmans.com/shooting-gear-gun-supplies/ammunition-ammo-for-hunting-shooting-sports/rifle-ammo-hunting-shooting-sports/federal-fusion-tipped-30-06-springfield-180gr-ft-rifle-ammo-20-rounds/p/1932371
7/21/2026,Sportsmans,Barnes,30-06 Springfield,150,DoubleTap Longrange 30-06 Springfield 150gr Barnes TTSX Rifle Ammo - 20 Rounds,Lead-Free,Out of Stock,47.99,20,2.4,13964487619,3006150X,1541119,Barnes TTSX,,,,,https://www.sportsmans.com/shooting-gear-gun-supplies/ammunition-ammo-for-hunting-shooting-sports/rifle-ammo-hunting-shooting-sports/doubletap-longrange-30-06-springfield-150gr-barnes-ttsx-rifle-ammo-20-rounds/p/1541119
7/21/2026,Sportsmans,Hornady,30-06 Springfield,180,Buffalo Bore Premium Supercharged 30-06 Springfield 180gr FMJ Rifle Ammo - 20 Rounds,Lead-Core,Out of Stock,54.99,20,2.75,6.51815E+11,40C/20,1658483,Full Metal Jacket,2850,2850,,,https://www.sportsmans.com/shooting-gear-gun-supplies/ammunition-ammo-for-hunting-shooting-sports/rifle-ammo-hunting-shooting-sports/buffalo-bore-premium-supercharged-30-06-springfield-180gr-fmj-rifle-ammo-20-rounds/p/1658483
7/21/2026,Sportsmans,Hornady,30-06 Springfield,150,Aguila 30-06 Springfield 150gr Soft Point Rifle Ammo - 20 Rounds,Lead-Core,Out of Stock,29.99,20,1.499,6.4042E+11,8108AG,1914570,Soft Point,2900,2801,,,https://www.sportsmans.com/shooting-gear-gun-supplies/ammunition-ammo-for-hunting-shooting-sports/rifle-ammo-hunting-shooting-sports/aguila-30-06-springfield-150gr-soft-point-rifle-ammo-20-rounds/p/1914570
7/21/2026,Sportsmans,Winchester,30-06 Springfield,150,Winchester M1 Garand 30-06 Springfield 150gr Full Metal Jacket Rifle Ammo - 20 Rounds,Lead-Core,Out of Stock,45.99,20,2.3,20892231948,WIN3006M2,1801802,Full Metal Jacket,2740,2500,,,https://www.sportsmans.com/shooting-gear-gun-supplies/ammunition-ammo-for-hunting-shooting-sports/rifle-ammo-hunting-shooting-sports/winchester-m1-garand-30-06-springfield-150gr-full-metal-jacket-rifle-ammo-20-rounds/p/1801802
7/21/2026,Sportsmans,Nosler,30-06 Springfield,180,Choice Ammunition 30-06 Springfield 180gr Nosler Accubond Rifle Ammo - 20 Rounds,Lead-Core,Out of Stock,64.99,20,3.249,6.11166E+11,180ACCU3006SPG20,1542546,Nosler Accubond,2780,,,,https://www.sportsmans.com/shooting-gear-gun-supplies/ammunition-ammo-for-hunting-shooting-sports/rifle-ammo-hunting-shooting-sports/choice-ammunition-30-06-springfield-180gr-nosler-accubond-rifle-ammo-20-rounds/p/1542546
7/21/2026,Sportsmans,Sellier & Bellot,30-06 Springfield,150,Sellier & Bellot 30-06 Springfield 150gr FMJ Rifle Ammo - 20 Rounds,Lead-Core,Out of Stock,24.99,20,1.249,7.54909E+11,SB3006M2,1815651,Full Metal Jacket,2777,2887,,,https://www.sportsmans.com/shooting-gear-gun-supplies/ammunition-ammo-for-hunting-shooting-sports/rifle-ammo-hunting-shooting-sports/sellier-bellot-30-06-springfield-150gr-fmj-rifle-ammo-20-rounds/p/1815651
7/21/2026,Sportsmans,Sellier & Bellot,30-06 Springfield,180,Sellier & Bellot Exergy Blue 30-06 Springfield 180gr SP Rifle Ammo - 20 Rounds,Lead-Core,Out of Stock,42.99,20,2.15,7.54909E+11,SB3006XB,1815653,Soft Point,2654,2815,,,https://www.sportsmans.com/shooting-gear-gun-supplies/ammunition-ammo-for-hunting-shooting-sports/rifle-ammo-hunting-shooting-sports/sellier-bellot-exergy-blue-30-06-springfield-180gr-sp-rifle-ammo-20-rounds/p/1815653
7/21/2026,Sportsmans,Winchester,30-06 Springfield,150,Winchester WWII Victory Series 30-06 Springfield 150 Grain Ball M2 Rifle Ammo - 20 Rounds,Lead-Core,Out of Stock,32.99,20,1.65,20892224940,X3006WW2,1752678,,2740,2502,,,https://www.sportsmans.com/shooting-gear-gun-supplies/ammunition-ammo-for-hunting-shooting-sports/rifle-ammo-hunting-shooting-sports/winchester-wwii-victory-series-30-06-springfield-150-grain-ball-m2-rifle-ammo-20-rounds/p/1752678
7/21/2026,Sportsmans,Winchester,30-06 Springfield,147,Winchester 30-06 Springfield 147gr FMJ Rifle Ammo - 20 Rounds,Lead-Core,Out of Stock,35.99,20,1.8,20892212954,USA3006,1752677,FMJ,3020,2976,,,https://www.sportsmans.com/shooting-gear-gun-supplies/ammunition-ammo-for-hunting-shooting-sports/rifle-ammo-hunting-shooting-sports/winchester-30-06-springfield-147gr-fmj-rifle-ammo-20-rounds/p/1752677
7/21/2026,Sportsmans,Hornady,30-06 Springfield,165,Armscor 30-06 Springfield 165gr AccuBond Rifle Ammo - 20 Rounds,Lead-Core,Out of Stock,48.99,20,2.45,8.12285E+11,F AC30-06-165GR-AB,1676193,AccuBond,2700,,,,https://www.sportsmans.com/shooting-gear-gun-supplies/ammunition-ammo-for-hunting-shooting-sports/rifle-ammo-hunting-shooting-sports/armscor-30-06-springfield-165gr-accubond-rifle-ammo-20-rounds/p/1676193
7/21/2026,Sportsmans,Browning,30-06 Springfield,195,Browning Long Range Pro 30-06 Springfield 195gr Rifle Ammo - 20 Rounds,Lead-Core,Out of Stock,46.99,20,2.349,20892226401,B192530061,1687857,Sierra Tipped MatchKing,2650,3040,,,https://www.sportsmans.com/shooting-gear-gun-supplies/ammunition-ammo-for-hunting-shooting-sports/rifle-ammo-hunting-shooting-sports/browning-long-range-pro-30-06-springfield-195gr-rifle-ammo-20-rounds/p/1687857
7/21/2026,Sportsmans,Hornady,30-06 Springfield,150,Buffalo Bore Supercharged 30-06 Springfield 150gr SPTZ Rifle Ammo - 20 Rounds,Lead-Core,Out of Stock,54.99,20,2.75,6.51815E+11,40A/20,1732464,Spitzer,3100,3200,,,https://www.sportsmans.com/shooting-gear-gun-supplies/ammunition-ammo-for-hunting-shooting-sports/rifle-ammo-hunting-shooting-sports/buffalo-bore-supercharged-30-06-springfield-150gr-sptz-rifle-ammo-20-rounds/p/1732464
7/21/2026,Sportsmans,PPU,30-06 Springfield,,PPU 30-06 Springfield Rifle Blanks - 15 Rounds,Lead-Core,Out of Stock,16.99,15,1.133,8.605E+12,PPB3006,1815901,Blank,,,,,https://www.sportsmans.com/shooting-gear-gun-supplies/ammunition-ammo-for-hunting-shooting-sports/rifle-ammo-hunting-shooting-sports/ppu-30-06-springfield-rifle-blanks-15-rounds/p/1815901
7/21/2026,Sportsmans,Hornady,30-06 Springfield,150,Buffalo Bore Supercharged 30-06 Springfield 150gr SPTZ Rifle Ammo - 20 Rounds,Lead-Core,Out of Stock,54.99,20,2.75,6.51815E+11,40A/20,1732464,Spitzer,3100,3200,,,https://www.sportsmans.com/shooting-gear-gun-supplies/ammunition-ammo-for-hunting-shooting-sports/rifle-ammo-hunting-shooting-sports/buffalo-bore-supercharged-30-06-springfield-150gr-sptz-rifle-ammo-20-rounds/p/1732464
7/21/2026,Sportsmans,PPU,30-06 Springfield,150,PPU Standard Rifle 30-06 Springfield 150gr FMJ Rifle Ammo - 20 Rounds,Lead-Core,Out of Stock,27.99,20,1.399,8.605E+12,PP3006G,1815851,Full Metal Jacket,2745,2500,,,https://www.sportsmans.com/shooting-gear-gun-supplies/ammunition-ammo-for-hunting-shooting-sports/rifle-ammo-hunting-shooting-sports/ppu-standard-rifle-30-06-springfield-150gr-fmj-rifle-ammo-20-rounds/p/1815851
7/21/2026,Sportsmans,PPU,30-06 Springfield,150,PPU Standard Rifle 30-06 Springfield 150gr FMJ Rifle Ammo - 20 Rounds,Lead-Core,Out of Stock,27.99,20,1.399,8.605E+12,PP3006G,1815851,Full Metal Jacket,2745,2500,,,https://www.sportsmans.com/shooting-gear-gun-supplies/ammunition-ammo-for-hunting-shooting-sports/rifle-ammo-hunting-shooting-sports/ppu-standard-rifle-30-06-springfield-150gr-fmj-rifle-ammo-20-rounds/p/1815851
7/21/2026,Sportsmans,PPU,30-06 Springfield,150,PPU Standard Rifle 30-06 Springfield 150gr FMJ Rifle Ammo - 500 Rounds,Lead-Core,Out of Stock,738.99,500,1.478,8.605E+12,PP3006GMC,1815852,Full Metal Jacket,2745,2500,,,https://www.sportsmans.com/shooting-gear-gun-supplies/ammunition-ammo-for-hunting-shooting-sports/rifle-ammo-hunting-shooting-sports/ppu-standard-rifle-30-06-springfield-150gr-fmj-rifle-ammo-500-rounds/p/1815852
7/21/2026,Sportsmans,Sellier & Bellot,30-06 Springfield,165,Sellier & Bellot eXergy 30-06 Springfield 165gr TAC-EX-Blue Rifle Ammo - 20 Rounds,Lead-Core,Out of Stock,42.99,20,2.15,7.54909E+11,SB3006XA,1815612,TAC-EX-Blue,,,,,https://www.sportsmans.com/shooting-gear-gun-supplies/ammunition-ammo-for-hunting-shooting-sports/rifle-ammo-hunting-shooting-sports/sellier-bellot-exergy-30-06-springfield-165gr-tac-ex-blue-rifle-ammo-20-rounds/p/1815612
7/21/2026,Sportsmans,Hornady,30-06 Springfield,180,HSM Game King 30-06 Springfield 180gr SGSBT Rifle Ammo - 20 Rounds,Lead-Core,Out of Stock,40.99,20,2.05,8.10742E+11,300641N,1815443,Sierra GameKing Spitzer Boat-Tail,,,,,https://www.sportsmans.com/shooting-gear-gun-supplies/ammunition-ammo-for-hunting-shooting-sports/rifle-ammo-hunting-shooting-sports/hsm-game-king-30-06-springfield-180gr-sgsbt-rifle-ammo-20-rounds/p/1815443
7/21/2026,Sportsmans,Norma,30-06 Springfield,170,Norma Tipstrike 30-06 Springfield 170gr PT Rifle Ammo - 20 Rounds,Lead-Core,Out of Stock,44.99,20,2.25,7.39392E+12,20174342,1773489,Polymer Tip,2789,2937,,,https://www.sportsmans.com/shooting-gear-gun-supplies/ammunition-ammo-for-hunting-shooting-sports/rifle-ammo-hunting-shooting-sports/norma-tipstrike-30-06-springfield-170gr-pt-rifle-ammo-20-rounds/p/1773489
7/21/2026,Sportsmans,Browning,30-06 Springfield,155,Browning BXR 30-06 Springfield 155gr REMT Rifle Ammo - 20 Rounds,Lead-Core,Out of Stock,37.99,20,1.9,20892222250,B192130061,1427363,REMT,2920,2934,,,https://www.sportsmans.com/shooting-gear-gun-supplies/ammunition-ammo-for-hunting-shooting-sports/rifle-ammo-hunting-shooting-sports/browning-bxr-30-06-springfield-155gr-remt-rifle-ammo-20-rounds/p/1427363
7/21/2026,Sportsmans,Winchester,30-06 Springfield,180,Winchester Ballistic Silvertip 30-06 Springfield 180gr Ballistic Silvertip Rifle Ammo - 20 Rounds,Lead-Core,Out of Stock,47.99,20,2.4,20892213968,SBST3006B,318111,Ballistic Silvertip,2750,3022,,,https://www.sportsmans.com/shooting-gear-gun-supplies/ammunition-ammo-for-hunting-shooting-sports/rifle-ammo-hunting-shooting-sports/winchester-ballistic-silvertip-30-06-springfield-180gr-ballistic-silvertip-rifle-ammo-20-rounds/p/318111
7/21/2026,Sportsmans,Winchester,30-06 Springfield,168,Winchester Ballistic Silvertip 30-06 Springfield 168gr Ballistic Silvertip Rifle Ammo - 20 Rounds,Lead-Core,Out of Stock,42.99,20,2.15,20892210301,SBST3006A,300739,Ballistic Silvertip,2790,2903,,,https://www.sportsmans.com/shooting-gear-gun-supplies/ammunition-ammo-for-hunting-shooting-sports/rifle-ammo-hunting-shooting-sports/winchester-ballistic-silvertip-30-06-springfield-168gr-ballistic-silvertip-rifle-ammo-20-rounds/p/300739
7/21/2026,Sportsmans,Norma,30-06 Springfield,180,Norma American Professional Hunter 30-06 Springfield 180gr Oryx Rifle Ammo - 20 Rounds,Lead-Core,Out of Stock,54.99,20,2.75,7.39392E+12,20174922,1691927,Oryx,2700,2914,,,https://www.sportsmans.com/shooting-gear-gun-supplies/ammunition-ammo-for-hunting-shooting-sports/rifle-ammo-hunting-shooting-sports/norma-american-professional-hunter-30-06-springfield-180gr-oryx-rifle-ammo-20-rounds/p/1691927
7/21/2026,Sportsmans,PPU,30-06 Springfield,150,PPU Standard Rifle 30-06 Springfield 150gr SP Rifle Ammo - 20 Rounds,Lead-Core,Out of Stock,26.99,20,1.349,8.605E+12,PP30061,1671586,Soft Point,2910,2820,,,https://www.sportsmans.com/shooting-gear-gun-supplies/ammunition-ammo-for-hunting-shooting-sports/rifle-ammo-hunting-shooting-sports/ppu-standard-rifle-30-06-springfield-150gr-sp-rifle-ammo-20-rounds/p/1671586
7/21/2026,Sportsmans,PPU,30-06 Springfield,165,PPU Standard Rifle 30-06 Springfield 165gr PSP Rifle Ammo - 20 Rounds,Lead-Core,Out of Stock,26.99,20,1.349,8.605E+12,PP30062,1671587,Pointed Soft Point,2800,2872,,,https://www.sportsmans.com/shooting-gear-gun-supplies/ammunition-ammo-for-hunting-shooting-sports/rifle-ammo-hunting-shooting-sports/ppu-standard-rifle-30-06-springfield-165gr-psp-rifle-ammo-20-rounds/p/1671587
7/21/2026,Sportsmans,Hornady,30-06 Springfield,180,DoubleTap Hunter 30-06 Springfield 180gr Swift Scirocco II Rifle Ammo - 20 Rounds,Lead-Core,Out of Stock,53.99,20,2.7,13964487633,3006180SS,1541120,Swift Scirocco II,2800,3134,,,https://www.sportsmans.com/shooting-gear-gun-supplies/ammunition-ammo-for-hunting-shooting-sports/rifle-ammo-hunting-shooting-sports/doubletap-hunter-30-06-springfield-180gr-swift-scirocco-ii-rifle-ammo-20-rounds/p/1541120
7/21/2026,Sportsmans,Hornady,30-06 Springfield,180,Grizzly Cartridge 30-06 Springfield 180gr Soft Point Rifle Ammo - 20 Rounds,Lead-Core,Out of Stock,49.99,20,2.5,8.15152E+11,GC30-06S14,1800033,Soft Point,2750,3022,,,https://www.sportsmans.com/shooting-gear-gun-supplies/ammunition-ammo-for-hunting-shooting-sports/rifle-ammo-hunting-shooting-sports/grizzly-cartridge-30-06-springfield-180gr-soft-point-rifle-ammo-20-rounds/p/1800033
7/21/2026,Sportsmans,Fiocchi,30-06 Springfield,180,Fiocchi Field Dynamics 30-06 Springfield 180gr PSP Rifle Ammo - 20 Rounds,Lead-Core,Out of Stock,34.99,20,1.75,7.62345E+11,3006D,1989497,Pointed Soft Point,2700,2913,,,https://www.sportsmans.com/shooting-gear-gun-supplies/ammunition-ammo-for-hunting-shooting-sports/rifle-ammo-hunting-shooting-sports/fiocchi-field-dynamics-30-06-springfield-180gr-psp-rifle-ammo-20-rounds/p/1989497
7/21/2026,Sportsmans,Barnes,30-06 Springfield,168,Choice Ammunition 30-06 Springfield 168gr Barnes TTSX Rifle Ammo - 20 Rounds,Lead-Free,Out of Stock,74.99,20,3.749,6.11166E+11,168TTSXLF3006SPG20,1542545,Barnes TTSX,2850,,,,https://www.sportsmans.com/shooting-gear-gun-supplies/ammunition-ammo-for-hunting-shooting-sports/rifle-ammo-hunting-shooting-sports/choice-ammunition-30-06-springfield-168gr-barnes-ttsx-rifle-ammo-20-rounds/p/1542545
7/21/2026,Sportsmans,Federal,30-06 Springfield,165,Federal Premium MeatEater 30-06 Springfield 165gr Trophy Copper Rifle Ammo - 20 Rounds,Lead-Free,Out of Stock,50.99,20,2.55,29465063504,P3006TC2,1369156,Trophy Copper,2800,,,,https://www.sportsmans.com/shooting-gear-gun-supplies/ammunition-ammo-for-hunting-shooting-sports/rifle-ammo-hunting-shooting-sports/federal-premium-meateater-30-06-springfield-165gr-trophy-copper-rifle-ammo-20-rounds/p/1369156
7/21/2026,Sportsmans,Sellier & Bellot,30-06 Springfield,168,Sellier & Bellot 30-06 Springfield 168gr HPBT Rifle Ammo - 20 Rounds,Lead-Core,Out of Stock,45.99,20,2.3,7.54909E+11,SB3006D,1815648,Hollow Point Boat Tail,2786,2896,,,https://www.sportsmans.com/shooting-gear-gun-supplies/ammunition-ammo-for-hunting-shooting-sports/rifle-ammo-hunting-shooting-sports/sellier-bellot-30-06-springfield-168gr-hpbt-rifle-ammo-20-rounds/p/1815648
7/21/2026,Sportsmans,Sellier & Bellot,30-06 Springfield,147,Sellier & Bellot 30-06 Springfield 147gr FMJ Rifle Ammo - 20 Rounds,Lead-Core,Out of Stock,25.99,20,1.299,7.54909E+11,SB3006F,1815650,Full Metal Jacket,2920,2790,,,https://www.sportsmans.com/shooting-gear-gun-supplies/ammunition-ammo-for-hunting-shooting-sports/rifle-ammo-hunting-shooting-sports/sellier-bellot-30-06-springfield-147gr-fmj-rifle-ammo-20-rounds/p/1815650
7/21/2026,Sportsmans,Barnes,30-06 Springfield,180,Choice Ammunition Barnes TTSX 30-06 Springfield 180gr Tipped FMJ Centerfire Ammo - 20 Rounds,Lead-Free,Out of Stock,77.99,20,3.899,6.11166E+11,180TTSXLF3006SPG20,1697180,Full Metal Jacket,2720,,,,https://www.sportsmans.com/shooting-gear-gun-supplies/ammunition-ammo-for-hunting-shooting-sports/rifle-ammo-hunting-shooting-sports/choice-ammunition-barnes-ttsx-30-06-springfield-180gr-tipped-fmj-centerfire-ammo-20-rounds/p/1697180
7/21/2026,Sportsmans,Browning,30-06 Springfield,180,Browning Long Range Pro Hunter 30-06 Springfield 180gr Rifle Ammo - 20 Rounds,Lead-Core,Out of Stock,50.99,20,2.55,20892230231,B192530062,1687862,Sierra Tipped GameKing,2745,3011,,,https://www.sportsmans.com/shooting-gear-gun-supplies/ammunition-ammo-for-hunting-shooting-sports/rifle-ammo-hunting-shooting-sports/browning-long-range-pro-hunter-30-06-springfield-180gr-rifle-ammo-20-rounds/p/1687862
7/21/2026,Sportsmans,Nosler,30-06 Springfield,155,Nosler SSA 30-06 Springfield 155Gr Custom Competition Rifle Ammo - 20 Rounds,Lead-Core,Out of Stock,34.99,20,1.75,54041750509,75050,1815712,Custom Competition,2850,2795,,,https://www.sportsmans.com/shooting-gear-gun-supplies/ammunition-ammo-for-hunting-shooting-sports/rifle-ammo-hunting-shooting-sports/nosler-ssa-30-06-springfield-155gr-custom-competition-rifle-ammo-20-rounds/p/1815712
7/21/2026,Sportsmans,Federal,30-06 Springfield,100,Liberty Ammunition Animal Instinct 30-06 Springfield 100gr FCHP Centerfire Rifle Ammo - 20 Rounds,Lead-Free,Out of Stock,68.99,20,3.449,19962272332,LAHAC3006042,1815540,Fragmenting Copper Hollow Point,3500,2700,,,https://www.sportsmans.com/shooting-gear-gun-supplies/ammunition-ammo-for-hunting-shooting-sports/rifle-ammo-hunting-shooting-sports/liberty-ammunition-animal-instinct-30-06-springfield-100gr-fchp-centerfire-rifle-ammo-20-rounds/p/1815540
7/21/2026,Sportsmans,Browning,30-06 Springfield,180,Browning Max Point 30-06 Springfield 180gr PT Rifle Ammo - 20 Rounds,Lead-Core,Out of Stock,46.99,20,2.349,20892232938,B192130062,1819139,Polymer Tip,2750,3022,,,https://www.sportsmans.com/shooting-gear-gun-supplies/ammunition-ammo-for-hunting-shooting-sports/rifle-ammo-hunting-shooting-sports/browning-max-point-30-06-springfield-180gr-pt-rifle-ammo-20-rounds/p/1819139
7/21/2026,Sportsmans,Barnes,300 Win Mag,180,Barnes VOR-TX 300 Winchester Magnum 180gr TTSX BT Rifle Ammo - 20 Rounds,Lead-Free,In Stock,64.79,20,3.24,7.16876E+11,21538,1255331,Tipped Triple Shock Boat Tail,2960,3503,,,https://www.sportsmans.com/shooting-gear-gun-supplies/ammunition-ammo-for-hunting-shooting-sports/rifle-ammo-hunting-shooting-sports/barnes-vor-tx-300-winchester-magnum-180gr-ttsx-bt-rifle-ammo-20-rounds/p/1255331
7/21/2026,Sportsmans,Federal,300 Win Mag,200,Federal Premium 300 Winchester Magnum 200gr TA Rifle Ammo - 20 Rounds,Lead-Core,In Stock,58.49,20,2.925,6.04545E+11,P300WTA1,1689735,Terminal Ascent,2810,3506,,,https://www.sportsmans.com/shooting-gear-gun-supplies/ammunition-ammo-for-hunting-shooting-sports/rifle-ammo-hunting-shooting-sports/federal-premium-300-winchester-magnum-200gr-ta-rifle-ammo-20-rounds/p/1689735
7/21/2026,Sportsmans,Winchester,300 Win Mag,180,Remington Core-Lokt 300 Winchester Magnum 180gr PSP Rifle Ammo - 20 Rounds,Lead-Core,In Stock,49.99,20,2.5,47700055800,R300W2,315917,Pointed Soft Point,2960,3501,,,https://www.sportsmans.com/shooting-gear-gun-supplies/ammunition-ammo-for-hunting-shooting-sports/rifle-ammo-hunting-shooting-sports/remington-core-lokt-300-winchester-magnum-180gr-psp-rifle-ammo-20-rounds/p/315917
7/21/2026,Sportsmans,Federal,300 Win Mag,180,Federal Fusion 300 Winchester Magnum 180gr Fusion SP Rifle Ammo - 20 Rounds,Lead-Core,In Stock,57.99,20,2.9,29465098025,F300WFS3,1106213,Fusion Soft Point,2960,3502,,,https://www.sportsmans.com/shooting-gear-gun-supplies/ammunition-ammo-for-hunting-shooting-sports/rifle-ammo-hunting-shooting-sports/federal-fusion-300-winchester-magnum-180gr-fusion-sp-rifle-ammo-20-rounds/p/1106213
7/21/2026,Sportsmans,Winchester,300 Win Mag,150,Winchester Super-X 300 Winchester Magnum 150gr PP Rifle Ammo - 20 Rounds,Lead-Core,In Stock,52.99,20,2.65,20892200814,X30WM1,307814,Power Point,3290,3605,,,https://www.sportsmans.com/shooting-gear-gun-supplies/ammunition-ammo-for-hunting-shooting-sports/rifle-ammo-hunting-shooting-sports/winchester-super-x-300-winchester-magnum-150gr-pp-rifle-ammo-20-rounds/p/307814
7/21/2026,Sportsmans,Hornady,300 Win Mag,200,Hornady Precision Hunter 300 Winchester Magnum 200gr ELD-X Rifle Ammo - 20 Rounds,Lead-Core,In Stock,64.99,20,3.249,90255820027,82002,1428408,Extremely Low Drag Expanding,2860,3607,,,https://www.sportsmans.com/shooting-gear-gun-supplies/ammunition-ammo-for-hunting-shooting-sports/rifle-ammo-hunting-shooting-sports/hornady-precision-hunter-300-winchester-magnum-200gr-eld-x-rifle-ammo-20-rounds/p/1428408
7/21/2026,Sportsmans,Winchester,300 Win Mag,150,Remington Core-Lokt 300 Winchester Magnum 150gr PSP Rifle Ammo - 20 Rounds,Lead-Core,In Stock,49.99,20,2.5,47700055701,R300W1,315916,Pointed Soft Point,3290,3605,,,https://www.sportsmans.com/shooting-gear-gun-supplies/ammunition-ammo-for-hunting-shooting-sports/rifle-ammo-hunting-shooting-sports/remington-core-lokt-300-winchester-magnum-150gr-psp-rifle-ammo-20-rounds/p/315916
7/21/2026,Sportsmans,Federal,300 Win Mag,180,Federal Power-Shok 300 Winchester Magnum 180gr SP Rifle Ammo - 20 Rounds,Lead-Core,In Stock,49.99,20,2.5,29465091415,300WBS,307040,Soft Point,2960,3502,,,https://www.sportsmans.com/shooting-gear-gun-supplies/ammunition-ammo-for-hunting-shooting-sports/rifle-ammo-hunting-shooting-sports/federal-power-shok-300-winchester-magnum-180gr-sp-rifle-ammo-20-rounds/p/307040
7/21/2026,Sportsmans,Hornady,300 Win Mag,150,Hornady American Whitetail 300 Winchester Magnum 150gr Interlock SP Rifle Ammo - 20 Rounds,Lead-Core,In Stock,44.99,20,2.25,90255382044,8204,1372029,Interlock Soft Point,3275,3572,,,https://www.sportsmans.com/shooting-gear-gun-supplies/ammunition-ammo-for-hunting-shooting-sports/rifle-ammo-hunting-shooting-sports/hornady-american-whitetail-300-winchester-magnum-150gr-interlock-sp-rifle-ammo-20-rounds/p/1372029
7/21/2026,Sportsmans,Barnes,300 Win Mag,150,Barnes Vor-Tx 300 Winchester Magnum 150gr TTSX BT Centerfire Ammo - 20 Rounds,Lead-Free,In Stock,65.69,20,3.284,7.16876E+11,21569,1400284,TTSX BT,3285,3595,,,https://www.sportsmans.com/shooting-gear-gun-supplies/ammunition-ammo-for-hunting-shooting-sports/rifle-ammo-hunting-shooting-sports/barnes-vor-tx-300-winchester-magnum-150gr-ttsx-bt-centerfire-ammo-20-rounds/p/1400284
7/21/2026,Sportsmans,Barnes,300 Win Mag,165,Barnes VOR-TX 300 Winchester Magnum 165gr TTSX BT Rifle Ammo - 20 Rounds,Lead-Free,In Stock,64.79,20,3.24,7.16876E+11,21537,1255330,TTSX BT,3120,3567,,,https://www.sportsmans.com/shooting-gear-gun-supplies/ammunition-ammo-for-hunting-shooting-sports/rifle-ammo-hunting-shooting-sports/barnes-vor-tx-300-winchester-magnum-165gr-ttsx-bt-rifle-ammo-20-rounds/p/1255330
7/21/2026,Sportsmans,Nosler,300 Win Mag,180,Nosler Trophy Grade 300 Winchester Magnum 180gr Accubond Rifle Ammo - 20 Rounds,Lead-Core,In Stock,99.99,20,4.999,54041600590,60059,1234428,AccuBond,2950,3477,,,https://www.sportsmans.com/shooting-gear-gun-supplies/ammunition-ammo-for-hunting-shooting-sports/rifle-ammo-hunting-shooting-sports/nosler-trophy-grade-300-winchester-magnum-180gr-accubond-rifle-ammo-20-rounds/p/1234428
7/21/2026,Sportsmans,Federal,300 Win Mag,180,Federal Power Shok 300 Winchester Magnum 180gr Copper HP Rifle Ammo - 20 Rounds,Lead-Free,In Stock,59.99,20,3,6.04545E+11,300W180LFA,1689736,Copper Hollow Point,2850,3246,,,https://www.sportsmans.com/shooting-gear-gun-supplies/ammunition-ammo-for-hunting-shooting-sports/rifle-ammo-hunting-shooting-sports/federal-power-shok-300-winchester-magnum-180gr-copper-hp-rifle-ammo-20-rounds/p/1689736
7/21/2026,Sportsmans,Winchester,300 Win Mag,180,Winchester Power-Point 300 Winchester Magnum 180gr Power Point Rifle Ammo - 20 Rounds,Lead-Core,In Stock,52.99,20,2.65,20892200388,X30WM2,307818,Power Point,2960,3501,,,https://www.sportsmans.com/shooting-gear-gun-supplies/ammunition-ammo-for-hunting-shooting-sports/rifle-ammo-hunting-shooting-sports/winchester-power-point-300-winchester-magnum-180gr-power-point-rifle-ammo-20-rounds/p/307818
7/21/2026,Sportsmans,Winchester,300 Win Mag,185,Berger Bullets Classic Hunter 300 Winchester Magnum 185gr JHP Centerfire Rifle Ammo - 20 Rounds,Lead-Core,In Stock,84.99,20,4.249,6.7946E+11,70020,1660053,Jacketed Hollow Point,3079,3895,,,https://www.sportsmans.com/shooting-gear-gun-supplies/ammunition-ammo-for-hunting-shooting-sports/rifle-ammo-hunting-shooting-sports/berger-bullets-classic-hunter-300-winchester-magnum-185gr-jhp-centerfire-rifle-ammo-20-rounds/p/1660053
7/21/2026,Sportsmans,Hornady,300 Win Mag,180,Hornady Superformance 300 Winchester Magnum 180gr SST Rifle Ammo - 20 Rounds,Lead-Core,In Stock,64.99,20,3.249,90255821932,82193,1243052,Super Shock Tip,3130,3917,,,https://www.sportsmans.com/shooting-gear-gun-supplies/ammunition-ammo-for-hunting-shooting-sports/rifle-ammo-hunting-shooting-sports/hornady-superformance-300-winchester-magnum-180gr-sst-rifle-ammo-20-rounds/p/1243052
7/21/2026,Sportsmans,Hornady,300 Win Mag,165,Hornady CX Superformance 300 Winchester Magnum 165gr Rifle Ammo - 20 Rounds,Lead-Free,In Stock,64.99,20,3.249,90255719987,820264,1728357,CX,3260,3893,,,https://www.sportsmans.com/shooting-gear-gun-supplies/ammunition-ammo-for-hunting-shooting-sports/rifle-ammo-hunting-shooting-sports/hornady-cx-superformance-300-winchester-magnum-165gr-rifle-ammo-20-rounds/p/1728357
7/21/2026,Sportsmans,Federal,300 Win Mag,185,Federal Premium 300 Winchester Magnum 185gr Berger Hybrid Rifle Ammo - 20 Rounds,Lead-Core,In Stock,62.99,20,3.15,6.04545E+11,P300WBCH1,1537760,Berger Hybrid,2950,3575,,,https://www.sportsmans.com/shooting-gear-gun-supplies/ammunition-ammo-for-hunting-shooting-sports/rifle-ammo-hunting-shooting-sports/federal-premium-300-winchester-magnum-185gr-berger-hybrid-rifle-ammo-20-rounds/p/1537760
7/21/2026,Sportsmans,Barnes,300 Win Mag,180,Federal Premium 300 Winchester Magnum 180gr Barnes TSX Rifle Ammo - 20 Rounds,Lead-Free,In Stock,66.99,20,3.349,29465097202,P300WP,1016055,Barnes Triple-Shock X,2960,3502,,,https://www.sportsmans.com/shooting-gear-gun-supplies/ammunition-ammo-for-hunting-shooting-sports/rifle-ammo-hunting-shooting-sports/federal-premium-300-winchester-magnum-180gr-barnes-tsx-rifle-ammo-20-rounds/p/1016055
7/21/2026,Sportsmans,Federal,300 Win Mag,190,Federal Premium Gold Medal 300 Winchester Magnum 190gr Sierra Matchking BTHP Rifle Ammo - 20 Rounds,Lead-Core,In Stock,69.99,20,3.499,29465091736,GM300WM,309020,Sierra MatchKing Boat-Tail Hollow Point,2900,3548,,,https://www.sportsmans.com/shooting-gear-gun-supplies/ammunition-ammo-for-hunting-shooting-sports/rifle-ammo-hunting-shooting-sports/federal-premium-gold-medal-300-winchester-magnum-190gr-sierra-matchking-bthp-rifle-ammo-20-rounds/p/309020
7/21/2026,Sportsmans,Hornady,300 Win Mag,180,Hornady Outfitter 300 Winchester Magnum 180gr CX Rifle Ammo - 20 Rounds,Lead-Free,In Stock,69.99,20,3.499,90255719871,821974,1728341,Full Metal Jacket Tipped,2960,3502,,,https://www.sportsmans.com/shooting-gear-gun-supplies/ammunition-ammo-for-hunting-shooting-sports/rifle-ammo-hunting-shooting-sports/hornady-cx-outfitter-300-winchester-magnum-180gr-rifle-ammo-20-rounds/p/1728341
7/21/2026,Sportsmans,Winchester,300 Win Mag,180,Winchester Deer Season XP 300 Winchester Magnum 180gr JHP Rifle Ammo - 20 Rounds,Lead-Core,In Stock,59.99,20,3,20892234093,X300DS2,1942373,Jacketed Hollow Point,2950,3478,,,https://www.sportsmans.com/shooting-gear-gun-supplies/ammunition-ammo-for-hunting-shooting-sports/rifle-ammo-hunting-shooting-sports/winchester-deer-season-xp-300-winchester-magnum-180gr-jhp-rifle-ammo-20-rounds/p/1942373
7/21/2026,Sportsmans,Winchester,300 Win Mag,195,Winchester Supreme Long Range 300 Winchester Magnum 195gr BC MAX Rifle Ammo - 20 Rounds,Lead-Core,In Stock,49.99,20,2.5,20892234437,S300BC,1983235,BC MAX,2900,3641,,,https://www.sportsmans.com/shooting-gear-gun-supplies/ammunition-ammo-for-hunting-shooting-sports/rifle-ammo-hunting-shooting-sports/winchester-supreme-long-range-300-winchester-magnum-195gr-bc-max-rifle-ammo-20-rounds/p/1983235
7/21/2026,Sportsmans,Hornady,300 Win Mag,180,Hornady American Whitetail 300 Winchester Magnum 180gr Interlock SP Rifle Ammo - 20 Rounds,Lead-Core,In Stock,44.99,20,2.25,90255820447,82044,1492037,Interlock Soft Point,2960,3501,,,https://www.sportsmans.com/shooting-gear-gun-supplies/ammunition-ammo-for-hunting-shooting-sports/rifle-ammo-hunting-shooting-sports/hornady-american-whitetail-300-winchester-magnum-180gr-interlock-sp-rifle-ammo-20-rounds/p/1492037
7/21/2026,Sportsmans,Barnes,300 Win Mag,220,Barnes Bullets Precision Match 300 Winchester Magnum 220gr OTMBT Rifle Ammo - 20 Rounds,Lead-Free,In Stock,62.99,20,3.15,7.16876E+11,30740,1814910,Open Tip Match Boat-Tail (OTMBT),2775,3762,,,https://www.sportsmans.com/shooting-gear-gun-supplies/ammunition-ammo-for-hunting-shooting-sports/rifle-ammo-hunting-shooting-sports/barnes-bullets-precision-match-300-winchester-magnum-220gr-otmbt-rifle-ammo-20-rounds/p/1814910
7/21/2026,Sportsmans,Barnes,300 Win Mag,190,Barnes VOR-TX LR 300 Winchester Magnum 190gr LRX BT Rifle Ammo - 20 Rounds,Lead-Free,In Stock,55.79,20,2.789,7.16876E+11,29013,1478503,Long Range X Boat Tail,2880,3500,,,https://www.sportsmans.com/shooting-gear-gun-supplies/ammunition-ammo-for-hunting-shooting-sports/rifle-ammo-hunting-shooting-sports/barnes-vor-tx-lr-300-winchester-magnum-190gr-lrx-bt-rifle-ammo-20-rounds/p/1478503
7/21/2026,Sportsmans,Nosler,300 Win Mag,180,Federal Premium Vital Shok 300 Winchester Magnum 180gr Nosler Partition Rifle Ammo - 20 Rounds,Lead-Core,Out of Stock,39.97,20,1.998,29465084615,P300WD2,304475,Nosler Partition,2960,3502,,,https://www.sportsmans.com/shooting-gear-gun-supplies/ammunition-ammo-for-hunting-shooting-sports/rifle-ammo-hunting-shooting-sports/federal-premium-vital-shok-300-winchester-magnum-180gr-nosler-partition-rifle-ammo-20-rounds/p/304475
7/21/2026,Sportsmans,Barnes,300 Win Mag,180,Barnes Bullets 32405 Harvest 300 Winchester Magnum 180gr Sierra Tipped GameKing Rifle Ammo - 20 Rounds,Lead-Free,Out of Stock,44.99,20,2.25,7.16877E+11,32405,1984010,Sierra Tipped GameKing,2960,3503,,,https://www.sportsmans.com/barnes-bullets/barnes-bullets-32405-harvest-300-winchester-magnum-180gr-sierra-tipped-gameking-rifle-ammo-20-rounds/p/1984010
7/21/2026,Sportsmans,Winchester,300 Win Mag,180,Fiocchi Field Dynamics 300 Winchester Magnum 180gr PSP Rifle Ammo - 20 Rounds,Lead-Core,In Stock,44.99,20,2.25,7.62345E+11,300WMB,1656681,Pointed Soft Point,3000,,,,https://www.sportsmans.com/shooting-gear-gun-supplies/ammunition-ammo-for-hunting-shooting-sports/rifle-ammo-hunting-shooting-sports/fiocchi-field-dynamics-300-winchester-magnum-180gr-psp-rifle-ammo-20-rounds/p/1656681
7/21/2026,Sportsmans,Winchester,300 Win Mag,180,Sig Sauer Venari SP 300 Winchester Magnum 180gr Soft Point Centerfire Rifle Ammo - 20 Rounds,Lead-Core,Out of Stock,59.99,20,3,7.98682E+11,V300WMSP180-20,1803652,Soft Point,3050,3717,,,https://www.sportsmans.com/shooting-gear-gun-supplies/ammunition-ammo-for-hunting-shooting-sports/rifle-ammo-hunting-shooting-sports/sig-sauer-venari-sp-300-winchester-magnum-180gr-soft-point-centerfire-rifle-ammo-20-rounds/p/1803652
7/21/2026,Sportsmans,Nosler,300 Win Mag,190,Nosler Trophy Grade Long Range 300 Winchester Magnum 190gr Accubond LR Rifle Ammo - 20 Rounds,Lead-Core,In Stock,99.99,20,4.999,54041601269,60126,1318683,Accubond Long Range,2870,3474,,,https://www.sportsmans.com/shooting-gear-gun-supplies/ammunition-ammo-for-hunting-shooting-sports/rifle-ammo-hunting-shooting-sports/nosler-trophy-grade-long-range-300-winchester-magnum-190gr-accubond-lr-rifle-ammo-20-rounds/p/1318683
7/21/2026,Sportsmans,Nosler,300 Win Mag,180,Nosler 300 Winchester Magnum 180gr Partition Trophy Grade Rifle Ammo - 20 Rounds,Lead-Core,Out of Stock,99.99,20,4.999,54041610568,61056,1694313,,2950,3477,,,https://www.sportsmans.com/shooting-gear-gun-supplies/ammunition-ammo-for-hunting-shooting-sports/rifle-ammo-hunting-shooting-sports/nosler-300-winchester-magnum-180gr-partition-trophy-grade-rifle-ammo-20-rounds/p/1694313
7/21/2026,Sportsmans,Winchester,300 Win Mag,190,Fiocchi Hyperformance 300 Winchester Magnum 190 gr Sierra MatchKing HPBT Rifle Ammo - 20 Rounds,Lead-Core,In Stock,69.99,20,3.499,7.62345E+11,300WMMKE,1815260,Sierra MatchKing Hollow Point Boat-Tail,2900,3800,,,https://www.sportsmans.com/shooting-gear-gun-supplies/ammunition-ammo-for-hunting-shooting-sports/rifle-ammo-hunting-shooting-sports/fiocchi-hyperformance-300-winchester-magnum-190-gr-sierra-matchking-hpbt-rifle-ammo-20-rounds/p/1815260
7/21/2026,Sportsmans,Nosler,300 Win Mag,180,Nosler 300 Winchester Magnum 180gr Ballistic Tip Hunting Rifle Ammo - 20 Rounds,Lead-Core,Out of Stock,59.99,20,3,54041400534,40053,1750134,Ballistic Tip,2950,3477,,,https://www.sportsmans.com/shooting-gear-gun-supplies/ammunition-ammo-for-hunting-shooting-sports/rifle-ammo-hunting-shooting-sports/nosler-300-winchester-magnum-180gr-ballistic-tip-hunting-rifle-ammo-20-rounds/p/1750134
7/21/2026,Sportsmans,Nosler,300 Win Mag,180,Nosler 300 Winchester Magnum 180gr Partition Trophy Grade Rifle Ammo - 20 Rounds,Lead-Core,Out of Stock,99.99,20,4.999,54041610568,61056,1694313,,2950,3477,,,https://www.sportsmans.com/shooting-gear-gun-supplies/ammunition-ammo-for-hunting-shooting-sports/rifle-ammo-hunting-shooting-sports/nosler-300-winchester-magnum-180gr-partition-trophy-grade-rifle-ammo-20-rounds/p/1694313
7/21/2026,Sportsmans,Winchester,300 Win Mag,190,Fiocchi Hyperformance 300 Winchester Magnum 190 gr Sierra MatchKing HPBT Rifle Ammo - 20 Rounds,Lead-Core,In Stock,69.99,20,3.499,7.62345E+11,300WMMKE,1815260,Sierra MatchKing Hollow Point Boat-Tail,2900,3800,,,https://www.sportsmans.com/shooting-gear-gun-supplies/ammunition-ammo-for-hunting-shooting-sports/rifle-ammo-hunting-shooting-sports/fiocchi-hyperformance-300-winchester-magnum-190-gr-sierra-matchking-hpbt-rifle-ammo-20-rounds/p/1815260
7/21/2026,Sportsmans,Nosler,300 Win Mag,180,Nosler 300 Winchester Magnum 180gr Ballistic Tip Hunting Rifle Ammo - 20 Rounds,Lead-Core,Out of Stock,59.99,20,3,54041400534,40053,1750134,Ballistic Tip,2950,3477,,,https://www.sportsmans.com/shooting-gear-gun-supplies/ammunition-ammo-for-hunting-shooting-sports/rifle-ammo-hunting-shooting-sports/nosler-300-winchester-magnum-180gr-ballistic-tip-hunting-rifle-ammo-20-rounds/p/1750134
7/21/2026,Sportsmans,Winchester,300 Win Mag,180,Sierra GameChanger 300 Winchester Magnum 180gr TGK Rifle Ammo - 20 Rounds,Lead-Core,Out of Stock,65.99,20,3.299,6.1271E+11,A4680--07,1653902,Tipped GameKing,2960,,,,https://www.sportsmans.com/shooting-gear-gun-supplies/ammunition-ammo-for-hunting-shooting-sports/rifle-ammo-hunting-shooting-sports/sierra-gamechanger-300-winchester-magnum-180gr-tgk-rifle-ammo-20-rounds/p/1653902
7/21/2026,Sportsmans,Winchester,300 Win Mag,180,PPU Standard Rifle 300 Winchester Magnum 180gr SP Rifle Ammo - 20 Rounds,Lead-Core,In Stock,35.99,20,1.8,8.605E+12,PP3003,1815854,Soft Point,2905,3373,,,https://www.sportsmans.com/shooting-gear-gun-supplies/ammunition-ammo-for-hunting-shooting-sports/rifle-ammo-hunting-shooting-sports/ppu-standard-rifle-300-winchester-magnum-180gr-sp-rifle-ammo-20-rounds/p/1815854
7/21/2026,Sportsmans,Winchester,300 Win Mag,180,Fiocchi Hyperformance 300 Winchester Magnum 180gr Swift Scirocco II Boat-Tail Spitzer Rifle Ammo - 20 Rounds,Lead-Core,In Stock,64.99,20,3.249,7.62345E+11,300WMSCA,1815259,Swift Scirocco II Boat-Tail Spitzer,3020,3645,,,https://www.sportsmans.com/shooting-gear-gun-supplies/ammunition-ammo-for-hunting-shooting-sports/rifle-ammo-hunting-shooting-sports/fiocchi-hyperformance-300-winchester-magnum-180gr-swift-scirocco-ii-boat-tail-spitzer-rifle-ammo-20-rounds/p/1815259
7/21/2026,Sportsmans,Winchester,300 Win Mag,180,Sierra GameChanger 300 Winchester Magnum 180gr TGK Rifle Ammo - 20 Rounds,Lead-Core,Out of Stock,65.99,20,3.299,6.1271E+11,A4680--07,1653902,Tipped GameKing,2960,,,,https://www.sportsmans.com/shooting-gear-gun-supplies/ammunition-ammo-for-hunting-shooting-sports/rifle-ammo-hunting-shooting-sports/sierra-gamechanger-300-winchester-magnum-180gr-tgk-rifle-ammo-20-rounds/p/1653902
7/21/2026,Sportsmans,Winchester,300 Win Mag,180,PPU Standard Rifle 300 Winchester Magnum 180gr SP Rifle Ammo - 20 Rounds,Lead-Core,In Stock,35.99,20,1.8,8.605E+12,PP3003,1815854,Soft Point,2905,3373,,,https://www.sportsmans.com/shooting-gear-gun-supplies/ammunition-ammo-for-hunting-shooting-sports/rifle-ammo-hunting-shooting-sports/ppu-standard-rifle-300-winchester-magnum-180gr-sp-rifle-ammo-20-rounds/p/1815854
7/21/2026,Sportsmans,Winchester,300 Win Mag,180,Fiocchi Hyperformance 300 Winchester Magnum 180gr Swift Scirocco II Boat-Tail Spitzer Rifle Ammo - 20 Rounds,Lead-Core,In Stock,64.99,20,3.249,7.62345E+11,300WMSCA,1815259,Swift Scirocco II Boat-Tail Spitzer,3020,3645,,,https://www.sportsmans.com/shooting-gear-gun-supplies/ammunition-ammo-for-hunting-shooting-sports/rifle-ammo-hunting-shooting-sports/fiocchi-hyperformance-300-winchester-magnum-180gr-swift-scirocco-ii-boat-tail-spitzer-rifle-ammo-20-rounds/p/1815259
7/21/2026,Sportsmans,Federal,300 Win Mag,165,Federal Premium MeatEater 300 Winchester Magnum 165gr Trophy Copper Rifle Ammo - 20 Rounds,Lead-Free,In Stock,65.99,20,3.299,29465063511,P300WTC2,1369159,Trophy Copper,3050,,,,https://www.sportsmans.com/shooting-gear-gun-supplies/ammunition-ammo-for-hunting-shooting-sports/rifle-ammo-hunting-shooting-sports/federal-premium-meateater-300-winchester-magnum-165gr-trophy-copper-rifle-ammo-20-rounds/p/1369159
7/21/2026,Sportsmans,Federal,300 Win Mag,180,Federal Premium MeatEater 300 Winchester Magnum 180gr Trophy Copper Rifle Ammo - 20 Rounds,Lead-Free,In Stock,66.99,20,3.349,29465063542,P300WTC1,1369160,Trophy Copper,2960,3502,,,https://www.sportsmans.com/shooting-gear-gun-supplies/ammunition-ammo-for-hunting-shooting-sports/rifle-ammo-hunting-shooting-sports/federal-premium-meateater-300-winchester-magnum-180gr-trophy-copper-rifle-ammo-20-rounds/p/1369160
7/21/2026,Sportsmans,Federal,300 Win Mag,180,Federal Premium 300 Winchester Magnum 180gr Trophy Bonded Rifle Ammo - 20 Rounds,Lead-Core,In Stock,63.99,20,3.2,29465099473,P300WTT1,1208924,Trophy Bonded,2960,3502,,,https://www.sportsmans.com/shooting-gear-gun-supplies/ammunition-ammo-for-hunting-shooting-sports/rifle-ammo-hunting-shooting-sports/federal-premium-300-winchester-magnum-180gr-trophy-bonded-rifle-ammo-20-rounds/p/1208924
7/21/2026,Sportsmans,Federal,300 Win Mag,165,Federal Premium 300 Winchester Magnum 165gr Trophy Bonded Rifle Ammo - 20 Rounds,Lead-Core,In Stock,63.99,20,3.2,29465060268,P300WTT2,1219328,Trophy Bonded,3050,3408,,,https://www.sportsmans.com/shooting-gear-gun-supplies/ammunition-ammo-for-hunting-shooting-sports/rifle-ammo-hunting-shooting-sports/federal-premium-300-winchester-magnum-165gr-trophy-bonded-rifle-ammo-20-rounds/p/1219328
7/21/2026,Sportsmans,Hornady,300 Win Mag,178,Hornady Precision Hunter 300 Winchester Magnum 178gr ELD-X Rifle Ammo - 20 Rounds,Lead-Core,In Stock,62.99,20,3.15,90255820416,82041,1617655,Extremely Low Drag Expanding,2960,3463,,,https://www.sportsmans.com/shooting-gear-gun-supplies/ammunition-ammo-for-hunting-shooting-sports/rifle-ammo-hunting-shooting-sports/hornady-precision-hunter-300-winchester-magnum-178gr-eld-x-rifle-ammo-20-rounds/p/1617655
7/21/2026,Sportsmans,Hornady,300 Win Mag,195,Hornady Match 300 Winchester Magnum 195gr ELD Match Rifle Ammo - 20 Rounds,Lead-Core,In Stock,63.99,20,3.2,90255821802,82180,1662347,Extremely Low Drag Match,2930,3717,,,https://www.sportsmans.com/shooting-gear-gun-supplies/ammunition-ammo-for-hunting-shooting-sports/rifle-ammo-hunting-shooting-sports/hornady-match-300-winchester-magnum-195gr-eld-match-rifle-ammo-20-rounds/p/1662347
7/21/2026,Sportsmans,Federal,300 Win Mag,165,Federal Fusion 300 Winchester Magnum 165gr Fusion SP Rifle Ammo - 20 Rounds,Lead-Core,In Stock,53.99,20,2.7,29465098018,F300WFS2,1106211,Fusion Soft Point,3080,3475,,,https://www.sportsmans.com/shooting-gear-gun-supplies/ammunition-ammo-for-hunting-shooting-sports/rifle-ammo-hunting-shooting-sports/federal-fusion-300-winchester-magnum-165gr-fusion-sp-rifle-ammo-20-rounds/p/1106211
7/21/2026,Sportsmans,Hornady,300 Win Mag,178,Hornady Match 300 Winchester Magnum 178gr ELD Match Rifle Ammo - 20 Rounds,Lead-Core,In Stock,64.99,20,3.249,90255820430,82043,1471179,Extremely Low Drag Match,2960,3462,,,https://www.sportsmans.com/shooting-gear-gun-supplies/ammunition-ammo-for-hunting-shooting-sports/rifle-ammo-hunting-shooting-sports/hornady-match-300-winchester-magnum-178gr-eld-match-rifle-ammo-20-rounds/p/1471179
7/21/2026,Sportsmans,Federal,300 Win Mag,150,Federal Power-Shok 300 Winchester Magnum 150gr SP Rifle Ammo - 20 Rounds,Lead-Core,Out of Stock,43.99,20,2.2,29465091446,300WGS,307041,Soft Point,3150,3305,,,https://www.sportsmans.com/shooting-gear-gun-supplies/ammunition-ammo-for-hunting-shooting-sports/rifle-ammo-hunting-shooting-sports/federal-power-shok-300-winchester-magnum-150gr-sp-rifle-ammo-20-rounds/p/307041
7/21/2026,Sportsmans,Winchester,300 Win Mag,168,Berger Classic Hunter 300 Winchester Magnum 168gr HBT Rifle Ammo - 20 Rounds,Lead-Core,In Stock,84.99,20,4.249,6.7946E+11,70010,1814933,Hybrid Boat-Tail,3150,3702,,,https://www.sportsmans.com/shooting-gear-gun-supplies/ammunition-ammo-for-hunting-shooting-sports/rifle-ammo-hunting-shooting-sports/berger-classic-hunter-300-winchester-magnum-168gr-hbt-rifle-ammo-20-rounds/p/1814933
7/21/2026,Sportsmans,Winchester,300 Win Mag,150,Winchester Copper Impact 300 Winchester Magnum 150gr Extreme Point Rifle Ammo - 20 Rounds,Lead-Free,Out of Stock,57.99,20,2.9,20892224261,X300cLF,1500114,Extreme Point,3260,3539,,,https://www.sportsmans.com/shooting-gear-gun-supplies/ammunition-ammo-for-hunting-shooting-sports/rifle-ammo-hunting-shooting-sports/winchester-copper-impact-300-winchester-magnum-150gr-extreme-point-rifle-ammo-20-rounds/p/1500114
7/21/2026,Sportsmans,Winchester,300 Win Mag,180,Remington 300 Winchester Magnum 180gr Core-Lokt Tipped Rifle Ammo - 20 Rounds,Lead-Core,In Stock,50.99,20,2.55,47700417905,R29038,1721061,Core-Lokt Tipped,2980,3549,,,https://www.sportsmans.com/shooting-gear-gun-supplies/ammunition-ammo-for-hunting-shooting-sports/rifle-ammo-hunting-shooting-sports/remington-300-winchester-magnum-180gr-core-lokt-tipped-rifle-ammo-20-rounds/p/1721061
7/21/2026,Sportsmans,Winchester,300 Win Mag,150,Winchester Deer Season XP 300 Winchester Magnum 150gr XP Rifle Ammo - 20 Rounds,Lead-Core,In Stock,55.99,20,2.8,20892221598,X300DS,1406980,Extreme Point,3260,3539,,,https://www.sportsmans.com/shooting-gear-gun-supplies/ammunition-ammo-for-hunting-shooting-sports/rifle-ammo-hunting-shooting-sports/winchester-deer-season-xp-300-winchester-magnum-150gr-xp-rifle-ammo-20-rounds/p/1406980
7/21/2026,Sportsmans,Federal,300 Win Mag,180,Federal Premium 300 Winchester Magnum 180gr Swift Scirocco II Rifle Ammo - 20 Rounds,Lead-Core,Out of Stock,65.99,20,3.299,6.04545E+11,P300WSS1,1658530,Scirocco,2950,3478,,,https://www.sportsmans.com/shooting-gear-gun-supplies/ammunition-ammo-for-hunting-shooting-sports/rifle-ammo-hunting-shooting-sports/federal-premium-300-winchester-magnum-180gr-swift-scirocco-ii-rifle-ammo-20-rounds/p/1658530
7/21/2026,Sportsmans,Winchester,300 Win Mag,168,HSM Trophy Gold 300 Winchester Magnum 168gr VLD Rifle Ammo - 20 Rounds,Lead-Core,In Stock,76.99,20,3.849,8.37306E+11,300WM168VLD,1684296,Very Low Drag,3193,3804,,,https://www.sportsmans.com/shooting-gear-gun-supplies/ammunition-ammo-for-hunting-shooting-sports/rifle-ammo-hunting-shooting-sports/hsm-trophy-gold-300-winchester-magnum-168gr-vld-rifle-ammo-20-rounds/p/1684296
7/21/2026,Sportsmans,Winchester,300 Win Mag,190,Remington Premier Long Range 300 Winchester Magnum Speer Impact 190gr Rifle Ammo - 20 Rounds,Lead-Core,In Stock,65.99,20,3.299,47700485805,R21346,1800692,Speer Impact,2885,2506,,,https://www.sportsmans.com/shooting-gear-gun-supplies/ammunition-ammo-for-hunting-shooting-sports/rifle-ammo-hunting-shooting-sports/remington-premier-long-range-300-winchester-magnum-speer-impact-190gr-rifle-ammo-20-rounds/p/1800692
7/21/2026,Sportsmans,Federal,300 Win Mag,200,Federal Premium 300 Winchester Magnum 200gr ELD-X Centerfire Rifle Ammo - 20 Rounds,Lead-Core,In Stock,64.99,20,3.249,6.04545E+11,P300WELDX1,1800652,Extremely Low Drag-eXpanding,,,,,https://www.sportsmans.com/shooting-gear-gun-supplies/ammunition-ammo-for-hunting-shooting-sports/rifle-ammo-hunting-shooting-sports/federal-premium-300-winchester-magnum-200gr-eld-x-centerfire-rifle-ammo-20-rounds/p/1800652
7/21/2026,Sportsmans,Winchester,300 Win Mag,200,HSM Game King 300 Winchester Magnum 200gr SGSBT Rifle Ammo - 20 Rounds,Lead-Core,In Stock,71.99,20,3.599,8.10742E+11,300WINMAG14N,1815449,Sierra GameKing Spitzer Boat-Tail,2850,3608,,,https://www.sportsmans.com/shooting-gear-gun-supplies/ammunition-ammo-for-hunting-shooting-sports/rifle-ammo-hunting-shooting-sports/hsm-game-king-300-winchester-magnum-200gr-sgsbt-rifle-ammo-20-rounds/p/1815449
7/21/2026,Sportsmans,Winchester,300 Win Mag,210,HSM Trophy Gold 300 Winchester Magnum 210gr BHVLDM Rifle Ammo - 20 Rounds,Lead-Core,In Stock,78.99,20,3.949,8.37306E+11,300WM210V,1815451,Berger Hunting VLD Match,2922,3982,,,https://www.sportsmans.com/shooting-gear-gun-supplies/ammunition-ammo-for-hunting-shooting-sports/rifle-ammo-hunting-shooting-sports/hsm-trophy-gold-300-winchester-magnum-210gr-bhvldm-rifle-ammo-20-rounds/p/1815451
7/21/2026,Sportsmans,Winchester,300 Win Mag,180,HSM Game King 300 Winchester Magnum 180gr SGSBT Rifle Ammo - 20 Rounds,Lead-Core,In Stock,62.99,20,3.15,8.10742E+11,300WINMAG41N,1815450,Sierra GameKing Spitzer Boat-Tail,,,,,https://www.sportsmans.com/shooting-gear-gun-supplies/ammunition-ammo-for-hunting-shooting-sports/rifle-ammo-hunting-shooting-sports/hsm-game-king-300-winchester-magnum-180gr-sgsbt-rifle-ammo-20-rounds/p/1815450
7/21/2026,Sportsmans,Barnes,300 Win Mag,165,Federal Premium 300 Winchester Magnum 165gr Barnes Triple-Shock X Bullet Centerfire Rifle Ammo - 20 Rounds,Lead-Free,In Stock,65.99,20,3.299,6.04545E+11,P300WR,1788829,Barnes Triple-Shock X,3050,,,,https://www.sportsmans.com/shooting-gear-gun-supplies/ammunition-ammo-for-hunting-shooting-sports/rifle-ammo-hunting-shooting-sports/federal-premium-300-winchester-magnum-165gr-barnes-triple-shock-x-bullet-centerfire-rifle-ammo-20-rounds/p/1788829
7/21/2026,Sportsmans,Winchester,300 Win Mag,185,HSM Trophy Gold 300 Winchester Magnum 185gr VLD Rifle Ammo - 20 Rounds,Lead-Core,In Stock,77.99,20,3.899,8.37306E+11,300WM185VLD,1243066,Very Low Drag,3094,4031,,,https://www.sportsmans.com/shooting-gear-gun-supplies/ammunition-ammo-for-hunting-shooting-sports/rifle-ammo-hunting-shooting-sports/hsm-trophy-gold-300-winchester-magnum-185gr-vld-rifle-ammo-20-rounds/p/1243066
7/21/2026,Sportsmans,Winchester,300 Win Mag,165,HSM Game King 300 Winchester Magnum 165gr SBT Rifle Ammo - 20 Rounds,Lead-Core,In Stock,63.99,20,3.2,8.10742E+11,300WinMAG-40-N,1675525,Spitzer Boat Tail GameKing,3170,3683,,,https://www.sportsmans.com/shooting-gear-gun-supplies/ammunition-ammo-for-hunting-shooting-sports/rifle-ammo-hunting-shooting-sports/hsm-game-king-300-winchester-magnum-165gr-sbt-rifle-ammo-20-rounds/p/1675525
7/21/2026,Sportsmans,Winchester,300 Win Mag,180,Aguila 300 Winchester Magnum 180gr SP Rifle Ammo - 20 Rounds,Lead-Core,In Stock,37.99,20,1.9,6.4042E+11,82044AG,1914575,Soft Point,2950,3478,,,https://www.sportsmans.com/shooting-gear-gun-supplies/ammunition-ammo-for-hunting-shooting-sports/rifle-ammo-hunting-shooting-sports/aguila-300-winchester-magnum-180gr-sp-rifle-ammo-20-rounds/p/1914575
7/21/2026,Sportsmans,Winchester,300 Win Mag,180,Remington Premier CuT 300 Winchester Magnum 180gr CT Rifle Ammo - 20 Rounds,Lead-Free,In Stock,69.99,20,3.499,47700223452,R22345,1932396,Copper Tipped,2960,3502,,,https://www.sportsmans.com/shooting-gear-gun-supplies/ammunition-ammo-for-hunting-shooting-sports/rifle-ammo-hunting-shooting-sports/remington-premier-cut-300-winchester-magnum-180gr-ct-rifle-ammo-20-rounds/p/1932396
7/21/2026,Sportsmans,Federal,300 Win Mag,180,Federal Fusion Tipped 300 Winchester Magnum 180gr FT Rifle Ammo - 20 Rounds,Lead-Core,In Stock,64.99,20,3.249,6.04545E+11,F300WTFS3,1932372,Fusion Tipped,2950,3478,0.501,,https://www.sportsmans.com/shooting-gear-gun-supplies/ammunition-ammo-for-hunting-shooting-sports/rifle-ammo-hunting-shooting-sports/federal-fusion-tipped-300-winchester-magnum-180gr-ft-rifle-ammo-20-rounds/p/1932372
7/21/2026,Sportsmans,Winchester,300 Win Mag,180,Winchester Ballistic Silvertip 300 Winchester Magnum 180gr Ballistic Silvertip Rifle Ammo - 20 Rounds,Lead-Core,Out of Stock,63.99,20,3.2,20892210325,SBST300,300737,Ballistic Silvertip,2950,3478,,,https://www.sportsmans.com/shooting-gear-gun-supplies/ammunition-ammo-for-hunting-shooting-sports/rifle-ammo-hunting-shooting-sports/winchester-ballistic-silvertip-300-winchester-magnum-180gr-ballistic-silvertip-rifle-ammo-20-rounds/p/300737
7/21/2026,Sportsmans,Winchester,300 Win Mag,165,PPU Standard Rifle 300 Winchester Magnum 165gr PSPBT Rifle Ammo - 20 Rounds,Lead-Core,Out of Stock,32.99,20,1.65,8.605E+12,PP3002,1671589,Pointed Soft Point Boat Tail,3050,3408,,,https://www.sportsmans.com/shooting-gear-gun-supplies/ammunition-ammo-for-hunting-shooting-sports/rifle-ammo-hunting-shooting-sports/ppu-standard-rifle-300-winchester-magnum-165gr-pspbt-rifle-ammo-20-rounds/p/1671589
7/21/2026,Sportsmans,Winchester,300 Win Mag,150,PPU Standard Rifle 300 Winchester Magnum 150gr SP Rifle Ammo - 20 Rounds,Lead-Core,Out of Stock,32.99,20,1.65,8.605E+12,PP3001,1671588,Soft Point,3250,3518,,,https://www.sportsmans.com/shooting-gear-gun-supplies/ammunition-ammo-for-hunting-shooting-sports/rifle-ammo-hunting-shooting-sports/ppu-standard-rifle-300-winchester-magnum-150gr-sp-rifle-ammo-20-rounds/p/1671588
7/21/2026,Sportsmans,Nosler,300 Win Mag,200,Nosler Trophy Grade 300 Winchester Magnum 200gr FMJSP Centerfire Rifle Ammo - 20 Rounds,Lead-Core,Out of Stock,99.99,20,4.999,54041600699,60069,1750254,Full Metal Jacket Soft Point,2750,3357,,,https://www.sportsmans.com/shooting-gear-gun-supplies/ammunition-ammo-for-hunting-shooting-sports/rifle-ammo-hunting-shooting-sports/nosler-trophy-grade-300-winchester-magnum-200gr-fmjsp-centerfire-rifle-ammo-20-rounds/p/1750254
7/21/2026,Sportsmans,Nosler,300 Win Mag,210,Nosler Match Grade RDF 300 Winchester Magnum 210gr Hollow Point Centerfire Rifle Ammo - 20 Rounds,Lead-Core,Out of Stock,69.99,20,3.499,54041601580,60158,1750202,Hollow Point,2750,3526,,,https://www.sportsmans.com/shooting-gear-gun-supplies/ammunition-ammo-for-hunting-shooting-sports/rifle-ammo-hunting-shooting-sports/nosler-match-grade-rdf-300-winchester-magnum-210gr-hollow-point-centerfire-rifle-ammo-20-rounds/p/1750202
7/21/2026,Sportsmans,Barnes,300 Win Mag,200,Buffalo Bore Barnes TSX Premium Supercharged 300 Winchester Magnum 200gr Jacketed Hollow Point Rifle Ammo - 20 Rounds,Lead-Free,Out of Stock,99.99,20,4.999,6.51815E+11,55A/20,1658484,Hollow Point,2900,,,,https://www.sportsmans.com/shooting-gear-gun-supplies/ammunition-ammo-for-hunting-shooting-sports/rifle-ammo-hunting-shooting-sports/buffalo-bore-barnes-tsx-premium-supercharged-300-winchester-magnum-200gr-jacketed-hollow-point-rifle-ammo-20-rounds/p/1658484
7/21/2026,Sportsmans,Barnes,300 Win Mag,168,Choice Ammunition 300 Winchester Magnum 168gr Barnes TTSX Rifle Ammo - 20 Rounds,Lead-Free,Out of Stock,89.99,20,4.499,6.11166E+11,168TTSXLF300WIN20,1542547,Barnes TTSX,3145,,,,https://www.sportsmans.com/shooting-gear-gun-supplies/ammunition-ammo-for-hunting-shooting-sports/rifle-ammo-hunting-shooting-sports/choice-ammunition-300-winchester-magnum-168gr-barnes-ttsx-rifle-ammo-20-rounds/p/1542547
7/21/2026,Sportsmans,Nosler,300 Win Mag,180,Choice Ammunition 300 Winchester Magnum 180gr Nosler Accubond Rifle Ammo - 20 Rounds,Lead-Core,Out of Stock,64.99,20,3.249,6.11166E+11,180ACCU300WIN20,1542548,Nosler Accubond,3115,,,,https://www.sportsmans.com/shooting-gear-gun-supplies/ammunition-ammo-for-hunting-shooting-sports/rifle-ammo-hunting-shooting-sports/choice-ammunition-300-winchester-magnum-180gr-nosler-accubond-rifle-ammo-20-rounds/p/1542548
7/21/2026,Sportsmans,Winchester,300 Win Mag,190,Winchester Expedition Big Game Long Range 300 Winchester Magnum 190gr Accubond Rifle Ammo - 20 Rounds,Lead-Core,Out of Stock,64.99,20,3.249,20892223226,S300LR,1542689,AccuBond,2900,3547,,,https://www.sportsmans.com/shooting-gear-gun-supplies/ammunition-ammo-for-hunting-shooting-sports/rifle-ammo-hunting-shooting-sports/winchester-expedition-big-game-long-range-300-winchester-magnum-190gr-accubond-rifle-ammo-20-rounds/p/1542689
7/21/2026,Sportsmans,Winchester,300 Win Mag,180,Browning BXS Solid Expansion Big Game and Deer 300 Winchester Magnum 180gr SEPT Rifle Ammo - 20 Rounds,Lead-Core,Out of Stock,59.99,20,3,20892224780,B192403001,1801808,Polymer Tipped,,,,,https://www.sportsmans.com/shooting-gear-gun-supplies/ammunition-ammo-for-hunting-shooting-sports/rifle-ammo-hunting-shooting-sports/browning-bxs-solid-expansion-big-game-and-deer-300-winchester-magnum-180gr-sept-rifle-ammo-20-rounds/p/1801808
7/21/2026,Sportsmans,Winchester,300 Win Mag,180,Winchester Supreme Accubond 300 Winchester Magnum 180gr Rifle Ammo - 20 Rounds,Lead-Core,Out of Stock,64.99,20,3.249,20892214446,S300WMCT,1016182,Polymer Tip,2950,,,,https://www.sportsmans.com/shooting-gear-gun-supplies/ammunition-ammo-for-hunting-shooting-sports/rifle-ammo-hunting-shooting-sports/winchester-supreme-accubond-300-winchester-magnum-180gr-rifle-ammo-20-rounds/p/1016182
7/21/2026,Sportsmans,Federal,300 Win Mag,175,Federal Premium 300 Winchester Magnum 175gr Terminal Ascent Rifle Ammo - 20 Rounds,Lead-Core,Out of Stock,69.99,20,3.499,6.04545E+11,P300WTA2,1940496,Terminal Ascent,3030,,,,https://www.sportsmans.com/shooting-gear-gun-supplies/ammunition-ammo-for-hunting-shooting-sports/rifle-ammo-hunting-shooting-sports/federal-premium-300-winchester-magnum-175gr-terminal-ascent-rifle-ammo-20-rounds/p/1940496
7/21/2026,Sportsmans,Winchester,300 Win Mag,195,Browning Long Range Pro 300 Winchester Magnum 195gr Sierra MatchKing BTPT Rifle Ammo - 20 Rounds,Lead-Core,Out of Stock,53.99,20,2.7,20892226425,B192503001,1672432,Sierra MatchKing Boat Tail Polymer Tip,2900,3641,,,https://www.sportsmans.com/shooting-gear-gun-supplies/ammunition-ammo-for-hunting-shooting-sports/rifle-ammo-hunting-shooting-sports/browning-long-range-pro-300-winchester-magnum-195gr-sierra-matchking-btpt-rifle-ammo-20-rounds/p/1672432
7/21/2026,Sportsmans,Winchester,300 Win Mag,180,Armscor 300 Winchester Magnum 180gr AccuBond - 20 Rounds,Lead-Core,Out of Stock,38.99,20,1.95,8.11984E+11,F AC300WM-180GR-AB,1676195,AccuBond,2850,,,,https://www.sportsmans.com/shooting-gear-gun-supplies/ammunition-ammo-for-hunting-shooting-sports/rifle-ammo-hunting-shooting-sports/armscor-300-winchester-magnum-180gr-accubond-20-rounds/p/1676195
7/21/2026,Sportsmans,Winchester,300 Win Mag,180,Sig Sauer Elite Hunter Accubond 300 Winchester Magnum 180gr FMJ Rifle Ammo - 20 Rounds,Lead-Core,Out of Stock,71.99,20,3.599,7.98683E+11,E3WMAB18020,1815811,Full Metal Jacket,3050,3717,,,https://www.sportsmans.com/shooting-gear-gun-supplies/ammunition-ammo-for-hunting-shooting-sports/rifle-ammo-hunting-shooting-sports/sig-sauer-elite-hunter-accubond-300-winchester-magnum-180gr-fmj-rifle-ammo-20-rounds/p/1815811
7/21/2026,Sportsmans,Winchester,300 Win Mag,180,Norma Bondstrike Extreme 300 Winchester Magnum 180gr Rifle Ammo - 20 Rounds,Lead-Core,Out of Stock,59.99,20,3,7.39392E+12,20176332,1773486,Ballistic Tip,3084,,,,https://www.sportsmans.com/shooting-gear-gun-supplies/ammunition-ammo-for-hunting-shooting-sports/rifle-ammo-hunting-shooting-sports/norma-bondstrike-extreme-300-winchester-magnum-180gr-rifle-ammo-20-rounds/p/1773486
7/21/2026,Sportsmans,Winchester,300 Win Mag,180,Norma American Professional Hunter 300 Winchester Magnum 180gr Oryx Protected Soft Point Rifle Ammo - 20 Rounds,Lead-Core,Out of Stock,69.99,20,3.499,7.39392E+12,20174892,1691926,Oryx Protected Soft Point,2920,3409,,,https://www.sportsmans.com/shooting-gear-gun-supplies/ammunition-ammo-for-hunting-shooting-sports/rifle-ammo-hunting-shooting-sports/norma-american-professional-hunter-300-winchester-magnum-180gr-oryx-protected-soft-point-rifle-ammo-20-rounds/p/1691926
7/21/2026,Sportsmans,Winchester,300 Win Mag,150,Norma Whitetail 300 Winchester Magnum 150gr PSP Rifle Ammo - 20 Rounds,Lead-Core,Out of Stock,29.99,20,1.499,7.39392E+12,20177412,1691924,Pointed Soft Point,3248,3513,,,https://www.sportsmans.com/shooting-gear-gun-supplies/ammunition-ammo-for-hunting-shooting-sports/rifle-ammo-hunting-shooting-sports/norma-whitetail-300-winchester-magnum-150gr-psp-rifle-ammo-20-rounds/p/1691924
7/21/2026,Sportsmans,Federal,300 Win Mag,165,Federal TSX 300 Winchester Magnum 165gr Rifle Ammo - 20 Rounds,Lead-Free,Out of Stock,62.99,20,3.15,29465098544,P300WR,1137389,Hollow Point,3050,,,,https://www.sportsmans.com/shooting-gear-gun-supplies/ammunition-ammo-for-hunting-shooting-sports/rifle-ammo-hunting-shooting-sports/federal-tsx-300-winchester-magnum-165gr-rifle-ammo-20-rounds/p/1137389
7/21/2026,Sportsmans,Nosler,300 Win Mag,180,Nosler E-Tip Lead-Free 300 Winchester Magnum 180gr E-Tip Rifle Ammo - 20 Rounds,Lead-Free,Out of Stock,69.99,20,3.499,54041400381,40038,1496250,E-Tip,2950,3478,,,https://www.sportsmans.com/shooting-gear-gun-supplies/ammunition-ammo-for-hunting-shooting-sports/rifle-ammo-hunting-shooting-sports/nosler-e-tip-lead-free-300-winchester-magnum-180gr-e-tip-rifle-ammo-20-rounds/p/1496250
7/21/2026,Sportsmans,Winchester,300 Win Mag,175,DoubleTap Safari 300 Winchester Magnum 175gr LRX Rifle Ammo - 20 Rounds,Lead-Free,Out of Stock,57.99,20,2.9,91037349958,3W175X,1541125,Barnes LRX Lead Free,3050,3615,,,https://www.sportsmans.com/shooting-gear-gun-supplies/ammunition-ammo-for-hunting-shooting-sports/rifle-ammo-hunting-shooting-sports/doubletap-safari-300-winchester-magnum-175gr-lrx-rifle-ammo-20-rounds/p/1541125
7/21/2026,Sportsmans,Winchester,300 Win Mag,180,DoubleTap Hunter 300 Winchester Magnum 180gr Swift Scirocco II Rifle Ammo - 20 Rounds,Lead-Core,Out of Stock,66.99,20,3.349,13964487718,3W180SS,1541126,Swift Scirocco II,3050,3719,,,https://www.sportsmans.com/shooting-gear-gun-supplies/ammunition-ammo-for-hunting-shooting-sports/rifle-ammo-hunting-shooting-sports/doubletap-hunter-300-winchester-magnum-180gr-swift-scirocco-ii-rifle-ammo-20-rounds/p/1541126
7/21/2026,Sportsmans,Barnes,300 Win Mag,180,Buffalo Bore Barnes TSX Supercharged 300 Winchester Magnum 180gr Tipped-FMJ Rifle Ammo - 20 Rounds,Lead-Free,Out of Stock,99.99,20,4.999,6.51815E+11,55B/20,1658485,Full Metal Jacket,3100,,,,https://www.sportsmans.com/shooting-gear-gun-supplies/ammunition-ammo-for-hunting-shooting-sports/rifle-ammo-hunting-shooting-sports/buffalo-bore-barnes-tsx-supercharged-300-winchester-magnum-180gr-tipped-fmj-rifle-ammo-20-rounds/p/1658485
7/21/2026,Sportsmans,Winchester,300 Win Mag,180,Norma Bondstrike Extreme 300 Winchester Magnum 180gr B Rifle Ammo - 20 Rounds,Lead-Core,Out of Stock,64.99,20,3.249,7.39392E+12,20176892,1667709,Bondstrike,3084,3802,,,https://www.sportsmans.com/shooting-gear-gun-supplies/ammunition-ammo-for-hunting-shooting-sports/rifle-ammo-hunting-shooting-sports/norma-bondstrike-extreme-300-winchester-magnum-180gr-b-rifle-ammo-20-rounds/p/1667709
7/21/2026,Sportsmans,Winchester,300 Win Mag,180,Winchester Copper Impact 300 Winchester Magnum 180gr Extreme Point Rifle Ammo - 20 Rounds,Lead-Free,Out of Stock,64.99,20,3.249,20892231337,X300CLF2,1801790,Extreme Point,2950,3478,,,https://www.sportsmans.com/shooting-gear-gun-supplies/ammunition-ammo-for-hunting-shooting-sports/rifle-ammo-hunting-shooting-sports/winchester-copper-impact-300-winchester-magnum-180gr-copper-rifle-ammo-20-rounds/p/1801790
7/21/2026,Sportsmans,Winchester,300 Win Mag,150,Winchester Super-X 300 Winchester Magnum 150gr PC Rifle Ammo - 20 Rounds,Lead-Core,Out of Stock,40.99,20,2.05,20892218901,*X300WMLF,1276911,Power Core,3260,3539,,,https://www.sportsmans.com/shooting-gear-gun-supplies/ammunition-ammo-for-hunting-shooting-sports/rifle-ammo-hunting-shooting-sports/winchester-super-x-300-winchester-magnum-150gr-pc-rifle-ammo-20-rounds/p/1276911
7/21/2026,Sportsmans,Winchester,300 Win Mag,150,Winchester Super X Power Max Bonded 300 Winchester Magnum 150gr PHP Rifle Ammo - 20 Rounds,Lead-Core,Out of Stock,46.99,20,2.349,20892218093,X30WM1BP,1232716,Protected Hollow Point,3290,3605,,,https://www.sportsmans.com/shooting-gear-gun-supplies/ammunition-ammo-for-hunting-shooting-sports/rifle-ammo-hunting-shooting-sports/winchester-super-x-power-max-bonded-300-winchester-magnum-150gr-php-rifle-ammo-20-rounds/p/1232716
7/21/2026,Sportsmans,Winchester,300 Win Mag,150,HSM Low Recoil 300 Winchester Magnum 150gr Rifle Ammo - 20 Rounds,Lead-Core,Out of Stock,68.99,20,3.449,8.10742E+11,300WinMAG-42-N,1675537,Low Recoil,2398,,,,https://www.sportsmans.com/shooting-gear-gun-supplies/ammunition-ammo-for-hunting-shooting-sports/rifle-ammo-hunting-shooting-sports/hsm-low-recoil-300-winchester-magnum-150gr-rifle-ammo-20-rounds/p/1675537
7/21/2026,Sportsmans,Winchester,300 Win Mag,180,Browning Long Range Pro Hunter 300 Winchester Magnum 180gr Rifle Ammo - 20 Rounds,Lead-Core,Out of Stock,60.99,20,3.05,20892230170,B192503002,1687859,Sierra Tipped GameKing,2900,3361,,,https://www.sportsmans.com/shooting-gear-gun-supplies/ammunition-ammo-for-hunting-shooting-sports/rifle-ammo-hunting-shooting-sports/browning-long-range-pro-hunter-300-winchester-magnum-180gr-rifle-ammo-20-rounds/p/1687859
7/21/2026,Sportsmans,Winchester,300 Win Mag,215,Berger Bullets Target 300 Winchester Magnum 215gr HBT Rifle Ammo - 20 Rounds,Lead-Core,Out of Stock,75.99,20,3.799,6.7946E+11,70100,1814934,Hybrid Boat-Tail,2886,3702,,,https://www.sportsmans.com/shooting-gear-gun-supplies/ammunition-ammo-for-hunting-shooting-sports/rifle-ammo-hunting-shooting-sports/berger-bullets-target-300-winchester-magnum-215gr-hbt-rifle-ammo-20-rounds/p/1814934
7/21/2026,Sportsmans,Winchester,300 Win Mag,155,Browning BXR 300 Winchester Magnum 155gr REMT Rifle Ammo - 20 Rounds,Lead-Core,Out of Stock,42.99,20,2.15,20892222274,B192103001,1427366,REMT,3260,3657,,,https://www.sportsmans.com/shooting-gear-gun-supplies/ammunition-ammo-for-hunting-shooting-sports/rifle-ammo-hunting-shooting-sports/browning-bxr-300-winchester-magnum-155gr-remt-rifle-ammo-20-rounds/p/1427366
7/21/2026,Sportsmans,Winchester,300 Win Mag,180,Browning Max Point 300 Winchester Magnum 180gr PT Rifle Ammo - 20 Rounds,Lead-Core,Out of Stock,59.99,20,3,20892232815,B192103002,1819136,Polymer Tip,2950,3478,,,https://www.sportsmans.com/shooting-gear-gun-supplies/ammunition-ammo-for-hunting-shooting-sports/rifle-ammo-hunting-shooting-sports/browning-max-point-300-winchester-magnum-180gr-pt-rifle-ammo-20-rounds/p/1819136
7/21/2026,Sportsmans,Winchester,300 Win Mag,180,Browning Silver Series 300 Winchester Magnum 180gr PSP Rifle Ammo - 20 Rounds,Lead-Core,Out of Stock,51.99,20,2.599,20892232228,B192603001,1819147,Plated Soft Point,2960,3501,,,https://www.sportsmans.com/shooting-gear-gun-supplies/ammunition-ammo-for-hunting-shooting-sports/rifle-ammo-hunting-shooting-sports/browning-silver-series-300-winchester-magnum-180gr-psp-rifle-ammo-20-rounds/p/1819147
