date,retailer,brand,caliber,weight,name,category,stock,price,qty,ppr,upc,mpn,sku,style,velocity,energy,bc,sd,url
5/27/2026,Midwayusa,Sellier & Bellot,30-06 Springfield,150,Sellier & Bellot M1 Garand 30-06 Springfield Ammo 150 Grain Full Metal Jacket,Lead-Core,In Stock,23.99,20,1.2,7.54909E+11,SB3006M2,318110,Polymer Tip,2700,2428,,,https://www.midwayusa.com/product/1777318110
5/27/2026,Midwayusa,Barnes,30-06 Springfield,168,Barnes VOR-TX 30-06 Springfield Ammo 168 Grain Barnes Tipped Triple-Shock X Polymer Tip Lead Free Box of 20,Lead-Free,In Stock,55.99,20,2.8,7.16876E+11,21565,778704,ELD-X,2800,2925,0.47,0.253,https://www.midwayusa.com/product/1001616439
5/27/2026,Midwayusa,Winchester,30-06 Springfield,180,Winchester Ballistic Silvertip 30-06 Springfield Ammo 180 Grain Polymer Tip Box of 20,Lead-Core,In Stock,32.14,20,1.607,20892213968,SBST3006B,916024,ELD-X,2750,3022,0.507,,https://www.midwayusa.com/product/2900916024
5/27/2026,Midwayusa,Federal,30-06 Springfield,175,Federal Premium Terminal Ascent 30-06 Springfield Ammo 175 Grain Bonded Polymer Tip,Lead-Core,In Stock,51.99,20,2.599,6.04545E+11,P3006TA1,634691,ELD-X,2730,2896,0.52,,https://www.midwayusa.com/product/1022395578
5/27/2026,Midwayusa,Barnes,30-06 Springfield,175,Barnes VOR-TX Long Range 30-06 Springfield Ammo 175 Grain Barnes Long Range X (LRX) Polymer Tip Lead Free Box of 20,Lead-Free,In Stock,53.99,20,2.7,7.16876E+11,30748,323664,ELD-X,2800,3046,0.508,0.264,https://www.midwayusa.com/product/1020722370
5/27/2026,Midwayusa,Sellier & Bellot,30-06 Springfield,180,Sellier & Bellot 30-06 Springfield Ammo 180 Grain Jacketed Soft Point Box of 20,Lead-Core,In Stock,24.49,20,1.224,7.54909E+11,SB3006B,891280,Polymer Tip,2707,2930,,,https://www.midwayusa.com/product/1001814559
5/27/2026,Midwayusa,Barnes,30-06 Springfield,150,Barnes VOR-TX 30-06 Springfield Ammo 150 Grain Barnes Tipped Triple-Shock X Polymer Tip Lead Free Box of 20,Lead-Free,In Stock,55.99,20,2.8,7.16876E+11,21531,891122,ELD-X,2970,2937,0.42,0.226,https://www.midwayusa.com/product/1001617043
5/27/2026,Midwayusa,Remington,30-06 Springfield,180,Remington Core-Lokt 30-06 Springfield Ammo 180 Grain Pointed Jacketed Soft Point,Lead-Core,In Stock,33.99,20,1.7,47700054902,27828,167224,Polymer Tip,2700,2913,0.383,,https://www.midwayusa.com/product/1001783346
5/27/2026,Midwayusa,Remington,30-06 Springfield,180,Remington Core-Lokt 30-06 Springfield Ammo 180 Grain Pointed Jacketed Soft Point,Lead-Core,In Stock,33.99,20,1.7,47700054902,27828,167224,Polymer Tip,2700,2913,0.383,,https://www.midwayusa.com/product/1001783346
5/27/2026,Midwayusa,Hornady,30-06 Springfield,168,Hornady Vintage Match 30-06 Springfield Ammo 168 Grain Hornady ELD Match Polymer Tip Box of 20,Lead-Core,In Stock,44.99,20,2.25,90255811711,81171,441993,ELD-X,2710,2739,0.523,0.253,https://www.midwayusa.com/product/1018232078
5/27/2026,Midwayusa,Hornady,30-06 Springfield,178,Hornady Precision Hunter 30-06 Springfield Ammo 178 Grain Hornady ELD-X Polymer Tip Box of 20,Lead-Core,In Stock,47.99,20,2.4,90255811742,81174,402501,ELD-X,2750,2989,0.535,0.268,https://www.midwayusa.com/product/1016932258
5/27/2026,Midwayusa,Remington,30-06 Springfield,165,Remington Core-Lokt 30-06 Springfield Ammo 165 Grain Jacketed Soft Point Box of 20,Lead-Core,In Stock,33.99,20,1.7,47700055206,R21415,208588,SST,2800,2872,0.339,,https://www.midwayusa.com/product/1001785234
5/27/2026,Midwayusa,Winchester,30-06 Springfield,150,Winchester Ballistic Silvertip 30-06 Springfield Ammo 150 Grain Polymer Tip Box of 20,Lead-Core,In Stock,39.99,20,2,20892210288,SBST3006,454227,ELD-X,2900,2801,0.435,,https://www.midwayusa.com/product/2900454227
5/27/2026,Midwayusa,Remington,30-06 Springfield,150,Remington Core-Lokt 30-06 Springfield Ammo 150 Grain Jacketed Soft Point,Lead-Core,In Stock,33.99,20,1.7,47700054605,27826,196583,Hollow Point,2910,2820,0.314,,https://www.midwayusa.com/product/1001785170
5/27/2026,Midwayusa,PPU,30-06 Springfield,150,PPU M1 Garand 30-06 Springfield Ammo 150 Grain Full Metal Jacket,Lead-Core,In Stock,679.99,500,1.36,8.605E+12,PP3006GMC,761730,Soft Point,2723,2499,,,https://www.midwayusa.com/product/2503127970
5/27/2026,Midwayusa,Barnes,30-06 Springfield,180,Barnes VOR-TX 30-06 Springfield Ammo 180 Grain Barnes Tipped Triple-Shock X Polymer Tip Lead Free Box of 20,Lead-Free,In Stock,57.99,20,2.9,7.16876E+11,21533,583102,ELD-X,2750,2914,0.484,0.271,https://www.midwayusa.com/product/1001615838
5/27/2026,Midwayusa,Federal,30-06 Springfield,150,Federal American Eagle M1 Garand 30-06 Springfield Ammo 150 Grain Full Metal Jacket,Lead-Core,In Stock,309.99,200,1.55,2.00295E+13,AE3006M1,214917,Polymer Tip,2740,2500,,,https://www.midwayusa.com/product/953112253
5/27/2026,Midwayusa,Remington,30-06 Springfield,180,Remington Core-Lokt 30-06 Springfield Ammo 180 Grain Jacketed Soft Point Box of 20,Lead-Core,In Stock,33.99,20,1.7,47700054803,21407,216718,Polymer Tip,2700,2913,,,https://www.midwayusa.com/product/1001785542
5/27/2026,Midwayusa,Hornady,30-06 Springfield,150,Hornady American Whitetail 30-06 Springfield Ammo 150 Grain Hornady Interlock Jacketed Soft Point Box of 20,Lead-Core,In Stock,31.99,20,1.599,90255381085,8108,559315,Polymer Tip,2910,2820,0.338,0.226,https://www.midwayusa.com/product/100169901
5/27/2026,Midwayusa,Hornady,30-06 Springfield,165,Hornady Superformance 30-06 Springfield Ammo 165 Grain Hornady SST (Super Shock Tip) Polymer Tip Box of 20,Lead-Core,In Stock,43.99,20,2.2,90255811537,81153,194532,ELD-X,200,3209,0.447,0.248,https://www.midwayusa.com/product/1001690342
5/27/2026,Midwayusa,Hornady,30-06 Springfield,125,Hornady Custom Lite 30-06 Springfield Ammo 125 Grain Hornady SST (Super Shock Tip) Polymer Tip Box of 20,Lead-Core,In Stock,42.99,20,2.15,90255810660,81066,471894,ELD-X,2700,2023,0.305,0.188,https://www.midwayusa.com/product/1001696960
5/27/2026,Midwayusa,Nosler,30-06 Springfield,165,Nosler Trophy Grade 30-06 Springfield Ammo 165 Grain Nosler AccuBond Bonded Polymer Tip Box of 20,Lead-Core,In Stock,67.99,20,3.399,54041600576,60057,628872,ELD-X,2950,3188,0.475,0.248,https://www.midwayusa.com/product/1001749577
5/27/2026,Midwayusa,Nosler,30-06 Springfield,180,Nosler Trophy Grade 30-06 Springfield Ammo 180 Grain Nosler AccuBond Bonded Polymer Tip Box of 20,Lead-Core,In Stock,54.64,20,2.732,54041461344,46134,326103,ELD-X,2750,3022,0.507,0.271,https://www.midwayusa.com/product/1001742842
5/27/2026,Midwayusa,Federal,30-06 Springfield,165,Federal Premium 30-06 Springfield Ammo 165 Grain Trophy Bonded Polymer Tip Box of 20,Lead-Core,In Stock,48.99,20,2.45,29465099565,P3006TT2,853469,Ballistic Tip,2800,2870,,,https://www.midwayusa.com/product/1001673871
5/27/2026,Midwayusa,Remington,30-06 Springfield,220,Remington Core-Lokt 30-06 Springfield Ammo 220 Grain Jacketed Soft Point Box of 20,Lead-Core,In Stock,34.61,20,1.73,47700055107,R27830,547799,Polymer Tip,2410,2837,,,https://www.midwayusa.com/product/100179356
5/27/2026,Midwayusa,Federal,30-06 Springfield,150,Federal Power-Shok 30-06 Springfield Ammo 150 Grain Jacketed Soft Point,Lead-Core,In Stock,33.49,20,1.675,29465084578,3006A,251821,Ballistic Tip,2910,2820,,,https://www.midwayusa.com/product/1001648440
5/27/2026,Midwayusa,Federal,30-06 Springfield,165,Federal Fusion 30-06 Springfield Ammo 165 Grain Bonded Jacketed Soft Point,Lead-Core,In Stock,40.99,20,2.05,29465097981,F3006FS2,894335,ELD-X,2790,2850,0.454,,https://www.midwayusa.com/product/1001675035
5/27/2026,Midwayusa,Sellier & Bellot,30-06 Springfield,180,Sellier & Bellot 30-06 Springfield Ammo 180 Grain Full Metal Jacket,Lead-Core,In Stock,21.99,20,1.099,7.54909E+11,SB3006A,448529,ELD-X,2673,2856,,,https://www.midwayusa.com/product/1001873317
5/27/2026,Midwayusa,Federal,30-06 Springfield,165,Federal Premium 30-06 Springfield Ammo 165 Grain Federal Trophy Copper Polymer Tip Lead Free Box of 20,Lead-Free,In Stock,50.99,20,2.55,29465063504,P3006TC2,298443,CX,2800,2872,,,https://www.midwayusa.com/product/1001650131
5/27/2026,Midwayusa,Nosler,30-06 Springfield,180,Nosler RMEF Trophy Grade 30-06 Springfield Ammo 180 Grain Partition Jacketed Soft Point Box of 20,Lead-Core,In Stock,68.99,20,3.449,54041461429,46142,992858,ELD-X,2750,3022,0.474,0.271,https://www.midwayusa.com/product/1021972189
5/27/2026,Midwayusa,Hornady,30-06 Springfield,150,Hornady Superformance 30-06 Springfield Ammo 150 Grain Hornady SST (Super Shock Tip) Polymer Tip Box of 20,Lead-Core,In Stock,43.99,20,2.2,90255810936,81093,884224,ELD-X,200,3159,0.415,0.226,https://www.midwayusa.com/product/1001708765
5/27/2026,Midwayusa,Nosler,30-06 Springfield,190,Winchester Expedition Big Game Long Range 30-06 Springfield Ammo 190 Grain Nosler AccuBond Long Range Bonded Polymer Tip Box of 20,Lead-Core,In Stock,51.99,20,2.599,20892223202,S3006LR,908167,SST,2750,3190,0.64,0.286,https://www.midwayusa.com/product/1018218497
5/27/2026,Midwayusa,Barnes,30-06 Springfield,168,Buffalo Bore 30-06 Springfield Ammo 168 Grain Barnes Tipped Triple-Shock X Polymer Tip Lead Free Box of 20,Lead-Free,In Stock,63.99,20,3.2,6.51815E+11,40B,844676,ELD-X,3028,3136,0.47,0.253,https://www.midwayusa.com/product/1001626478
5/27/2026,Midwayusa,Hornady,30-06 Springfield,165,Hornady American Whitetail Tipped 30-06 Springfield Ammo 165 Grain SST Polymer Tip Box of 20,Lead-Core,In Stock,36.99,20,1.85,90255811513,81151,271858,ELD-X,2900,3081,0.447,0.248,https://www.midwayusa.com/product/1029079325
5/27/2026,Midwayusa,Barnes,30-06 Springfield,165,Federal Premium 30-06 Springfield Ammo 165 Grain Barnes Triple-Shock X Solid Hollow Point Lead Free Box of 20,Lead-Free,In Stock,51.99,20,2.599,29465098537,P3006AF,924014,ELD-X,2800,2872,0.398,,https://www.midwayusa.com/product/1021560970
5/27/2026,Midwayusa,Remington,30-06 Springfield,165,Remington Core-Lokt Tipped 30-06 Springfield Ammo 165 Grain Polymer Tip Box of 20,Lead-Core,In Stock,37.49,20,1.875,47700417707,29035,228796,ELD-X,2820,2913,0.447,,https://www.midwayusa.com/product/1024289722
5/27/2026,Midwayusa,Hornady,30-06 Springfield,180,Hornady Superformance 30-06 Springfield Ammo 180 Grain Hornady SST (Super Shock Tip) Polymer Tip Box of 20,Lead-Core,In Stock,43.99,20,2.2,90255811834,81183,593637,ELD-X,200,3178,0.48,0.271,https://www.midwayusa.com/product/1001699660
5/27/2026,Midwayusa,Remington,30-06 Springfield,180,Remington Core-Lokt Tipped 30-06 Springfield Ammo 180 Grain Polymer Tip Box of 20,Lead-Core,In Stock,37.49,20,1.875,47700417806,29037,885735,ELD-X,2745,3011,0.48,,https://www.midwayusa.com/product/1024289811
5/27/2026,Midwayusa,Hornady,30-06 Springfield,180,Swift High Grade Big Game Hunting 30-06 Springfield Ammo 180 Grain Swift A-Frame Bonded Round Nose Box of 20,Lead-Core,In Stock,81.99,20,4.099,7.13351E+11,10041,778740,SST,2710,2936,0.4,0.271,https://www.midwayusa.com/product/1017959878
5/27/2026,Midwayusa,Norma,30-06 Springfield,150,Norma Whitetail 30-06 Springfield Ammo 150 Grain Jacketed Soft Point Box of 20,Lead-Core,In Stock,30.99,20,1.549,7.39392E+12,20177392,824212,Polymer Tip,2887,2776,0.274,,https://www.midwayusa.com/product/1023689571
5/27/2026,Midwayusa,Federal,30-06 Springfield,168,Federal Premium Gold Medal 30-06 Springfield Ammo 168 Grain Sierra MatchKing Jacketed Hollow Point Box of 20,Lead-Core,In Stock,43.49,20,2.175,29465089344,GM3006M,455672,ELD-X,2700,2719,0.462,0.253,https://www.midwayusa.com/product/953411774
5/27/2026,Midwayusa,Federal,30-06 Springfield,180,Federal Premium 30-06 Springfield Ammo 180 Grain Federal Trophy Copper Polymer Tip Lead Free Box of 20,Lead-Free,In Stock,50.99,20,2.55,29465063535,P3006TC1,299514,SST,2700,2913,0.523,,https://www.midwayusa.com/product/1001650235
5/27/2026,Midwayusa,Barnes,30-06 Springfield,180,Barnes Harvest Collection 30-06 Springfield Ammo 180 Grain Sierra GameKing Polymer Tip Box of 20,Lead-Free,In Stock,40.99,20,2.05,7.16877E+11,32403,449411,SST,2760,3045,0.543,0.271,https://www.midwayusa.com/product/1027991485
5/27/2026,Midwayusa,Hornady,30-06 Springfield,180,Hornady American Whitetail 30-06 Springfield Ammo 180 Grain Hornady Interlock Jacketed Soft Point Box of 20,Lead-Core,In Stock,31.99,20,1.599,90255810844,81084,584953,ELD-X,2700,2913,0.452,0.271,https://www.midwayusa.com/product/1016933036
5/27/2026,Midwayusa,Federal,30-06 Springfield,150,Federal Fusion 30-06 Springfield Ammo 150 Grain Bonded Round Nose,Lead-Core,In Stock,40.99,20,2.05,29465097974,F3006FS1,423108,SST,2900,2800,,,https://www.midwayusa.com/product/1001656878
5/27/2026,Midwayusa,Barnes,30-06 Springfield,180,Federal Premium 30-06 Springfield Ammo 180 Grain Barnes Triple-Shock X Solid Hollow Point Lead Free Box of 20,Lead-Free,In Stock,51.99,20,2.599,29465097196,P3006AE,453032,CX,2700,2913,0.453,,https://www.midwayusa.com/product/1021560824
5/27/2026,Midwayusa,Remington,30-06 Springfield,125,Remington Core-Lokt 30-06 Springfield Ammo 125 Grain Jacketed Soft Point Box of 20,Lead-Core,In Stock,35.99,20,1.8,47700054506,21401,341746,SST,3140,2736,0.268,,https://www.midwayusa.com/product/1001789229
5/27/2026,Midwayusa,Norma,30-06 Springfield,180,Norma BondStrike 30-06 Springfield Ammo 180 Grain Bonded Polymer Tip Box of 20,Lead-Core,In Stock,46.99,20,2.349,7.39392E+12,20176422,554102,SST,2756,3047,0.615,,https://www.midwayusa.com/product/1021705652
5/27/2026,Midwayusa,Hornady,30-06 Springfield,180,Hornady Outfitter 30-06 Springfield Ammo 180 Grain Hornady CX Polymer Tip Lead Free Box of 20,Lead-Free,In Stock,43.21,20,2.16,90255719857,811644,926291,SST,2600,2702,0.469,0.271,https://www.midwayusa.com/product/1024393842
5/27/2026,Midwayusa,Nosler,30-06 Springfield,150,Nosler Trophy Grade 30-06 Springfield Ammo 150 Grain Nosler Partition Jacketed Soft Point Box of 20,Lead-Core,In Stock,67.99,20,3.399,54041600552,60055,935203,SST,3000,2997,0.387,0.226,https://www.midwayusa.com/product/1001757377
5/27/2026,Midwayusa,Winchester,30-06 Springfield,150,Winchester Deer Season XP 30-06 Springfield Ammo 150 Grain Winchester Extreme Point Polymer Tip Box of 20,Lead-Core,In Stock,40.99,20,2.05,20892221574,X3006DS,875439,ELD-X,2920,2840,0.392,,https://www.midwayusa.com/product/2900727844
5/27/2026,Midwayusa,Federal,30-06 Springfield,180,Federal Power-Shok 30-06 Springfield Ammo 180 Grain Jacketed Soft Point Box of 20,Lead-Core,In Stock,33.49,20,1.675,29465084585,3006B,596951,Polymer Tip,2700,2913,,,https://www.midwayusa.com/product/1001662928
5/27/2026,Midwayusa,Sellier & Bellot,30-06 Springfield,165,Sellier & Bellot Exergy Blue 30-06 Springfield Ammo 165 Grain Polymer Tip Lead Free Box of 20,Lead-Free,In Stock,27.99,20,1.399,7.54909E+11,SB3006XA,753699,SST,2785,2842,0.398,0.248,https://www.midwayusa.com/product/1027217067
5/27/2026,Midwayusa,Nosler,30-06 Springfield,165,Nosler BT 30-06 Springfield Ammo 165 Grain Nosler Ballistic Tip Polymer Tip Box of 20,Lead-Core,In Stock,49.99,20,2.5,54041400435,40043,539040,ELD-X,2950,3188,0.475,0.248,https://www.midwayusa.com/product/1021017951
5/27/2026,Midwayusa,Winchester,30-06 Springfield,125,Winchester Super X 30-06 Springfield Ammo 125 Grain Jacketed Soft Point Box of 20,Lead-Core,In Stock,32.99,20,1.65,20892200340,X30062,132314,SST,3140,2736,0.268,,https://www.midwayusa.com/product/2900132314
5/27/2026,Midwayusa,Hornady,30-06 Springfield,165,Hornady Superformance 30-06 Springfield Ammo 165 Grain Hornady CX Polymer Tip Lead Free Box of 20,Lead-Free,In Stock,56.99,20,2.849,90255811698,81169,808727,ELD-X,2940,3167,0.44,0.248,https://www.midwayusa.com/product/1024393955
5/27/2026,Midwayusa,Winchester,30-06 Springfield,195,Winchester Supreme Long Range 30-06 Springfield Ammo 195 Grain Winchester BC Max Polymer Tip Box of 20,Lead-Core,In Stock,37.99,20,1.9,20892234499,S3006BC,955816,ELD-X,2570,2859,0.589,,https://www.midwayusa.com/product/1028061653
5/27/2026,Midwayusa,Remington,30-06 Springfield,150,Remington Core-Lokt Tipped 30-06 Springfield Ammo 150 Grain Polymer Tip Box of 20,Lead-Core,In Stock,37.49,20,1.875,47700415307,29027,737976,ELD-X,2930,2859,0.415,,https://www.midwayusa.com/product/1024289643
5/27/2026,Midwayusa,Federal,30-06 Springfield,180,Federal Premium 30-06 Springfield Ammo 180 Grain Trophy Bonded Polymer Tip Box of 20,Lead-Core,In Stock,48.99,20,2.45,29465099466,P3006TT1,380133,Polymer Tip,2700,2913,,,https://www.midwayusa.com/product/100165435
5/27/2026,Midwayusa,Federal,30-06 Springfield,168,Federal Premium 30-06 Springfield Ammo 168 Grain Berger Hybrid Hunter Jacketed Hollow Point Box of 20,Lead-Core,In Stock,47.99,20,2.4,6.04545E+11,P3006BCH1,406541,ELD-X,2800,2924,0.489,,https://www.midwayusa.com/product/1021561029
5/27/2026,Midwayusa,Barnes,30-06 Springfield,130,Barnes VOR-TX Reduced Recoil 30-06 Springfield Ammo 130 Grain Barnes Tipped Triple-Shock X Polymer Tip Lead Free Box of 20,Lead-Free,In Stock,59.99,20,3,7.16876E+11,32238,661410,SST,2760,2199,0.337,0.196,https://www.midwayusa.com/product/1027543966
5/27/2026,Midwayusa,Winchester,30-06 Springfield,150,Winchester Power Point 30-06 Springfield Ammo 150 Grain Jacketed Soft Point Box of 20,Lead-Core,In Stock,32.99,20,1.65,20892200111,X30061,141903,Polymer Tip,2920,2839,0.294,,https://www.midwayusa.com/product/2900141903
5/27/2026,Midwayusa,Remington,30-06 Springfield,172,Remington Premier Long Range 30-06 Springfield Ammo 172 Grain Speer Impact Polymer Tip Box of 20,Lead-Core,In Stock,51.99,20,2.599,47700488301,R21344,478357,ELD-X,2825,3048,0.522,,https://www.midwayusa.com/product/102853178
5/27/2026,Midwayusa,Winchester,30-06 Springfield,180,Winchester Power Point 30-06 Springfield Ammo 180 Grain Jacketed Soft Point Box of 20,Lead-Core,In Stock,32.99,20,1.65,20892200104,X30064,197592,Polymer Tip,2700,2913,0.381,,https://www.midwayusa.com/product/2900197592
5/27/2026,Midwayusa,Federal,30-06 Springfield,180,Federal Fusion Tipped 30-06 Springfield Ammo 180 Grain Bonded Polymer Tip Box of 20,Lead-Core,In Stock,42.99,20,2.15,6.04545E+11,F3006TFS3,796568,Ballistic Tip,2700,2913,,,https://www.midwayusa.com/product/1026825284
5/27/2026,Midwayusa,Winchester,30-06 Springfield,165,Winchester Power Point 30-06 Springfield Ammo 165 Grain Jacketed Soft Point,Lead-Core,In Stock,32.99,20,1.65,20892200760,X30065,144049,Ballistic Tip,2800,2872,0.341,,https://www.midwayusa.com/product/2900144049
5/27/2026,Midwayusa,Remington,30-06 Springfield,150,Remington UMC 30-06 Springfield Ammo 150 Grain Full Metal Jacket,Lead-Core,In Stock,309.99,200,1.55,1.00477E+13,23699,849493,SST,2910,2820,0.314,,https://www.midwayusa.com/product/1601776717
5/27/2026,Midwayusa,Berger,30-06 Springfield,168,Berger Match Grade 30-06 Springfield Ammo 168 Grain Classic Hunter Jacketed Hollow Point Box of 20,Lead-Core,In Stock,49.99,20,2.5,6.7946E+11,66010,807012,ELD-X,2850,3031,0.489,,https://www.midwayusa.com/product/1029022698
5/27/2026,Midwayusa,PPU,30-06 Springfield,150,PPU 30-06 Springfield Ammo 150 Grain Jacketed Soft Point Box of 20,Lead-Core,In Stock,27.99,20,1.399,8.605E+12,PP30061,713462,Jacketed Hollow Point,2903,2802,,,https://www.midwayusa.com/product/1001779179
5/27/2026,Midwayusa,Winchester,30-06 Springfield,150,Winchester Copper Impact 30-06 Springfield Ammo 150 Grain Winchester Copper Impact Polymer Tip Lead Free Box of 20,Lead-Free,In Stock,45.99,20,2.3,20892224247,X3006CLF,759694,SST,2920,2839,0.387,,https://www.midwayusa.com/product/1019732650
5/27/2026,Midwayusa,Nosler,30-06 Springfield,125,Nosler BT 30-06 Springfield Ammo 125 Grain Nosler Ballistic Tip Polymer Tip Box of 20,Lead-Core,In Stock,49.99,20,2.5,54041400688,40068,625909,ELD-X,3100,2667,0.366,0.188,https://www.midwayusa.com/product/1016000150
5/27/2026,Midwayusa,Norma,30-06 Springfield,180,Norma Oryx 30-06 Springfield Ammo 180 Grain Bonded Jacketed Soft Point Box of 20,Lead-Core,In Stock,44.99,20,2.25,7.39392E+12,20174742,837321,ELD-X,2700,2914,,,https://www.midwayusa.com/product/1027317634
5/27/2026,Midwayusa,Berger,30-06 Springfield,210,HSM Trophy Gold 30-06 Springfield Ammo 210 Grain Berger Hunting VLD (Very Low Drag) Jacketed Hollow Point Box of 20,Lead-Core,In Stock,59.99,20,3,8.37306E+11,BER-3006210VLD,357294,ELD-X,2534,2995,0.631,0.316,https://www.midwayusa.com/product/1001712983
5/27/2026,Midwayusa,Remington,30-06 Springfield,150,Remington Premier 30-06 Springfield Ammo 150 Grain Swift Scirocco II Bonded Polymer Tip Box of 20,Lead-Core,In Stock,60.99,20,3.05,47700354002,29318,759617,SST,2910,2821,0.43,0.226,https://www.midwayusa.com/product/102068661
5/27/2026,Midwayusa,Federal,30-06 Springfield,180,Federal Fusion 30-06 Springfield Ammo 180 Grain Bonded Round Nose Box of 20,Lead-Core,In Stock,40.99,20,2.05,29465097998,F3006FS3,711291,Polymer Tip,2700,2915,,,https://www.midwayusa.com/product/1001667279
5/27/2026,Midwayusa,PPU,30-06 Springfield,165,PPU 30-06 Springfield Ammo 165 Grain Jacketed Soft Point Box of 20,Lead-Core,In Stock,27.99,20,1.399,8.605E+12,PP30062,499254,SST,2805,2883,,,https://www.midwayusa.com/product/1001778663
5/27/2026,Midwayusa,Hornady,30-06 Springfield,150,Hornady Outfitter 30-06 Springfield Ammo 150 Grain Hornady CX Polymer Tip Lead Free Box of 20,Lead-Free,In Stock,56.99,20,2.849,90255811087,81108,473625,ELD-X,3000,2997,0.418,0.226,https://www.midwayusa.com/product/1025828666
5/27/2026,Midwayusa,Remington,30-06 Springfield,180,Remington Premier 30-06 Springfield Ammo 180 Grain Swift Scirocco II Bonded Polymer Tip Box of 20,Lead-Core,In Stock,60.99,20,3.05,47700350509,29328,171046,SST,2700,2913,0.52,0.271,https://www.midwayusa.com/product/1020686964
5/27/2026,Midwayusa,Winchester,30-06 Springfield,147,Winchester White Box USA 30-06 Springfield Ammo 147 Grain Full Metal Jacket Box of 20,Lead-Core,In Stock,36.99,20,1.85,20892212954,USA3006,317231,SST,3020,2976,0.421,,https://www.midwayusa.com/product/2900189833
5/27/2026,Midwayusa,Sellier & Bellot,30-06 Springfield,180,Sellier & Bellot Exergy Blue 30-06 Springfield Ammo 180 Grain Polymer Tip Lead Free Box of 20,Lead-Free,In Stock,27.99,20,1.399,8.59069E+12,SB3006XB,316716,CX,2654,2815,0.442,0.271,https://www.midwayusa.com/product/1027217185
5/27/2026,Midwayusa,Winchester,30-06 Springfield,180,Winchester Copper Impact 30-06 Springfield Ammo 180 Grain Winchester Copper Impact Polymer Tip Lead Free Box of 20,Lead-Free,In Stock,45.99,20,2.3,20892231313,X3006CLF2,462197,CX,2795,3122,0.47,,https://www.midwayusa.com/product/1024869515
5/27/2026,Midwayusa,Nosler,30-06 Springfield,168,Nosler Trophy Grade 30-06 Springfield Ammo 168 Grain Nosler AccuBond Long Range Bonded Polymer Tip Box of 20,Lead-Core,In Stock,68.99,20,3.449,54041601023,60102,820135,ELD-X,2800,2924,0.525,0.253,https://www.midwayusa.com/product/1018127090
5/27/2026,Midwayusa,Hornady,30-06 Springfield,150,Hornady Superformance 30-06 Springfield Ammo 150 Grain Hornady CX Polymer Tip Lead Free Box of 20,Lead-Free,In Stock,50.45,20,2.522,90255811247,81124,975346,V-MAX,3080,3159,,,https://www.midwayusa.com/product/1025828724
5/27/2026,Midwayusa,Nosler,30-06 Springfield,180,Nosler BT 30-06 Springfield Ammo 180 Grain Nosler Ballistic Tip Polymer Tip Box of 20,Lead-Core,In Stock,49.99,20,2.5,54041400725,40072,681251,ELD-X,2750,3022,0.507,0.271,https://www.midwayusa.com/product/1016000280
5/27/2026,Midwayusa,Berger,30-06 Springfield,168,HSM Trophy Gold 30-06 Springfield Ammo 168 Grain Berger Hunting VLD (Very Low Drag) Jacketed Hollow Point Box of 20,Lead-Core,In Stock,57.99,20,2.9,8.37306E+11,BER-3006168VLD,350315,ELD-X,2808,2942,0.473,0.253,https://www.midwayusa.com/product/1001712899
5/27/2026,Midwayusa,Federal,30-06 Springfield,150,Federal American Eagle 30-06 Springfield Ammo 150 Grain Full Metal Jacket,Lead-Core,In Stock,31.99,20,1.599,29465085322,AE3006N,937869,SST,2910,2820,,,https://www.midwayusa.com/product/953717959
5/27/2026,Midwayusa,Nosler,30-06 Springfield,150,Nosler Whitetail Country 30-06 Springfield Ammo 150 Grain Solid Base Jacketed Soft Point Box of 20,Lead-Core,In Stock,30.31,20,1.515,54041401326,40132,759600,SST,2950,2898,0.398,,https://www.midwayusa.com/product/1028632363
5/27/2026,Midwayusa,Winchester,30-06 Springfield,180,Winchester Deer Season XP 30-06 Springfield Ammo 180 Grain Winchester Extreme Point Polymer Tip Box of 20,Lead-Core,In Stock,40.99,20,2.05,20892234130,X3006DS2,250673,SST,2750,3022,0.422,,https://www.midwayusa.com/product/1028062353
5/27/2026,Midwayusa,Nosler,30-06 Springfield,165,Nosler Whitetail Country 30-06 Springfield Ammo 165 Grain Solid Base Jacketed Soft Point Box of 20,Lead-Core,In Stock,36.99,20,1.85,54041401258,40125,364962,Ballistic Tip,2900,3081,0.442,,https://www.midwayusa.com/product/1027650679
5/27/2026,Midwayusa,Berger,30-06 Springfield,185,HSM Trophy Gold 30-06 Springfield Ammo 185 Grain Berger Hunting VLD (Very Low Drag) Jacketed Hollow Point Box of 20,Lead-Core,In Stock,57.99,20,2.9,8.37306E+11,BER-3006185VLD,918896,ELD-X,2721,3042,0.549,0.279,https://www.midwayusa.com/product/1001714857
5/27/2026,Midwayusa,Browning,30-06 Springfield,180,Browning Silver Series 30-06 Springfield Ammo 180 Grain Jacketed Soft Point Box of 20,Lead-Core,In Stock,33.99,20,1.7,20892232129,B192630061,964016,ELD-X,2700,2913,,,https://www.midwayusa.com/product/1027039990
5/27/2026,Midwayusa,Nosler,30-06 Springfield,165,Nosler Trophy Grade 30-06 Springfield Ammo 165 Grain Jacketed Soft Point Box of 20,Lead-Core,In Stock,67.99,20,3.399,54041610186,61018,781641,SST,2950,3188,0.41,0.248,https://www.midwayusa.com/product/1021972819
5/27/2026,Midwayusa,Nosler,30-06 Springfield,180,Sig Sauer Platinum Hunter 30-06 Springfield Ammo 180 Grain Nosler AccuBond Bonded Polymer Tip Box of 20,Lead-Core,In Stock,51.99,20,2.599,7.98682E+11,E3006PH180-20,162155,ELD-X,2750,3022,0.507,,https://www.midwayusa.com/product/1027470390
5/27/2026,Midwayusa,Hornady,30-06 Springfield,178,Federal Premium 30-06 Springfield Ammo 178 Grain Hornady ELD-X Polymer Tip Box of 20,Lead-Core,In Stock,50.99,20,2.55,6.04545E+11,P3006ELDX1,434603,ELD-X,2750,2989,,,https://www.midwayusa.com/product/1026066623
5/27/2026,Midwayusa,Sig Sauer,30-06 Springfield,165,Sig Sauer Marksman Hunter 30-06 Springfield Ammo 165 Grain Sierra GameKing Jacketed Hollow Point Box of 20,Lead-Core,In Stock,40.99,20,2.05,7.98682E+11,E3006GK165-20,583663,SST,2800,2872,0.363,,https://www.midwayusa.com/product/102747023
5/27/2026,Midwayusa,Nosler,30-06 Springfield,168,Nosler E-Tip 30-06 Springfield Ammo 168 Grain Nosler Expansion Tip (E-Tip) Polymer Tip Lead Free Box of 20,Lead-Free,In Stock,57.99,20,2.9,54041400367,40036,824642,ELD-X,2800,2924,0.503,0.253,https://www.midwayusa.com/product/1016884393
5/27/2026,Midwayusa,Federal,30-06 Springfield,150,Federal Power-Shok Copper 30-06 Springfield Ammo 150 Grain Solid Hollow Point Lead Free Box of 20,Lead-Free,In Stock,45.49,20,2.275,6.04545E+11,3006150LFA,243253,SST,2910,2820,,,https://www.midwayusa.com/product/1017651757
5/27/2026,Midwayusa,Remington,30-06 Springfield,150,Remington Premier CuT 30-06 Springfield Ammo 150 Grain Polymer Tip Lead Free Box of 20,Lead-Free,In Stock,52.99,20,2.65,47700223438,R22343,210045,SST,2820,2913,,,https://www.midwayusa.com/product/1026828388
5/27/2026,Midwayusa,Sellier & Bellot,30-06 Springfield,168,Sellier & Bellot Match 30-06 Springfield Ammo 168 Grain Jacketed Hollow Point Box of 20,Lead-Core,In Stock,41.99,20,2.099,7.54909E+11,SB3006D,429104,ELD-X,2785,2894,0.458,0.253,https://www.midwayusa.com/product/1023282270
5/27/2026,Midwayusa,Remington,30-06 Springfield,150,Remington Core-Lokt Copper 30-06 Springfield Ammo 150 Grain Solid Hollow Point Lead Free Box of 20,Lead-Free,In Stock,45.99,20,2.3,47700278537,R27853,550240,CX,2910,2820,,,https://www.midwayusa.com/product/1026067630
5/27/2026,Midwayusa,Nosler,30-06 Springfield,180,Nosler E-Tip 30-06 Springfield Ammo 180 Grain Nosler Expansion Tip (E-Tip) Polymer Tip Lead Free Box of 20,Lead-Free,In Stock,57.99,20,2.9,54041400374,40037,594718,SST,2750,3022,0.523,0.271,https://www.midwayusa.com/product/1016884441
5/27/2026,Midwayusa,Lapua,30-06 Springfield,200,Lapua 30-06 Springfield Ammo 200 Grain Lapua Mega Jacketed Soft Point Box of 20,Lead-Core,In Stock,59.68,20,2.984,6.41827E+12,4317567,759982,ELD-X,2542,2879,,,https://www.midwayusa.com/product/1001718672
5/27/2026,Midwayusa,Hornady,30-06 Springfield,165,HSM GameKing 30-06 Springfield Ammo 165 Grain Sierra GameKing Jacketed Soft Point Box of 20,Lead-Core,In Stock,45.99,20,2.3,8.10742E+11,HSM-30-06-40-N,805405,ELD-X,2896,3074,0.404,0.248,https://www.midwayusa.com/product/1018077054
5/27/2026,Midwayusa,PPU,30-06 Springfield,180,PPU 30-06 Springfield Ammo 180 Grain Jacketed Soft Point Box of 20,Lead-Core,In Stock,28.99,20,1.45,8.605E+12,PP30063,938063,SST,2700,2913,,,https://www.midwayusa.com/product/1001780471
5/27/2026,Midwayusa,Lapua,30-06 Springfield,165,Lapua 30-06 Springfield Ammo 165 Grain Lapua TRX Polymer Tip Lead Free Box of 20,Lead-Free,In Stock,81.99,20,4.099,6.41827E+12,N317107,675876,Polymer Tipped,2723,2718,0.49,,https://www.midwayusa.com/product/102938089
5/27/2026,Midwayusa,Hornady,30-06 Springfield,168,Black Hills Gold 30-06 Springfield Ammo 168 Grain Hornady Match Jacketed Hollow Point Box of 20,Lead-Core,In Stock,49.79,20,2.49,6.1271E+11,1C3006BHGN2,680276,Polymer Tip,2700,2718,0.45,0.253,https://www.midwayusa.com/product/1001899822
5/27/2026,Midwayusa,Fiocchi,30-06 Springfield,150,Fiocchi Field Dynamics 30-06 Springfield Ammo 150 Grain Jacketed Soft Point Box of 20,Lead-Core,In Stock,33.49,20,1.675,7.62345E+11,3006BFOA,730018,SST,2910,2820,0.38,,https://www.midwayusa.com/product/1026839581
5/27/2026,Midwayusa,Sig Sauer,30-06 Springfield,175,Sig Sauer Elite Performance Match Grade 30-06 Springfield Ammo 175 Grain Jacketed Hollow Point Box of 20,Lead-Core,In Stock,40.99,20,2.05,7.98682E+11,E3006M2-20,528711,ELD-X,2700,2833,0.496,,https://www.midwayusa.com/product/1023728048
5/27/2026,Midwayusa,Hornady,30-06 Springfield,180,Buffalo Bore Supercharged 30-06 Springfield Ammo 180 Grain Spitzer Flat Base Box of 20,Lead-Core,In Stock,49.99,20,2.5,6.51815E+11,40C,560141,Polymer Tip,2850,,,,https://www.midwayusa.com/product/100162490
5/27/2026,Midwayusa,Hornady,30-06 Springfield,155,Black Hills Gold 30-06 Springfield Ammo 155 Grain Hornady ELD Match Polymer Tip Box of 20,Lead-Core,In Stock,53.99,20,2.7,6.1271E+11,1C3006BHGN8,587623,ELD-X,2900,2894,0.461,0.233,https://www.midwayusa.com/product/1028762199
5/27/2026,Midwayusa,Fiocchi,30-06 Springfield,180,Fiocchi Field Dynamics 30-06 Springfield Ammo 180 Grain Jacketed Soft Point Box of 20,Lead-Core,In Stock,33.49,20,1.675,7.62345E+11,3006D,134001,V-MAX,2700,2913,0.452,,https://www.midwayusa.com/product/1026839663
5/27/2026,Midwayusa,Lapua,30-06 Springfield,185,Lapua 30-06 Springfield Ammo 185 Grain Lapua Mega Jacketed Soft Point Box of 20,Lead-Core,In Stock,59.68,20,2.984,6.41827E+12,4317563,316846,CX,2624,2832,,,https://www.midwayusa.com/product/1001717680
5/27/2026,Midwayusa,Hornady,30-06 Springfield,168,Fort Scott Munitions TUI 30-06 Springfield Ammo 168 Grain Solid Lead Free Box of 20,Lead-Free,In Stock,48.7,20,2.435,7.58382E+11,30-06-168-SCV,855158,CX,2719,2758,0.499,,https://www.midwayusa.com/product/1028165118
5/27/2026,Midwayusa,Barnes,30-06 Springfield,168,Choice 30-06 Springfield Ammo 168 Grain Barnes Tipped Triple-Shock X Polymer Tip Lead Free Box of 20,Lead-Free,In Stock,69.99,20,3.499,6.11166E+11,168TTSXLF3006SPG20,471411,V-MAX,2850,3030,0.47,,https://www.midwayusa.com/product/1028489791
5/27/2026,Midwayusa,Hornady,30-06 Springfield,165,HSM Tipping Point 2 30-06 Springfield Ammo 165 Grain Hornady SST (Super Shock Tip) Polymer Tip Box of 20,Lead-Core,In Stock,43.99,20,2.2,8.10742E+11,HSM-30-06-46-N,505125,ELD-X,2749,2768,0.447,0.248,https://www.midwayusa.com/product/1026036645
5/27/2026,Midwayusa,Fiocchi,30-06 Springfield,165,Fiocchi Hyperformance 30-06 Springfield Ammo 165 Grain Swift Scirocco II Bonded Polymer Tip,Lead-Core,In Stock,32.56,20,1.628,7.62345E+11,3006SCA,287941,Polymer Tip,2875,3028,0.47,0.248,https://www.midwayusa.com/product/1019970862
5/27/2026,Midwayusa,Hornady,30-06 Springfield,180,Swift High Grade Big Game Hunting 30-06 Springfield Ammo 180 Grain Swift Scirocco II Bonded Polymer Tip Box of 20,Lead-Core,Out of Stock,70.99,20,3.549,7.13351E+11,10040,914847,ELD-X,2679,2870,0.52,0.271,https://www.midwayusa.com/product/1017960084
5/27/2026,Midwayusa,Lapua,30-06 Springfield,123,Lapua 30-06 Springfield Ammo 123 Grain Full Metal Jacket Box of 20,Lead-Core,Out of Stock,46.01,20,2.3,6.41827E+12,4317577,367954,SST,2936,2354,,,https://www.midwayusa.com/product/1001915478
5/27/2026,Midwayusa,Berger,30-06 Springfield,168,Berger Match Grade 30-06 Springfield Ammo 168 Grain Classic Hunter Jacketed Hollow Point Box of 20,Lead-Core,In Stock,49.99,20,2.5,6.7946E+11,66010,807012,ELD-X,2850,3031,0.489,,https://www.midwayusa.com/product/1029022698
7/20/2026,Midwayusa,Winchester,338 Lapua Mag,285,Winchester Match 338 Lapua Magnum Ammo 285 Grain Hollow Point Boat Tail Box of 20,Lead-Core,In Stock,127.49,,,20892233454,S338LM2,163137,Polymer Tip,2690,4578,0.756,,https://www.midwayusa.com/product/1027040168
7/20/2026,Midwayusa,Winchester,338 Win Mag,250,Remington Core-Lokt 338 Winchester Magnum Ammo 250 Grain Jacketed Soft Point Box of 20,Lead-Core,In Stock,68.84,,,47700066608,22191,266581,ELD-X,2660,3927,,,https://www.midwayusa.com/product/1001788064
7/20/2026,Midwayusa,Hornady,338 Win Mag,230,Hornady Precision Hunter 338 Winchester Magnum Ammo 230 Grain Hornady ELD-X Polymer Tip Box of 20,Lead-Core,In Stock,64.79,,,90255822229,82222,662329,ELD-X,2810,4032,0.616,0.288,https://www.midwayusa.com/product/1019542615
7/20/2026,Midwayusa,Hornady,338 Win Mag,225,Hornady Superformance 338 Winchester Magnum Ammo 225 Grain Hornady SST (Super Shock Tip) Polymer Tip Box of 20,Lead-Core,In Stock,56.69,,,90255822335,82233,663506,ELD-X,200,4029,0.515,0.281,https://www.midwayusa.com/product/1001702998
7/20/2026,Midwayusa,Hornady,338 Win Mag,225,Hornady Outfitter 338 Winchester Magnum Ammo 225 Grain Hornady CX Polymer Tip Lead Free Box of 20,Lead-Free,In Stock,64.79,,,90255719895,823394,440949,ELD-X,2800,3917,0.49,0.281,https://www.midwayusa.com/product/102439578
7/20/2026,Midwayusa,Barnes,338 Win Mag,225,Barnes VOR-TX 338 Winchester Magnum Ammo 225 Grain Barnes Tipped Triple-Shock X Polymer Tip Lead Free Box of 20,Lead-Free,In Stock,79.99,,,7.16876E+11,21542,673391,ELD-X,2800,3916,0.514,0.281,https://www.midwayusa.com/product/1001616295
7/20/2026,Midwayusa,Hornady,338 Win Mag,200,Hornady Superformance 338 Winchester Magnum Ammo 200 Grain Hornady SST (Super Shock Tip) Polymer Tip Box of 20,Lead-Core,In Stock,56.69,,,90255822236,82223,188380,ELD-X,200,4076,0.455,0.25,https://www.midwayusa.com/product/1001690162
7/20/2026,Midwayusa,Nosler,338 Win Mag,225,Nosler Trophy Grade 338 Winchester Magnum Ammo 225 Grain Nosler AccuBond Bonded Polymer Tip Box of 20,Lead-Core,In Stock,90.39,,,54041600743,60074,987570,ELD-X,2750,3777,0.55,0.281,https://www.midwayusa.com/product/1016245958
7/20/2026,Midwayusa,Winchester,338 Win Mag,230,Norma Oryx 338 Winchester Magnum Ammo 230 Grain Bonded Jacketed Soft Point Box of 20,Lead-Core,In Stock,50.99,,,7.39392E+12,20185112,725650,ELD-X,2755,3877,,,https://www.midwayusa.com/product/102731848
7/20/2026,Midwayusa,Winchester,338 Win Mag,225,Remington Core-Lokt 338 Winchester Magnum Ammo 225 Grain Jacketed Soft Point Box of 20,Lead-Core,In Stock,68.84,,,47700066509,22189,264162,ELD-X,2780,3860,,,https://www.midwayusa.com/product/1001787958
7/20/2026,Midwayusa,Winchester,338 Win Mag,250,Swift High Grade Big Game Hunting 338 Winchester Magnum Ammo 250 Grain Swift A-Frame Bonded Round Nose Box of 20,Lead-Core,In Stock,102.99,,,7.13351E+11,10051,333352,ELD-X,2570,3668,0.427,0.313,https://www.midwayusa.com/product/1017961291
7/20/2026,Midwayusa,Nosler,338 Win Mag,250,Nosler Trophy Grade 338 Winchester Magnum Ammo 250 Grain Nosler Partition Jacketed Soft Point Box of 20,Lead-Core,In Stock,112.99,,,54041600828,60082,521253,ELD-X,2600,3751,0.473,0.313,https://www.midwayusa.com/product/1001747357
7/20/2026,Midwayusa,Barnes,338 Win Mag,210,Barnes VOR-TX 338 Winchester Magnum Ammo 210 Grain Barnes Tipped Triple-Shock X Polymer Tip Lead Free Box of 20,Lead-Free,In Stock,81.99,,,7.16876E+11,21575,581136,ELD-X,2800,3918,0.482,0.263,https://www.midwayusa.com/product/100161574
7/20/2026,Midwayusa,Nosler,338 Win Mag,250,Nosler Trophy Grade 338 Winchester Magnum Ammo 250 Grain Nosler AccuBond Bonded Polymer Tip Box of 20,Lead-Core,In Stock,112.99,,,54041600866,60086,272396,ELD-X,2650,3897,0.575,0.313,https://www.midwayusa.com/product/1001741786
7/20/2026,Midwayusa,Barnes,338 Win Mag,210,Buffalo Bore Supercharged 338 Winchester Magnum Ammo 210 Grain Barnes TTSX Polymer Tipped Spitzer Lead Free Box of 20,Lead-Free,In Stock,86.99,,,6.51815E+11,52D,203488,ELD-X,3000,4196,0.482,0.263,https://www.midwayusa.com/product/1027023471
7/20/2026,Midwayusa,Federal,338 Win Mag,200,Federal Premium 338 Winchester Magnum Ammo 200 Grain Trophy Bonded Polymer Tip Box of 20,Lead-Core,In Stock,81.99,,,29465064136,P338TT2,252994,ELD-X,2930,3812,,,https://www.midwayusa.com/product/1001648688
7/20/2026,Midwayusa,Barnes,338 Win Mag,250,Buffalo Bore Supercharged 338 Winchester Magnum Ammo 250 Grain Barnes TSX Solid Hollow Point Lead Free Box of 20,Lead-Free,In Stock,86.99,,,6.51815E+11,52A,829411,ELD-X,2750,4197,0.386,0.281,https://www.midwayusa.com/product/1027023164
7/20/2026,Midwayusa,Winchester,338 Win Mag,210,Swift High Grade Big Game Hunting 338 Winchester Magnum Ammo 210 Grain Swift Scirocco II Bonded Polymer Tip Box of 20,Lead-Core,In Stock,87,,,7.13351E+11,10050,230487,ELD-X,2829,3733,0.507,0.263,https://www.midwayusa.com/product/1017961046
7/20/2026,Midwayusa,Nosler,338 Win Mag,210,Nosler RMEF Trophy Grade 338 Winchester Magnum Ammo 210 Grain Partition Jacketed Soft Point Box of 20,Lead-Core,In Stock,112.99,,,54041610582,61058,857889,ELD-X,2850,4057,0.4,0.263,https://www.midwayusa.com/product/1023273744
7/20/2026,Midwayusa,Winchester,338 Win Mag,250,Grizzly Cartridge High Performance 338 Winchester Magnum Ammo 250 Grain Speer Grand Slam Bonded Jacketed Soft Point Box of 20,Lead-Core,In Stock,89.99,,,8.15152E+11,GC338WM12,791530,ELD-X,2700,4046,,,https://www.midwayusa.com/product/1029584042
7/20/2026,Midwayusa,Winchester,338 Win Mag,210,Grizzly Cartridge Trophy Grade 338 Winchester Magnum Ammo 210 Grain Swift Scirocco II Bonded Polymer Tip Box of 20,Lead-Core,In Stock,92.99,20,4.649,8.15152E+11,GC338WM13,538368,Polymer Tipped,3100,4481,0.507,0.263,https://www.midwayusa.com/product/1001683721
7/20/2026,Midwayusa,Winchester,338 Win Mag,250,HSM GameKing 338 Winchester Magnum Ammo 250 Grain Sierra GameKing Spitzer Box of 20,Lead-Core,In Stock,73.99,,,8.10742E+11,HSM-338Mag-17-N,933665,ELD-X,2575,3682,,,https://www.midwayusa.com/product/1028653265
7/20/2026,Midwayusa,Nosler,338 Win Mag,225,Nosler E-Tip 338 Winchester Magnum Ammo 225 Grain Expansion Tip (E-Tip) Polymer Tip Lead Free Box of 20,Lead-Free,In Stock,82.99,,,54041401548,40154,452135,ELD-X,2750,3778,0.611,0.281,https://www.midwayusa.com/product/1021971794
7/20/2026,Midwayusa,Winchester,338 Win Mag,215,HSM GameKing 338 Winchester Magnum Ammo 215 Grain Sierra GameKing Spitzer Box of 20,Lead-Core,In Stock,60.94,,,8.10742E+11,HSM-338Mag-15-N,702569,ELD-X,2855,3892,,,https://www.midwayusa.com/product/1028653167
7/20/2026,Midwayusa,Winchester,338 Win Mag,225,Grizzly Cartridge High Performance 338 Winchester Magnum Ammo 225 Grain Jacketed Soft Point Box of 20,Lead-Core,In Stock,89.99,,,8.15152E+11,GC338WM10,550852,SST,3150,4957,,,https://www.midwayusa.com/product/1029583943
7/20/2026,Midwayusa,Barnes,338 Win Mag,225,Choice 338 Winchester Magnum Ammo 225 Grain Barnes Tipped Triple-Shock X Polymer Tip Lead Free Box of 20,Lead-Free,Out of Stock,95.99,20,4.8,6.11166E+11,225TTSXLF338WIN20,941886,ELD-X,2723,3704,0.514,,https://www.midwayusa.com/product/1028961673
7/20/2026,Midwayusa,Winchester,338 Win Mag,180,HSM GameKing 30-338 Winchester Magnum Ammo 180 Grain Sierra GameKing Spitzer Box of 20,Lead-Core,Out of Stock,71.99,20,3.599,8.10742E+11,HSM-30-338-2-N,477300,Boat Tail,3075,3780,,,https://www.midwayusa.com/product/1028651315
7/20/2026,Midwayusa,Sellier & Bellot,30-06 Springfield,150,Sellier & Bellot M1 Garand 30-06 Springfield Ammo 150 Grain Full Metal Jacket,Lead-Core,In Stock,23.99,,,7.54909E+11,SB3006M2,318110,Polymer Tip,2700,2428,,,https://www.midwayusa.com/product/1777318110
7/20/2026,Midwayusa,Federal,30-06 Springfield,150,Federal Premium American Eagle M1 Garand USA 250th Edition 30-06 Springfield Ammo 150 Grain Full Metal Jacket,Lead-Core,In Stock,31.49,20,1.575,6.04545E+11,AE3006USA,820050,Full Metal Jacket,2740,2500,0.41,,https://www.midwayusa.com/product/1029786012
7/20/2026,Midwayusa,Federal,30-06 Springfield,175,Federal Premium Terminal Ascent 30-06 Springfield Ammo 175 Grain Bonded Polymer Tip,Lead-Core,In Stock,46.79,,,6.04545E+11,P3006TA1,634691,ELD-X,2730,2896,0.52,,https://www.midwayusa.com/product/1022395578
7/20/2026,Midwayusa,Remington,30-06 Springfield,180,Remington Core-Lokt 30-06 Springfield Ammo 180 Grain Pointed Jacketed Soft Point,Lead-Core,In Stock,31.94,,,47700054902,27828,167224,Polymer Tip,2700,2913,0.383,,https://www.midwayusa.com/product/1001783346
7/20/2026,Midwayusa,Remington,30-06 Springfield,165,Remington Core-Lokt 30-06 Springfield Ammo 165 Grain Jacketed Soft Point Box of 20,Lead-Core,In Stock,31.94,,,47700055206,R21415,208588,SST,2800,2872,0.339,,https://www.midwayusa.com/product/1001785234
7/20/2026,Midwayusa,Barnes,30-06 Springfield,168,Barnes VOR-TX 30-06 Springfield Ammo 168 Grain Barnes Tipped Triple-Shock X Polymer Tip Lead Free Box of 20,Lead-Free,In Stock,59.99,,,7.16876E+11,21565,778704,ELD-X,2800,2925,0.47,0.253,https://www.midwayusa.com/product/1001616439
7/20/2026,Midwayusa,Remington,30-06 Springfield,150,Remington Core-Lokt 30-06 Springfield Ammo 150 Grain Jacketed Soft Point,Lead-Core,In Stock,31.94,,,47700054605,27826,196583,Hollow Point,2910,2820,0.314,,https://www.midwayusa.com/product/1001785170
7/20/2026,Midwayusa,Hornady,30-06 Springfield,165,Hornady Superformance 30-06 Springfield Ammo 165 Grain Hornady SST (Super Shock Tip) Polymer Tip Box of 20,Lead-Core,In Stock,41.84,,,90255811537,81153,194532,ELD-X,200,3209,0.447,0.248,https://www.midwayusa.com/product/1001690342
7/20/2026,Midwayusa,Remington,30-06 Springfield,180,Remington Core-Lokt 30-06 Springfield Ammo 180 Grain Jacketed Soft Point Box of 20,Lead-Core,In Stock,31.94,,,47700054803,21407,216718,Polymer Tip,2700,2913,,,https://www.midwayusa.com/product/1001785542
7/20/2026,Midwayusa,Winchester,30-06 Springfield,180,Winchester Ballistic Silvertip 30-06 Springfield Ammo 180 Grain Polymer Tip Box of 20,Lead-Core,In Stock,41.49,,,20892213968,SBST3006B,916024,ELD-X,2750,3022,0.507,,https://www.midwayusa.com/product/2900916024
7/20/2026,Midwayusa,Barnes,30-06 Springfield,150,Barnes VOR-TX 30-06 Springfield Ammo 150 Grain Barnes Tipped Triple-Shock X Polymer Tip Lead Free Box of 20,Lead-Free,In Stock,59.99,,,7.16876E+11,21531,891122,ELD-X,2970,2937,0.42,0.226,https://www.midwayusa.com/product/1001617043
7/20/2026,Midwayusa,Hornady,30-06 Springfield,150,Hornady Superformance 30-06 Springfield Ammo 150 Grain Hornady SST (Super Shock Tip) Polymer Tip Box of 20,Lead-Core,In Stock,41.84,,,90255810936,81093,884224,ELD-X,200,3159,0.415,0.226,https://www.midwayusa.com/product/1001708765
7/20/2026,Midwayusa,Remington,30-06 Springfield,220,Remington Core-Lokt 30-06 Springfield Ammo 220 Grain Jacketed Soft Point Box of 20,Lead-Core,In Stock,34.64,,,47700055107,R27830,547799,Polymer Tip,2410,2837,,,https://www.midwayusa.com/product/100179356
7/20/2026,Midwayusa,Federal,30-06 Springfield,165,Federal Fusion 30-06 Springfield Ammo 165 Grain Bonded Jacketed Soft Point,Lead-Core,In Stock,38.24,,,29465097981,F3006FS2,894335,ELD-X,2790,2850,0.454,,https://www.midwayusa.com/product/1001675035
7/20/2026,Midwayusa,Federal,30-06 Springfield,165,Federal Premium 30-06 Springfield Ammo 165 Grain Trophy Bonded Polymer Tip Box of 20,Lead-Core,In Stock,44.09,,,29465099565,P3006TT2,853469,Ballistic Tip,2800,2870,,,https://www.midwayusa.com/product/1001673871
7/20/2026,Midwayusa,Federal,30-06 Springfield,150,Federal Power-Shok 30-06 Springfield Ammo 150 Grain Jacketed Soft Point,Lead-Core,In Stock,31.94,,,29465084578,3006A,251821,Ballistic Tip,2910,2820,,,https://www.midwayusa.com/product/1001648440
7/20/2026,Midwayusa,Nosler,30-06 Springfield,165,Nosler Trophy Grade 30-06 Springfield Ammo 165 Grain Nosler AccuBond Bonded Polymer Tip Box of 20,Lead-Core,In Stock,54.39,,,54041600576,60057,628872,ELD-X,2950,3188,0.475,0.248,https://www.midwayusa.com/product/1001749577
7/20/2026,Midwayusa,Nosler,30-06 Springfield,180,Nosler Trophy Grade 30-06 Springfield Ammo 180 Grain Nosler AccuBond Bonded Polymer Tip Box of 20,Lead-Core,In Stock,54.39,,,54041461344,46134,326103,ELD-X,2750,3022,0.507,0.271,https://www.midwayusa.com/product/1001742842
7/20/2026,Midwayusa,Federal,30-06 Springfield,165,Federal Premium 30-06 Springfield Ammo 165 Grain Federal Trophy Copper Polymer Tip Lead Free Box of 20,Lead-Free,In Stock,45.89,,,29465063504,P3006TC2,298443,CX,2800,2872,,,https://www.midwayusa.com/product/1001650131
7/20/2026,Midwayusa,Sellier & Bellot,30-06 Springfield,180,Sellier & Bellot 30-06 Springfield Ammo 180 Grain Jacketed Soft Point Box of 20,Lead-Core,In Stock,24.49,,,7.54909E+11,SB3006B,891280,Polymer Tip,2707,2930,,,https://www.midwayusa.com/product/1001814559
7/20/2026,Midwayusa,Barnes,30-06 Springfield,180,Barnes VOR-TX 30-06 Springfield Ammo 180 Grain Barnes Tipped Triple-Shock X Polymer Tip Lead Free Box of 20,Lead-Free,In Stock,61.99,,,7.16876E+11,21533,583102,ELD-X,2750,2914,0.484,0.271,https://www.midwayusa.com/product/1001615838
7/20/2026,Midwayusa,Nosler,30-06 Springfield,180,Nosler RMEF Trophy Grade 30-06 Springfield Ammo 180 Grain Partition Jacketed Soft Point Box of 20,Lead-Core,In Stock,55.19,,,54041461429,46142,992858,ELD-X,2750,3022,0.474,0.271,https://www.midwayusa.com/product/1021972189
7/20/2026,Midwayusa,Winchester,30-06 Springfield,150,Winchester Ballistic Silvertip 30-06 Springfield Ammo 150 Grain Polymer Tip Box of 20,Lead-Core,In Stock,41.49,,,20892210288,SBST3006,454227,ELD-X,2900,2801,0.435,,https://www.midwayusa.com/product/2900454227
7/20/2026,Midwayusa,Barnes,30-06 Springfield,165,Federal Premium 30-06 Springfield Ammo 165 Grain Barnes Triple-Shock X Solid Hollow Point Lead Free Box of 20,Lead-Free,In Stock,46.79,,,29465098537,P3006AF,924014,ELD-X,2800,2872,0.398,,https://www.midwayusa.com/product/1021560970
7/20/2026,Midwayusa,Barnes,30-06 Springfield,180,Barnes Harvest Collection 30-06 Springfield Ammo 180 Grain Sierra GameKing Polymer Tip Box of 20,Lead-Free,In Stock,37.39,,,7.16877E+11,32403,449411,SST,2760,3045,0.543,0.271,https://www.midwayusa.com/product/1027991485
7/20/2026,Midwayusa,Remington,30-06 Springfield,180,Remington Core-Lokt Tipped 30-06 Springfield Ammo 180 Grain Polymer Tip Box of 20,Lead-Core,In Stock,35.54,,,47700417806,29037,885735,ELD-X,2745,3011,0.48,,https://www.midwayusa.com/product/1024289811
7/20/2026,Midwayusa,Remington,30-06 Springfield,165,Remington Core-Lokt Tipped 30-06 Springfield Ammo 165 Grain Polymer Tip Box of 20,Lead-Core,In Stock,35.54,,,47700417707,29035,228796,ELD-X,2820,2913,0.447,,https://www.midwayusa.com/product/1024289722
7/20/2026,Midwayusa,PPU,30-06 Springfield,150,PPU M1 Garand 30-06 Springfield Ammo 150 Grain Full Metal Jacket,Lead-Core,In Stock,679.99,500,1.36,8.605E+12,PP3006GMC,761730,Soft Point,2723,2499,,,https://www.midwayusa.com/product/2503127970
7/20/2026,Midwayusa,Remington,30-06 Springfield,125,Remington Core-Lokt 30-06 Springfield Ammo 125 Grain Jacketed Soft Point Box of 20,Lead-Core,In Stock,33.74,,,47700054506,21401,341746,SST,3140,2736,0.268,,https://www.midwayusa.com/product/1001789229
7/20/2026,Midwayusa,Hornady,30-06 Springfield,168,Hornady Vintage Match 30-06 Springfield Ammo 168 Grain Hornady ELD Match Polymer Tip Box of 20,Lead-Core,In Stock,53.99,,,90255811711,81171,441993,ELD-X,2710,2739,0.523,0.253,https://www.midwayusa.com/product/1018232078
7/20/2026,Midwayusa,Hornady,30-06 Springfield,165,Hornady Superformance 30-06 Springfield Ammo 165 Grain Hornady CX Polymer Tip Lead Free Box of 20,Lead-Free,In Stock,53.99,,,90255811698,81169,808727,ELD-X,2940,3167,0.44,0.248,https://www.midwayusa.com/product/1024393955
7/20/2026,Midwayusa,Hornady,30-06 Springfield,125,Hornady Custom Lite 30-06 Springfield Ammo 125 Grain Hornady SST (Super Shock Tip) Polymer Tip Box of 20,Lead-Core,In Stock,44.99,,,90255810660,81066,471894,ELD-X,2700,2023,0.305,0.188,https://www.midwayusa.com/product/1001696960
7/20/2026,Midwayusa,Federal,30-06 Springfield,180,Federal Premium 30-06 Springfield Ammo 180 Grain Federal Trophy Copper Polymer Tip Lead Free Box of 20,Lead-Free,In Stock,45.89,,,29465063535,P3006TC1,299514,SST,2700,2913,0.523,,https://www.midwayusa.com/product/1001650235
7/20/2026,Midwayusa,Hornady,30-06 Springfield,150,Hornady Superformance 30-06 Springfield Ammo 150 Grain Hornady CX Polymer Tip Lead Free Box of 20,Lead-Free,In Stock,50.39,,,90255811247,81124,975346,V-MAX,3080,3159,,,https://www.midwayusa.com/product/1025828724
7/20/2026,Midwayusa,Hornady,30-06 Springfield,180,Hornady Outfitter 30-06 Springfield Ammo 180 Grain Hornady CX Polymer Tip Lead Free Box of 20,Lead-Free,In Stock,50.39,,,90255719857,811644,926291,SST,2600,2702,0.469,0.271,https://www.midwayusa.com/product/1024393842
7/20/2026,Midwayusa,Federal,30-06 Springfield,150,Federal Fusion 30-06 Springfield Ammo 150 Grain Bonded Round Nose,Lead-Core,In Stock,38.24,,,29465097974,F3006FS1,423108,SST,2900,2800,,,https://www.midwayusa.com/product/1001656878
7/20/2026,Midwayusa,Barnes,30-06 Springfield,175,Barnes VOR-TX Long Range 30-06 Springfield Ammo 175 Grain Barnes Long Range X (LRX) Polymer Tip Lead Free Box of 20,Lead-Free,In Stock,63.99,,,7.16876E+11,30748,323664,ELD-X,2800,3046,0.508,0.264,https://www.midwayusa.com/product/1020722370
7/20/2026,Midwayusa,Hornady,30-06 Springfield,150,Hornady American Whitetail 30-06 Springfield Ammo 150 Grain Hornady Interlock Jacketed Soft Point Box of 20,Lead-Core,In Stock,32.99,,,90255381085,8108,559315,Polymer Tip,2910,2820,0.338,0.226,https://www.midwayusa.com/product/100169901
7/20/2026,Midwayusa,Barnes,30-06 Springfield,180,Federal Premium 30-06 Springfield Ammo 180 Grain Barnes Triple-Shock X Solid Hollow Point Lead Free Box of 20,Lead-Free,In Stock,46.79,,,29465097196,P3006AE,453032,CX,2700,2913,0.453,,https://www.midwayusa.com/product/1021560824
7/20/2026,Midwayusa,Federal,30-06 Springfield,180,Federal Power-Shok 30-06 Springfield Ammo 180 Grain Jacketed Soft Point Box of 20,Lead-Core,In Stock,31.94,,,29465084585,3006B,596951,Polymer Tip,2700,2913,,,https://www.midwayusa.com/product/1001662928
7/20/2026,Midwayusa,Nosler,30-06 Springfield,150,Nosler Trophy Grade 30-06 Springfield Ammo 150 Grain Nosler Partition Jacketed Soft Point Box of 20,Lead-Core,In Stock,54.39,,,54041600552,60055,935203,SST,3000,2997,0.387,0.226,https://www.midwayusa.com/product/1001757377
7/20/2026,Midwayusa,Sellier & Bellot,30-06 Springfield,180,Sellier & Bellot 30-06 Springfield Ammo 180 Grain Full Metal Jacket,Lead-Core,In Stock,25.99,,,7.54909E+11,SB3006A,448529,ELD-X,2673,2856,,,https://www.midwayusa.com/product/1001873317
7/20/2026,Midwayusa,Federal,30-06 Springfield,180,Federal Premium 30-06 Springfield Ammo 180 Grain Trophy Bonded Polymer Tip Box of 20,Lead-Core,In Stock,44.09,,,29465099466,P3006TT1,380133,Polymer Tip,2700,2913,,,https://www.midwayusa.com/product/100165435
7/20/2026,Midwayusa,Barnes,30-06 Springfield,168,Buffalo Bore 30-06 Springfield Ammo 168 Grain Barnes Tipped Triple-Shock X Polymer Tip Lead Free Box of 20,Lead-Free,In Stock,63.99,,,6.51815E+11,40B,844676,ELD-X,3028,3136,0.47,0.253,https://www.midwayusa.com/product/1001626478
7/20/2026,Midwayusa,Federal,30-06 Springfield,168,Federal Premium 30-06 Springfield Ammo 168 Grain Berger Hybrid Hunter Jacketed Hollow Point Box of 20,Lead-Core,In Stock,43.19,,,6.04545E+11,P3006BCH1,406541,ELD-X,2800,2924,0.489,,https://www.midwayusa.com/product/1021561029
7/20/2026,Midwayusa,Remington,30-06 Springfield,150,Remington Core-Lokt Tipped 30-06 Springfield Ammo 150 Grain Polymer Tip Box of 20,Lead-Core,In Stock,35.54,,,47700415307,29027,737976,ELD-X,2930,2859,0.415,,https://www.midwayusa.com/product/1024289643
7/20/2026,Midwayusa,Federal,30-06 Springfield,180,Federal Fusion Tipped 30-06 Springfield Ammo 180 Grain Bonded Polymer Tip Box of 20,Lead-Core,In Stock,40.04,,,6.04545E+11,F3006TFS3,796568,Ballistic Tip,2700,2913,,,https://www.midwayusa.com/product/1026825284
7/20/2026,Midwayusa,Hornady,30-06 Springfield,180,Hornady Superformance 30-06 Springfield Ammo 180 Grain Hornady SST (Super Shock Tip) Polymer Tip Box of 20,Lead-Core,In Stock,46.49,,,90255811834,81183,593637,ELD-X,200,3178,0.48,0.271,https://www.midwayusa.com/product/1001699660
7/20/2026,Midwayusa,Norma,30-06 Springfield,150,Norma Whitetail 30-06 Springfield Ammo 150 Grain Jacketed Soft Point Box of 20,Lead-Core,In Stock,30.99,,,7.39392E+12,20177392,824212,Polymer Tip,2887,2776,0.274,,https://www.midwayusa.com/product/1023689571
7/20/2026,Midwayusa,Hornady,30-06 Springfield,180,Swift High Grade Big Game Hunting 30-06 Springfield Ammo 180 Grain Swift A-Frame Bonded Round Nose Box of 20,Lead-Core,In Stock,81.99,,,7.13351E+11,10041,778740,SST,2710,2936,0.4,0.271,https://www.midwayusa.com/product/1017959878
7/20/2026,Midwayusa,Hornady,30-06 Springfield,165,Hornady American Whitetail Tipped 30-06 Springfield Ammo 165 Grain SST Polymer Tip Box of 20,Lead-Core,In Stock,37.99,,,90255811513,81151,271858,SST,2900,3081,0.447,0.248,https://www.midwayusa.com/product/1029079325
7/20/2026,Midwayusa,Norma,30-06 Springfield,180,Norma BondStrike 30-06 Springfield Ammo 180 Grain Bonded Polymer Tip Box of 20,Lead-Core,In Stock,46.99,,,7.39392E+12,20176422,554102,SST,2756,3047,0.615,,https://www.midwayusa.com/product/1021705652
7/20/2026,Midwayusa,Federal,30-06 Springfield,168,Federal Premium Gold Medal 30-06 Springfield Ammo 168 Grain Sierra MatchKing Jacketed Hollow Point Box of 20,Lead-Core,In Stock,43.49,,,29465089344,GM3006M,455672,ELD-X,2700,2719,0.462,0.253,https://www.midwayusa.com/product/953411774
7/20/2026,Midwayusa,Hornady,30-06 Springfield,180,Hornady American Whitetail 30-06 Springfield Ammo 180 Grain Hornady Interlock Jacketed Soft Point Box of 20,Lead-Core,In Stock,32.99,,,90255810844,81084,584953,ELD-X,2700,2913,0.452,0.271,https://www.midwayusa.com/product/1016933036
7/20/2026,Midwayusa,Winchester,30-06 Springfield,150,Winchester Deer Season XP 30-06 Springfield Ammo 150 Grain Extreme Point Polymer Tip Box of 20,Lead-Core,In Stock,41.49,,,20892221574,X3006DS,875439,ELD-X,2920,2840,0.392,,https://www.midwayusa.com/product/2900727844
7/20/2026,Midwayusa,Winchester,30-06 Springfield,125,Winchester Super X 30-06 Springfield Ammo 125 Grain Jacketed Soft Point Box of 20,Lead-Core,In Stock,34.49,,,20892200340,X30062,132314,SST,3140,2736,0.268,,https://www.midwayusa.com/product/2900132314
7/20/2026,Midwayusa,Barnes,30-06 Springfield,130,Barnes VOR-TX Reduced Recoil 30-06 Springfield Ammo 130 Grain Barnes Tipped Triple-Shock X Polymer Tip Lead Free Box of 20,Lead-Free,In Stock,45.15,,,7.16876E+11,32238,661410,SST,2760,2199,0.337,0.196,https://www.midwayusa.com/product/1027543966
7/20/2026,Midwayusa,Nosler,30-06 Springfield,165,Nosler BT 30-06 Springfield Ammo 165 Grain Nosler Ballistic Tip Polymer Tip Box of 20,Lead-Core,In Stock,49.99,,,54041400435,40043,539040,ELD-X,2950,3188,0.475,0.248,https://www.midwayusa.com/product/1021017951
7/20/2026,Midwayusa,Berger,30-06 Springfield,168,Berger Match Grade 30-06 Springfield Ammo 168 Grain Classic Hunter Jacketed Hollow Point Box of 20,Lead-Core,In Stock,49.99,,,6.7946E+11,66010,807012,ELD-X,2850,3031,0.489,,https://www.midwayusa.com/product/1029022698
7/20/2026,Midwayusa,Remington,30-06 Springfield,172,Remington Premier Long Range 30-06 Springfield Ammo 172 Grain Speer Impact Polymer Tip Box of 20,Lead-Core,In Stock,51.99,,,47700488301,R21344,478357,ELD-X,2825,3048,0.522,,https://www.midwayusa.com/product/102853178
7/20/2026,Midwayusa,Winchester,30-06 Springfield,180,Winchester Power Point 30-06 Springfield Ammo 180 Grain Jacketed Soft Point Box of 20,Lead-Core,In Stock,34.49,,,20892200104,X30064,197592,Polymer Tip,2700,2913,0.381,,https://www.midwayusa.com/product/2900197592
7/20/2026,Midwayusa,Winchester,30-06 Springfield,150,Winchester Power Point 30-06 Springfield Ammo 150 Grain Jacketed Soft Point Box of 20,Lead-Core,In Stock,32.66,,,20892200111,X30061,141903,Polymer Tip,2920,2839,0.294,,https://www.midwayusa.com/product/2900141903
7/20/2026,Midwayusa,PPU,30-06 Springfield,150,PPU 30-06 Springfield Ammo 150 Grain Jacketed Soft Point Box of 20,Lead-Core,In Stock,27.99,,,8.605E+12,PP30061,713462,Jacketed Hollow Point,2903,2802,,,https://www.midwayusa.com/product/1001779179
7/20/2026,Midwayusa,Nosler,30-06 Springfield,125,Nosler BT 30-06 Springfield Ammo 125 Grain Nosler Ballistic Tip Polymer Tip Box of 20,Lead-Core,In Stock,49.99,,,54041400688,40068,625909,ELD-X,3100,2667,0.366,0.188,https://www.midwayusa.com/product/1016000150
7/20/2026,Midwayusa,Barnes,30-06 Springfield,180,Barnes Harvest Collection 30-06 Springfield Ammo 180 Grain Sierra Pro-Hunter Jacketed Soft Point Box of 20,Lead-Free,In Stock,49.99,20,2.5,7.16877E+11,32558,656358,Jacketed Soft Point,2860,3270,0.24,,https://www.midwayusa.com/product/1029947519
7/20/2026,Midwayusa,Winchester,30-06 Springfield,150,Winchester Copper Impact 30-06 Springfield Ammo 150 Grain Winchester Copper Impact Polymer Tip Lead Free Box of 20,Lead-Free,In Stock,47.49,,,20892224247,X3006CLF,759694,SST,2920,2839,0.387,,https://www.midwayusa.com/product/1019732650
7/20/2026,Midwayusa,Norma,30-06 Springfield,180,Norma Oryx 30-06 Springfield Ammo 180 Grain Bonded Jacketed Soft Point Box of 20,Lead-Core,In Stock,44.99,,,7.39392E+12,20174742,837321,ELD-X,2700,2914,,,https://www.midwayusa.com/product/1027317634
7/20/2026,Midwayusa,Berger,30-06 Springfield,210,HSM Trophy Gold 30-06 Springfield Ammo 210 Grain Berger Hunting VLD (Very Low Drag) Jacketed Hollow Point Box of 20,Lead-Core,In Stock,59.99,,,8.37306E+11,BER-3006210VLD,357294,ELD-X,2534,2995,0.631,0.316,https://www.midwayusa.com/product/1001712983
7/20/2026,Midwayusa,Remington,30-06 Springfield,150,Remington Premier 30-06 Springfield Ammo 150 Grain Swift Scirocco II Bonded Polymer Tip Box of 20,Lead-Core,In Stock,60.99,,,47700354002,29318,759617,SST,2910,2821,0.43,0.226,https://www.midwayusa.com/product/102068661
7/20/2026,Midwayusa,Hornady,30-06 Springfield,150,Hornady Outfitter 30-06 Springfield Ammo 150 Grain Hornady CX Polymer Tip Lead Free Box of 20,Lead-Free,In Stock,55.99,,,90255811087,81108,473625,ELD-X,3000,2997,0.418,0.226,https://www.midwayusa.com/product/1025828666
7/20/2026,Midwayusa,Remington,30-06 Springfield,150,Remington UMC 30-06 Springfield Ammo 150 Grain Full Metal Jacket,Lead-Core,In Stock,258.85,,,1.00477E+13,23699,849493,SST,2910,2820,0.314,,https://www.midwayusa.com/product/1601776717
7/20/2026,Midwayusa,Remington,30-06 Springfield,180,Remington Premier 30-06 Springfield Ammo 180 Grain Swift Scirocco II Bonded Polymer Tip Box of 20,Lead-Core,In Stock,60.99,,,47700350509,29328,171046,SST,2700,2913,0.52,0.271,https://www.midwayusa.com/product/1020686964
7/20/2026,Midwayusa,Federal,30-06 Springfield,180,Federal Fusion 30-06 Springfield Ammo 180 Grain Bonded Round Nose Box of 20,Lead-Core,In Stock,42.49,,,29465097998,F3006FS3,711291,Polymer Tip,2700,2915,,,https://www.midwayusa.com/product/1001667279
7/20/2026,Midwayusa,PPU,30-06 Springfield,165,PPU 30-06 Springfield Ammo 165 Grain Jacketed Soft Point Box of 20,Lead-Core,In Stock,27.99,,,8.605E+12,PP30062,499254,SST,2805,2883,,,https://www.midwayusa.com/product/1001778663
7/20/2026,Midwayusa,Sellier & Bellot,30-06 Springfield,180,Sellier & Bellot Exergy Blue 30-06 Springfield Ammo 180 Grain Polymer Tip Lead Free Box of 20,Lead-Free,In Stock,27.99,,,8.59069E+12,SB3006XB,316716,CX,2654,2815,0.442,0.271,https://www.midwayusa.com/product/1027217185
7/20/2026,Midwayusa,Nosler,30-06 Springfield,168,Nosler Trophy Grade 30-06 Springfield Ammo 168 Grain Nosler AccuBond Long Range Bonded Polymer Tip Box of 20,Lead-Core,In Stock,68.99,,,54041601023,60102,820135,ELD-X,2800,2924,0.525,0.253,https://www.midwayusa.com/product/1018127090
7/20/2026,Midwayusa,PPU,30-06 Springfield,150,PPU 30-06 Springfield Blank Ammo Box of 15,Lead-Core,In Stock,17.99,,,8.605E+12,PPB3006,460730,SST,2700,,,,https://www.midwayusa.com/product/1001867938
7/20/2026,Midwayusa,Nosler,30-06 Springfield,180,Nosler BT 30-06 Springfield Ammo 180 Grain Nosler Ballistic Tip Polymer Tip Box of 20,Lead-Core,In Stock,49.99,,,54041400725,40072,681251,ELD-X,2750,3022,0.507,0.271,https://www.midwayusa.com/product/1016000280
7/20/2026,Midwayusa,Winchester,30-06 Springfield,147,Winchester White Box USA 30-06 Springfield Ammo 147 Grain Full Metal Jacket Box of 20,Lead-Core,In Stock,38.49,,,20892212954,USA3006,317231,SST,3020,2976,0.421,,https://www.midwayusa.com/product/2900189833
7/20/2026,Midwayusa,Berger,30-06 Springfield,168,HSM Trophy Gold 30-06 Springfield Ammo 168 Grain Berger Hunting VLD (Very Low Drag) Jacketed Hollow Point Box of 20,Lead-Core,In Stock,57.99,,,8.37306E+11,BER-3006168VLD,350315,ELD-X,2808,2942,0.473,0.253,https://www.midwayusa.com/product/1001712899
7/20/2026,Midwayusa,Federal,30-06 Springfield,150,Federal American Eagle 30-06 Springfield Ammo 150 Grain Full Metal Jacket,Lead-Core,In Stock,33.49,,,29465085322,AE3006N,937869,SST,2910,2820,,,https://www.midwayusa.com/product/953717959
7/20/2026,Midwayusa,Winchester,30-06 Springfield,180,Winchester Copper Impact 30-06 Springfield Ammo 180 Grain Winchester Copper Impact Polymer Tip Lead Free Box of 20,Lead-Free,In Stock,47.49,,,20892231313,X3006CLF2,462197,CX,2795,3122,0.47,,https://www.midwayusa.com/product/1024869515
7/20/2026,Midwayusa,Nosler,30-06 Springfield,165,Nosler Trophy Grade 30-06 Springfield Ammo 165 Grain Jacketed Soft Point Box of 20,Lead-Core,In Stock,67.99,,,54041610186,61018,781641,SST,2950,3188,0.41,0.248,https://www.midwayusa.com/product/1021972819
7/20/2026,Midwayusa,Hornady,30-06 Springfield,180,Buffalo Bore Supercharged 30-06 Springfield Ammo 180 Grain Spitzer Flat Base Box of 20,Lead-Core,In Stock,49.99,20,2.5,6.51815E+11,40C,560141,Polymer Tip,2850,2997,,,https://www.midwayusa.com/product/100162490
7/20/2026,Midwayusa,Nosler,30-06 Springfield,180,Sig Sauer Platinum Hunter 30-06 Springfield Ammo 180 Grain Nosler AccuBond Bonded Polymer Tip Box of 20,Lead-Core,In Stock,51.99,,,7.98682E+11,E3006PH180-20,162155,ELD-X,2750,3022,0.507,,https://www.midwayusa.com/product/1027470390
7/20/2026,Midwayusa,Federal,30-06 Springfield,165,Grizzly Cartridge Trophy Grade 30-06 Springfield Ammo 165 Grain Swift Scirocco II Bonded Polymer Tip Box of 20,Lead-Core,In Stock,64.99,20,3.249,8.15152E+11,GC30-06S19,887726,Polymer Tipped,3000,3297,0.47,0.248,https://www.midwayusa.com/product/1001685351
7/20/2026,Midwayusa,Hornady,30-06 Springfield,150,Buffalo Bore Supercharged 30-06 Springfield Ammo 150 Grain Jacketed Soft Point Box of 20,Lead-Core,In Stock,49.99,,,6.51815E+11,40A,842562,CX,3000,2997,,,https://www.midwayusa.com/product/1001626340
7/20/2026,Midwayusa,Norma,30-06 Springfield,170,Norma TipStrike 30-06 Springfield Ammo 170 Grain Polymer Tip Box of 20,Lead-Core,In Stock,37.99,,,7.39392E+12,20174342,297106,ELD-X,2790,2937,0.454,,https://www.midwayusa.com/product/1019973251
7/20/2026,Midwayusa,Browning,30-06 Springfield,180,Browning Silver Series 30-06 Springfield Ammo 180 Grain Jacketed Soft Point Box of 20,Lead-Core,In Stock,35.49,,,20892232129,B192630061,964016,ELD-X,2700,2913,,,https://www.midwayusa.com/product/1027039990
7/20/2026,Midwayusa,Berger,30-06 Springfield,185,HSM Trophy Gold 30-06 Springfield Ammo 185 Grain Berger Hunting VLD (Very Low Drag) Jacketed Hollow Point Box of 20,Lead-Core,In Stock,57.99,,,8.37306E+11,BER-3006185VLD,918896,ELD-X,2721,3042,0.549,0.279,https://www.midwayusa.com/product/1001714857
7/20/2026,Midwayusa,Winchester,30-06 Springfield,180,Winchester Deer Season XP 30-06 Springfield Ammo 180 Grain Extreme Point Polymer Tip Box of 20,Lead-Core,In Stock,41.49,,,20892234130,X3006DS2,250673,SST,2750,3022,0.422,,https://www.midwayusa.com/product/1028062353
7/20/2026,Midwayusa,Nosler,30-06 Springfield,168,Nosler E-Tip 30-06 Springfield Ammo 168 Grain Expansion Tip (E-Tip) Polymer Tip Lead Free Box of 20,Lead-Free,In Stock,57.99,,,54041400367,40036,824642,ELD-X,2800,2924,0.503,0.253,https://www.midwayusa.com/product/1016884393
7/20/2026,Midwayusa,Nosler,30-06 Springfield,165,Nosler Whitetail Country 30-06 Springfield Ammo 165 Grain Solid Base Jacketed Soft Point Box of 20,Lead-Core,In Stock,36.99,,,54041401258,40125,364962,Ballistic Tip,2900,3081,0.442,,https://www.midwayusa.com/product/1027650679
7/20/2026,Midwayusa,Sellier & Bellot,30-06 Springfield,168,Sellier & Bellot Match 30-06 Springfield Ammo 168 Grain Jacketed Hollow Point Box of 20,Lead-Core,In Stock,41.99,,,7.54909E+11,SB3006D,429104,ELD-X,2785,2894,0.458,0.253,https://www.midwayusa.com/product/1023282270
7/20/2026,Midwayusa,Federal,30-06 Springfield,150,Federal Power-Shok Copper 30-06 Springfield Ammo 150 Grain Solid Hollow Point Lead Free Box of 20,Lead-Free,In Stock,47.49,,,6.04545E+11,3006150LFA,243253,SST,2910,2820,,,https://www.midwayusa.com/product/1017651757
7/20/2026,Midwayusa,Lapua,30-06 Springfield,165,Lapua 30-06 Springfield Ammo 165 Grain Lapua TRX Polymer Tip Lead Free Box of 20,Lead-Free,In Stock,81.99,,,6.41827E+12,N317107,675876,SST,2723,2718,0.49,,https://www.midwayusa.com/product/102938089
7/20/2026,Midwayusa,Remington,30-06 Springfield,150,Remington Core-Lokt Copper 30-06 Springfield Ammo 150 Grain Solid Hollow Point Lead Free Box of 20,Lead-Free,In Stock,48.49,,,47700278537,R27853,550240,CX,2910,2820,,,https://www.midwayusa.com/product/1026067630
7/20/2026,Midwayusa,Lapua,30-06 Springfield,200,Lapua 30-06 Springfield Ammo 200 Grain Lapua Mega Jacketed Soft Point Box of 20,Lead-Core,In Stock,59.68,,,6.41827E+12,4317567,759982,ELD-X,2542,2879,,,https://www.midwayusa.com/product/1001718672
7/20/2026,Midwayusa,Hornady,30-06 Springfield,168,Black Hills Gold 30-06 Springfield Ammo 168 Grain Hornady Match Jacketed Hollow Point Box of 20,Lead-Core,In Stock,62.99,,,6.1271E+11,1C3006BHGN2,680276,Polymer Tip,2700,2718,0.45,0.253,https://www.midwayusa.com/product/1001899822
7/20/2026,Midwayusa,Sig Sauer,30-06 Springfield,165,Sig Sauer Marksman Hunter 30-06 Springfield Ammo 165 Grain Sierra GameKing Jacketed Hollow Point Box of 20,Lead-Core,In Stock,40.99,,,7.98682E+11,E3006GK165-20,583663,SST,2800,2872,0.363,,https://www.midwayusa.com/product/102747023
7/20/2026,Midwayusa,Remington,30-06 Springfield,150,Remington Premier CuT 30-06 Springfield Ammo 150 Grain Polymer Tip Lead Free Box of 20,Lead-Free,In Stock,52.99,,,47700223438,R22343,210045,SST,2820,2913,,,https://www.midwayusa.com/product/1026828388
7/20/2026,Midwayusa,Nosler,30-06 Springfield,150,Nosler Whitetail Country 30-06 Springfield Ammo 150 Grain Solid Base Jacketed Soft Point Box of 20,Lead-Core,In Stock,36.99,,,54041401326,40132,759600,SST,2950,2898,0.398,,https://www.midwayusa.com/product/1028632363
7/20/2026,Midwayusa,Hornady,30-06 Springfield,165,HSM GameKing 30-06 Springfield Ammo 165 Grain Sierra GameKing Jacketed Soft Point Box of 20,Lead-Core,In Stock,45.99,,,8.10742E+11,HSM-30-06-40-N,805405,ELD-X,2896,3074,0.404,0.248,https://www.midwayusa.com/product/1018077054
7/20/2026,Midwayusa,Hornady,30-06 Springfield,178,Federal Premium 30-06 Springfield Ammo 178 Grain Hornady ELD-X Polymer Tip Box of 20,Lead-Core,In Stock,50.99,,,6.04545E+11,P3006ELDX1,434603,ELD-X,2750,2989,,,https://www.midwayusa.com/product/1026066623
7/20/2026,Midwayusa,Nosler,30-06 Springfield,180,Nosler E-Tip 30-06 Springfield Ammo 180 Grain Expansion Tip (E-Tip) Polymer Tip Lead Free Box of 20,Lead-Free,In Stock,57.99,,,54041400374,40037,594718,SST,2750,3022,0.523,0.271,https://www.midwayusa.com/product/1016884441
7/20/2026,Midwayusa,PPU,30-06 Springfield,180,PPU 30-06 Springfield Ammo 180 Grain Jacketed Soft Point Box of 20,Lead-Core,In Stock,28.99,,,8.605E+12,PP30063,938063,SST,2700,2913,,,https://www.midwayusa.com/product/1001780471
7/20/2026,Midwayusa,Sig Sauer,30-06 Springfield,175,Sig Sauer Elite Performance Match Grade 30-06 Springfield Ammo 175 Grain Jacketed Hollow Point Box of 20,Lead-Core,In Stock,40.99,,,7.98682E+11,E3006M2-20,528711,ELD-X,2700,2833,0.496,,https://www.midwayusa.com/product/1023728048
7/20/2026,Midwayusa,Hornady,30-06 Springfield,155,Black Hills Gold 30-06 Springfield Ammo 155 Grain Hornady ELD Match Polymer Tip Box of 20,Lead-Core,In Stock,64.99,,,6.1271E+11,1C3006BHGN8,587623,ELD-X,2900,2894,0.461,0.233,https://www.midwayusa.com/product/1028762199
7/20/2026,Midwayusa,Fiocchi,30-06 Springfield,150,Fiocchi Field Dynamics 30-06 Springfield Ammo 150 Grain Jacketed Soft Point Box of 20,Lead-Core,In Stock,35.49,,,7.62345E+11,3006BFOA,730018,SST,2910,2820,0.38,,https://www.midwayusa.com/product/1026839581
7/20/2026,Midwayusa,Fiocchi,30-06 Springfield,180,Fiocchi Field Dynamics 30-06 Springfield Ammo 180 Grain Jacketed Soft Point Box of 20,Lead-Core,In Stock,35.49,,,7.62345E+11,3006D,134001,V-MAX,2700,2913,0.452,,https://www.midwayusa.com/product/1026839663
7/20/2026,Midwayusa,Lapua,30-06 Springfield,185,Lapua 30-06 Springfield Ammo 185 Grain Lapua Mega Jacketed Soft Point Box of 20,Lead-Core,In Stock,59.68,,,6.41827E+12,4317563,316846,CX,2624,2832,,,https://www.midwayusa.com/product/1001717680
7/20/2026,Midwayusa,Barnes,30-06 Springfield,168,Choice 30-06 Springfield Ammo 168 Grain Barnes Tipped Triple-Shock X Polymer Tip Lead Free Box of 20,Lead-Free,In Stock,69.99,,,6.11166E+11,168TTSXLF3006SPG20,471411,V-MAX,2850,3030,0.47,,https://www.midwayusa.com/product/1028489791
7/20/2026,Midwayusa,Hornady,30-06 Springfield,168,Fort Scott Munitions TUI 30-06 Springfield Ammo 168 Grain Solid Lead Free Box of 20,Lead-Free,In Stock,48.7,,,7.58382E+11,30-06-168-SCV,855158,CX,2719,2758,0.499,,https://www.midwayusa.com/product/1028165118
7/20/2026,Midwayusa,Hornady,30-06 Springfield,165,HSM Tipping Point 2 30-06 Springfield Ammo 165 Grain Hornady SST (Super Shock Tip) Polymer Tip Box of 20,Lead-Core,In Stock,43.99,,,8.10742E+11,HSM-30-06-46-N,505125,ELD-X,2749,2768,0.447,0.248,https://www.midwayusa.com/product/1026036645
7/20/2026,Midwayusa,Sellier & Bellot,30-06 Springfield,150,Sellier & Bellot 30-06 Springfield Ammo 150 Grain Jacketed Soft Point Box of 20,Lead-Core,In Stock,24.49,,,7.54909E+11,SB3006C,159713,SST,2887,2777,0.29,0.226,https://www.midwayusa.com/product/1001811577
7/20/2026,Midwayusa,Sellier & Bellot,30-06 Springfield,180,Sellier & Bellot Ammunition 30-06 Springfield 180 Grain Jacketed Soft Point,Lead-Core,In Stock,23.99,,,7.54909E+11,SB3006E,701348,Ballistic Tip,2641,2787,0.353,0.271,https://www.midwayusa.com/product/1023282322
7/20/2026,Midwayusa,Hornady,30-06 Springfield,178,Hornady Precision Hunter 30-06 Springfield Ammo 178 Grain Hornady ELD-X Polymer Tip Box of 20,Lead-Core,Out of Stock,46.79,,,90255811742,81174,402501,ELD-X,2750,2989,0.535,0.268,https://www.midwayusa.com/product/1016932258
7/20/2026,Midwayusa,Federal,30-06 Springfield,150,Federal American Eagle M1 Garand 30-06 Springfield Ammo 150 Grain Full Metal Jacket,Lead-Core,Out of Stock,319.99,,,2.00295E+13,AE3006M1,214917,Polymer Tip,2740,2500,,,https://www.midwayusa.com/product/953112253
7/20/2026,Midwayusa,Winchester,30-06 Springfield,195,Winchester Supreme Long Range 30-06 Springfield Ammo 195 Grain Winchester BC Max Polymer Tip Box of 20,Lead-Core,Out of Stock,38.49,,,20892234499,S3006BC,955816,ELD-X,2570,2859,0.589,,https://www.midwayusa.com/product/1028061653
7/20/2026,Midwayusa,Sellier & Bellot,30-06 Springfield,165,Sellier & Bellot Exergy Blue 30-06 Springfield Ammo 165 Grain Polymer Tip Lead Free Box of 20,Lead-Free,Out of Stock,27.99,,,7.54909E+11,SB3006XA,753699,SST,2785,2842,0.398,0.248,https://www.midwayusa.com/product/1027217067
7/20/2026,Midwayusa,Winchester,300 Win Mag,180,Winchester Ballistic Silvertip 300 Winchester Magnum Ammo 180 Grain Polymer Tip Box of 20,Lead-Core,In Stock,57.15,,,20892210325,SBST300,445201,SST,2950,3478,0.507,,https://www.midwayusa.com/product/2900193070
7/20/2026,Midwayusa,Winchester,300 Win Mag,195,Winchester Supreme Long Range 300 Winchester Magnum Ammo 195 Grain Winchester BC Max Polymer Tip Box of 20,Lead-Core,In Stock,47.49,,,20892234437,S300BC,603360,ELD-X,2900,3641,0.569,,https://www.midwayusa.com/product/1028061734
7/20/2026,Midwayusa,Winchester,300 Win Mag,180,Winchester Power Point 300 Winchester Magnum Ammo 180 Grain Jacketed Soft Point Box of 20,Lead-Core,In Stock,49.49,,,20892200388,X30WM2,676792,ELD-X,2960,3501,0.438,,https://www.midwayusa.com/product/2900281024
7/20/2026,Midwayusa,Winchester,300 Win Mag,180,Winchester Deer Season XP 300 Winchester Magnum Ammo 180 Grain Extreme Point Polymer Tip Box of 20,Lead-Core,In Stock,54.49,,,20892234093,X300DS2,170051,ELD-X,2950,3478,0.422,,https://www.midwayusa.com/product/1028062471
7/20/2026,Midwayusa,Winchester,300 Win Mag,150,Winchester Power Point 300 Winchester Magnum Ammo 150 Grain Jacketed Soft Point Box of 20,Lead-Core,In Stock,49.49,,,20892200814,X30WM1,651784,Polymer Tip,3290,3605,0.294,,https://www.midwayusa.com/product/2900651784
7/20/2026,Midwayusa,Winchester,300 Win Mag,150,Winchester Deer Season XP 300 Winchester Magnum Ammo 150 Grain Extreme Point Polymer Tip Box of 20,Lead-Core,In Stock,54.49,,,20892221598,X300DS,437875,ELD-X,3260,3539,0.392,,https://www.midwayusa.com/product/2900437875
7/20/2026,Midwayusa,Winchester,300 Win Mag,195,Winchester Supreme Long Range 300 Winchester Short Magnum (WSM) Ammo 195 Grain Winchester BC Max Polymer Tip Box of 20,Lead-Core,In Stock,50.49,,,20892234550,S300SBC,631423,ELD-X,2900,3641,0.589,,https://www.midwayusa.com/product/102806184
7/20/2026,Midwayusa,Winchester,300 Win Mag,150,Winchester Deer Season XP 300 Winchester Short Magnum (WSM) Ammo 150 Grain Extreme Point Polymer Tip Box of 20,Lead-Core,In Stock,60.49,,,20892221611,X300SDS,141782,ELD-X,3260,3539,0.392,,https://www.midwayusa.com/product/2900141782
7/20/2026,Midwayusa,Winchester,300 Win Mag,150,Winchester Copper Impact 300 Winchester Short Magnum (WSM) Ammo 150 Grain Winchester Copper Extreme Point Polymer Tip Lead Free Box of 20,Lead-Free,In Stock,51.88,,,20892227910,X300SCLF,338905,ELD-X,3200,3410,0.387,,https://www.midwayusa.com/product/1021977829
7/20/2026,Midwayusa,Winchester,300 Win Mag,180,Winchester Power Point 300 Winchester Short Magnum (WSM) Ammo 180 Grain Jacketed Soft Point Box of 20,Lead-Core,In Stock,60.49,,,20892213098,X300WSM,217831,ELD-X,2790,3526,0.438,,https://www.midwayusa.com/product/2900217831
7/20/2026,Midwayusa,Winchester,300 Win Mag,180,Winchester Deer Season XP 300 Winchester Short Magnum (WSM) Ammo 180 Grain Extreme Point Polymer Tip Box of 20,Lead-Core,In Stock,60.49,,,20892234116,X300SDS2,931071,ELD-X,2900,3361,0.422,,https://www.midwayusa.com/product/1028062566
7/20/2026,Midwayusa,Winchester,300 Win Mag,150,Winchester Power Point 300 Winchester Short Magnum (WSM) Ammo 150 Grain Jacketed Soft Point Box of 20,Lead-Core,In Stock,60.49,,,20892214958,X300WSM1,412084,ELD-X,3271,3561,0.294,,https://www.midwayusa.com/product/2900412084
7/20/2026,Midwayusa,Nosler,300 Win Mag,190,Winchester Expedition Big Game Long Range 300 Winchester Short Magnum (WSM) Ammo 190 Grain Nosler AccuBond Long Range Bonded Polymer Tip Box of 20,Lead-Core,Out of Stock,65.49,,,20892223240,S300SLR,759854,Polymer Tip,2875,3487,0.64,0.286,https://www.midwayusa.com/product/1018218398
7/20/2026,Midwayusa,Winchester,300 Win Mag,180,Winchester 300 Winchester Short Magnum (WSM) Ammo 180 Grain Winchester Ballistic Silvertip Polymer Tip Box of 20,Lead-Core,Out of Stock,64.49,,,20892213944,SBST300SA,330755,ELD-X,3010,3621,0.507,,https://www.midwayusa.com/product/2900330755
7/20/2026,Midwayusa,Winchester,300 Win Mag,180,Winchester Copper Impact 300 Winchester Short Magnum (WSM) Ammo 180 Grain Winchester Copper Impact Polymer Tip Lead Free Box of 20,Lead-Free,Out of Stock,64.49,,,20892231351,X300SCLF2,301001,ELD-X,2950,3478,0.47,,https://www.midwayusa.com/product/102486974
7/20/2026,Midwayusa,Nosler,300 Win Mag,190,Winchester Expedition Big Game Long Range 300 Winchester Magnum Ammo 190 Grain Nosler AccuBond Long Range Bonded Polymer Tip Box of 20,Lead-Core,Out of Stock,62.49,,,20892223226,S300LR,167127,ELD-X,2900,3547,0.64,0.286,https://www.midwayusa.com/product/1018218278
7/20/2026,Midwayusa,Winchester,300 Win Mag,180,Winchester Copper Impact 300 Winchester Magnum Ammo 180 Grain Winchester Copper Impact Polymer Tip Lead Free Box of 20,Lead-Free,Out of Stock,55.49,,,20892231337,X300CLF2,526698,ELD-X,2950,3478,0.47,,https://www.midwayusa.com/product/1024869666
7/20/2026,Midwayusa,Winchester,300 Win Mag,150,Winchester Copper Impact 300 Winchester Magnum Ammo 150 Grain Winchester Copper Impact Polymer Tip Lead Free Box of 20,Lead-Free,Out of Stock,55.49,,,20892224261,X300CLF,239891,ELD-X,3260,3539,0.387,,https://www.midwayusa.com/product/1019732545
7/20/2026,Midwayusa,Nosler,300 Win Mag,190,Winchester Expedition Big Game Long Range 300 Winchester Short Magnum (WSM) Ammo 190 Grain Nosler AccuBond Long Range Bonded Polymer Tip Box of 20,Lead-Core,Out of Stock,65.49,,,20892223240,S300SLR,759854,Polymer Tip,2875,3487,0.64,0.286,https://www.midwayusa.com/product/1018218398
7/20/2026,Midwayusa,Winchester,300 Win Mag,180,Winchester 300 Winchester Short Magnum (WSM) Ammo 180 Grain Winchester Ballistic Silvertip Polymer Tip Box of 20,Lead-Core,Out of Stock,64.49,,,20892213944,SBST300SA,330755,ELD-X,3010,3621,0.507,,https://www.midwayusa.com/product/2900330755
7/20/2026,Midwayusa,Winchester,300 Win Mag,180,Winchester Copper Impact 300 Winchester Short Magnum (WSM) Ammo 180 Grain Winchester Copper Impact Polymer Tip Lead Free Box of 20,Lead-Free,Out of Stock,64.49,,,20892231351,X300SCLF2,301001,ELD-X,2950,3478,0.47,,https://www.midwayusa.com/product/102486974
7/20/2026,Midwayusa,Federal,300 Win Mag,200,Federal Premium Terminal Ascent 300 Winchester Magnum Ammo 200 Grain Bonded Polymer Tip,Lead-Core,In Stock,59.39,,,6.04545E+11,P300WTA1,395015,ELD-X,2810,3506,0.608,,https://www.midwayusa.com/product/1022395921
7/20/2026,Midwayusa,Nosler,300 Win Mag,180,Nosler Trophy Grade 300 Winchester Magnum Ammo 180 Grain Nosler AccuBond Bonded Polymer Tip Box of 20,Lead-Core,In Stock,76.79,,,54041600590,60059,873479,ELD-X,2950,3477,0.507,0.271,https://www.midwayusa.com/product/1001756036
7/20/2026,Midwayusa,Barnes,300 Win Mag,180,Barnes VOR-TX 300 Winchester Magnum Ammo 180 Grain Barnes Tipped Triple-Shock X Polymer Tip Lead Free Box of 20,Lead-Free,In Stock,73.99,,,7.16876E+11,21538,294822,ELD-X,2960,3503,0.484,0.271,https://www.midwayusa.com/product/1001615062
7/20/2026,Midwayusa,Hornady,300 Win Mag,200,Hornady Precision Hunter 300 Winchester Magnum Ammo 200 Grain Hornady ELD-X Polymer Tip Box of 20,Lead-Core,In Stock,57.59,,,90255820027,82002,557777,ELD-X,2850,3607,0.597,0.301,https://www.midwayusa.com/product/1016932469
7/20/2026,Midwayusa,Hornady,300 Win Mag,180,Hornady Superformance 300 Winchester Magnum Ammo 180 Grain Hornady SST (Super Shock Tip) Polymer Tip Box of 20,Lead-Core,In Stock,53.99,,,90255821932,82193,397693,ELD-X,200,3917,0.48,0.271,https://www.midwayusa.com/product/1001694648
7/20/2026,Midwayusa,Barnes,300 Win Mag,180,Federal Premium 300 Winchester Magnum Ammo 180 Grain Barnes Triple-Shock X Solid Hollow Point Lead Free,Lead-Free,In Stock,59.39,,,29465097202,P300WP,338562,ELD-X,2960,3502,0.453,,https://www.midwayusa.com/product/1021561228
7/20/2026,Midwayusa,Federal,300 Win Mag,180,Federal Premium 300 Winchester Magnum Ammo 180 Grain Trophy Bonded Polymer Tip Box of 20,Lead-Core,In Stock,55.79,,,29465099473,P300WTT1,138044,ELD-X,2960,3502,0.5,,https://www.midwayusa.com/product/1001643462
7/20/2026,Midwayusa,Hornady,300 Win Mag,178,Hornady Precision Hunter 300 Winchester Magnum Ammo 178 Grain Hornady ELD-X Polymer Tip Box of 20,Lead-Core,In Stock,57.59,,,90255820416,82041,782075,ELD-X,2960,3463,0.552,0.268,https://www.midwayusa.com/product/1021879263
7/20/2026,Midwayusa,Winchester,300 Win Mag,180,Sellier & Bellot 300 Winchester Magnum Ammo 180 Grain Jacketed Soft Point Box of 20,Lead-Core,In Stock,29.99,,,7.54909E+11,SB300B,433013,ELD-X,2936,3446,0.353,0.271,https://www.midwayusa.com/product/102328251
7/20/2026,Midwayusa,Federal,300 Win Mag,180,Federal Premium 300 Winchester Magnum Ammo 180 Grain Trophy Bonded Polymer Tip Box of 20,Lead-Core,In Stock,55.79,,,29465099473,P300WTT1,138044,ELD-X,2960,3502,0.5,,https://www.midwayusa.com/product/1001643462
7/20/2026,Midwayusa,Hornady,300 Win Mag,178,Hornady Precision Hunter 300 Winchester Magnum Ammo 178 Grain Hornady ELD-X Polymer Tip Box of 20,Lead-Core,In Stock,57.59,,,90255820416,82041,782075,ELD-X,2960,3463,0.552,0.268,https://www.midwayusa.com/product/1021879263
7/20/2026,Midwayusa,Winchester,300 Win Mag,180,Sellier & Bellot 300 Winchester Magnum Ammo 180 Grain Jacketed Soft Point Box of 20,Lead-Core,In Stock,29.99,,,7.54909E+11,SB300B,433013,ELD-X,2936,3446,0.353,0.271,https://www.midwayusa.com/product/102328251
7/20/2026,Midwayusa,Barnes,300 Win Mag,180,Barnes Harvest Collection 300 Winchester Magnum Ammo 180 Grain Sierra GameKing Polymer Tip Box of 20,Lead-Free,In Stock,46.74,,,7.16877E+11,32405,352295,ELD-X,2960,3503,0.547,0.271,https://www.midwayusa.com/product/1027991644
7/20/2026,Midwayusa,Federal,300 Win Mag,185,Federal Premium 300 Winchester Magnum Ammo 185 Grain Berger Hybrid Hunter Jacketed Hollow Point,Lead-Core,In Stock,53.99,,,6.04545E+11,P300WBCH1,109218,ELD-X,2950,3575,0.533,,https://www.midwayusa.com/product/1021561145
7/20/2026,Midwayusa,Hornady,300 Win Mag,165,Hornady Superformance 300 Winchester Magnum Ammo 165 Grain Hornady CX Polymer Tip Lead Free Box of 20,Lead-Free,In Stock,59.39,,,90255719987,820264,307431,ELD-X,3260,3893,0.44,0.248,https://www.midwayusa.com/product/1024394848
7/20/2026,Midwayusa,Federal,300 Win Mag,175,Federal Premium 300 Winchester Magnum Ammo 175 Grain Federal Terminal Ascent Polymer Tip Box of 20,Lead-Core,In Stock,59.39,,,6.04545E+11,P300WTA2,537733,ELD-X,200,,,,https://www.midwayusa.com/product/1028052484
7/20/2026,Midwayusa,Nosler,300 Win Mag,200,Nosler Trophy Grade 300 Winchester Magnum Ammo 200 Grain Nosler Partition Jacketed Soft Point Box of 20,Lead-Core,In Stock,75.99,,,54041600699,60069,649397,ELD-X,2750,3357,0.481,0.301,https://www.midwayusa.com/product/1001750011
7/20/2026,Midwayusa,Nosler,300 Win Mag,190,Nosler Trophy Grade 300 Winchester Magnum Ammo 190 Grain Nosler AccuBond Long Range Bonded Polymer Tip Box of 20,Lead-Core,In Stock,75.99,,,54041601269,60126,352461,ELD-X,2870,3474,0.64,0.286,https://www.midwayusa.com/product/1001743991
7/20/2026,Midwayusa,Barnes,300 Win Mag,190,Barnes VOR-TX Long Range 300 Winchester Magnum Ammo 190 Grain Barnes Long Range X (LRX) Polymer Tip Lead Free Box of 20,Lead-Free,In Stock,71.99,,,7.16876E+11,29013,322380,ELD-X,2880,3500,0.54,0.286,https://www.midwayusa.com/product/1018913514
7/20/2026,Midwayusa,Federal,300 Win Mag,180,Federal Premium 300 Winchester Magnum Ammo 180 Grain Federal Trophy Copper Polymer Tip Lead Free Box of 20,Lead-Free,In Stock,57.59,,,29465063542,P300WTC1,110188,SST,2960,3502,0.523,,https://www.midwayusa.com/product/1001641256
7/20/2026,Midwayusa,Barnes,300 Win Mag,165,Barnes VOR-TX 300 Winchester Magnum Ammo 165 Grain Barnes Tipped Triple-Shock X Polymer Tip Lead Free Box of 20,Lead-Free,In Stock,71.99,,,7.16876E+11,21537,865531,ELD-X,3120,3566,0.442,0.248,https://www.midwayusa.com/product/1001616820
7/20/2026,Midwayusa,Winchester,300 Win Mag,185,Berger Match Grade 300 Winchester Magnum Ammo 185 Grain Match Classic Hunter Jacketed Hollow Point Box of 20,Lead-Core,In Stock,71.99,,,6.7946E+11,70020,342599,ELD-X,3079,3895,0.533,0.279,https://www.midwayusa.com/product/1019873849
7/20/2026,Midwayusa,Barnes,300 Win Mag,165,Federal Premium 300 Winchester Magnum Ammo 165 Grain Barnes Triple-Shock X Solid Hollow Point Lead Free Box of 20,Lead-Free,In Stock,59.39,,,6.04545E+11,P300WR,760805,ELD-X,3050,3408,0.398,,https://www.midwayusa.com/product/1021561396
7/20/2026,Midwayusa,Hornady,300 Win Mag,200,Federal Premium 300 Winchester Magnum Ammo 200 Grain Hornady ELD-X Polymer Tip,Lead-Core,In Stock,57.59,,,6.04545E+11,P300WELDX1,678929,ELD-X,2860,3632,0.596,0.301,https://www.midwayusa.com/product/1026066774
7/20/2026,Midwayusa,Winchester,300 Win Mag,180,Remington Core-Lokt 300 Winchester Magnum Ammo 180 Grain Jacketed Soft Point Box of 20,Lead-Core,In Stock,45.44,,,47700055800,29497,196506,Polymer Tip,2960,3501,0.383,0.271,https://www.midwayusa.com/product/1001785027
7/20/2026,Midwayusa,Hornady,300 Win Mag,180,Hornady Outfitter 300 Winchester Magnum Ammo 180 Grain Hornady CX Polymer Tip Lead Free Box of 20,Lead-Free,In Stock,58.49,,,90255719871,821974,300046,ELD-X,2960,3502,0.469,0.271,https://www.midwayusa.com/product/1024395153
7/20/2026,Midwayusa,Winchester,300 Win Mag,180,Remington Core-Lokt Tipped 300 Winchester Magnum Ammo 180 Grain Polymer Tip Box of 20,Lead-Core,In Stock,49.94,,,47700417905,R29038,809931,ELD-X,2980,3549,0.448,,https://www.midwayusa.com/product/1024290419
7/20/2026,Midwayusa,Winchester,300 Win Mag,180,Norma BondStrike 300 Winchester Magnum Ammo 180 Grain Bonded Polymer Tip Box of 20,Lead-Core,In Stock,52.99,,,7.39392E+12,20176332,659546,ELD-X,3084,3802,0.615,,https://www.midwayusa.com/product/1021705996
7/20/2026,Midwayusa,Hornady,300 Win Mag,180,Hornady American Whitetail 300 Winchester Magnum Ammo 180 Grain Hornady Interlock Jacketed Soft Point Box of 20,Lead-Core,In Stock,42.49,,,90255820447,82044,737276,ELD-X,2960,3501,0.452,0.271,https://www.midwayusa.com/product/1016933194
7/20/2026,Midwayusa,Nosler,300 Win Mag,180,Nosler RMEF Trophy Grade 300 Winchester Magnum Ammo 180 Grain Partition Jacketed Soft Point Box of 20,Lead-Core,In Stock,76.79,,,54041610568,61056,394276,SST,2950,3477,,,https://www.midwayusa.com/product/1023273694
7/20/2026,Midwayusa,Federal,300 Win Mag,180,Federal Power-Shok 300 Winchester Magnum Ammo 180 Grain Jacketed Soft Point Box of 20,Lead-Core,In Stock,44.54,,,29465091415,300WBS,389907,ELD-X,2960,3502,,,https://www.midwayusa.com/product/1001654975
7/20/2026,Midwayusa,Federal,300 Win Mag,165,Federal Premium 300 Winchester Magnum Ammo 165 Grain Trophy Bonded Polymer Tip Box of 20,Lead-Core,In Stock,55.79,,,29465060268,P300WTT2,227764,SST,3050,3408,0.45,,https://www.midwayusa.com/product/1001647425
7/20/2026,Midwayusa,Hornady,300 Win Mag,195,Hornady Match 300 Winchester Magnum Ammo 195 Grain Hornady ELD Match Polymer Tip Box of 20,Lead-Core,In Stock,63.99,,,90255821802,82180,360790,ELD-X,2930,3717,0.584,0.294,https://www.midwayusa.com/product/1019541749
7/20/2026,Midwayusa,Federal,300 Win Mag,180,Federal Power-Shok 300 Winchester Magnum Ammo 180 Grain Jacketed Soft Point Box of 20,Lead-Core,In Stock,44.54,,,29465091415,300WBS,389907,ELD-X,2960,3502,,,https://www.midwayusa.com/product/1001654975
7/20/2026,Midwayusa,Federal,300 Win Mag,165,Federal Premium 300 Winchester Magnum Ammo 165 Grain Trophy Bonded Polymer Tip Box of 20,Lead-Core,In Stock,55.79,,,29465060268,P300WTT2,227764,SST,3050,3408,0.45,,https://www.midwayusa.com/product/1001647425
7/20/2026,Midwayusa,Hornady,300 Win Mag,195,Hornady Match 300 Winchester Magnum Ammo 195 Grain Hornady ELD Match Polymer Tip Box of 20,Lead-Core,In Stock,63.99,,,90255821802,82180,360790,ELD-X,2930,3717,0.584,0.294,https://www.midwayusa.com/product/1019541749
7/20/2026,Midwayusa,Winchester,300 Win Mag,175,Atomic Ammunition Match Subsonic 300 Winchester Magnum Ammo 175 Grain Jacketed Hollow Point Box of 20,Lead-Core,In Stock,59.99,,,8.58767E+11,CART-300WIN-175GRHPBT-SUB-20,112176,Polymer Tip,1050,428,0.505,0.264,https://www.midwayusa.com/product/1018967383
7/20/2026,Midwayusa,Winchester,300 Win Mag,180,PPU 300 Winchester Magnum Ammo 180 Grain Jacketed Soft Point Box of 20,Lead-Core,In Stock,28.93,,,8.605E+12,PP3003,282745,ELD-X,2903,3378,,,https://www.midwayusa.com/product/1001777620
7/20/2026,Midwayusa,Barnes,300 Win Mag,150,Barnes VOR-TX 300 Winchester Magnum Ammo 150 Grain Barnes Tipped Triple-Shock X Polymer Tip Lead Free Box of 20,Lead-Free,In Stock,73.99,,,7.16876E+11,21569,326838,SST,3285,3595,0.42,0.226,https://www.midwayusa.com/product/1001615129
7/20/2026,Midwayusa,Federal,300 Win Mag,180,Federal Fusion Tipped 300 Winchester Magnum Ammo 180 Grain Bonded Polymer Tip Box of 20,Lead-Core,In Stock,55.34,,,6.04545E+11,F300WTFS3,585955,ELD-X,2950,3478,0.501,,https://www.midwayusa.com/product/1026825459
7/20/2026,Midwayusa,Hornady,300 Win Mag,150,Hornady American Whitetail 300 Winchester Magnum Ammo 150 Grain Hornady Interlock Jacketed Soft Point Box of 20,Lead-Core,In Stock,42.49,,,90255382044,8204,371303,ELD-X,3275,3572,0.338,0.226,https://www.midwayusa.com/product/1001694041
7/20/2026,Midwayusa,Federal,300 Win Mag,180,Federal Fusion 300 Winchester Magnum Ammo 180 Grain Bonded Round Nose Box of 20,Lead-Core,In Stock,52.64,,,29465098025,F300WFS3,314761,ELD-X,2960,3500,,,https://www.midwayusa.com/product/100165077
7/20/2026,Midwayusa,Federal,300 Win Mag,190,Federal Premium Gold Medal 300 Winchester Magnum Ammo 190 Grain Sierra MatchKing Jacketed Hollow Point,Lead-Core,In Stock,68.99,,,29465091736,GM300WM,313766,ELD-X,2900,3547,0.533,0.286,https://www.midwayusa.com/product/953156625
7/20/2026,Midwayusa,Hornady,300 Win Mag,165,Hornady American Whitetail Tipped 300 Winchester Magnum Ammo 165 Grain SST Polymer Tip Box of 20,Lead-Core,In Stock,48.49,,,90255820249,82024,607357,ELD-X,3150,3635,0.447,0.248,https://www.midwayusa.com/product/1029080119
7/20/2026,Midwayusa,Nosler,300 Win Mag,180,Nosler RMEF E-Tip 300 Winchester Magnum Ammo 180 Grain Expansion Tip (E-Tip) Polymer Tip Lead Free Box of 20,Lead-Free,In Stock,69.99,,,54041400381,40038,960440,SST,2950,3478,0.523,0.271,https://www.midwayusa.com/product/1016884517
7/20/2026,Midwayusa,Nosler,300 Win Mag,200,Nosler Custom 300 Winchester Magnum Ammo 200 Grain Nosler AccuBond Bonded Polymer Tip Box of 20,Lead-Core,In Stock,109.99,,,54041233002,23300,379064,ELD-X,2800,3481,0.588,,https://www.midwayusa.com/product/1001744634
7/20/2026,Midwayusa,Nosler,300 Win Mag,180,Nosler BT 300 Winchester Magnum Ammo 180 Grain Nosler Ballistic Tip Polymer Tip Box of 20,Lead-Core,In Stock,59.99,,,54041400534,40053,767396,ELD-X,2950,3477,0.507,0.271,https://www.midwayusa.com/product/1021018256
7/20/2026,Midwayusa,Nosler,300 Win Mag,180,Sig Sauer Platinum Hunter 300 Winchester Magnum Ammo 180 Grain Nosler AccuBond Bonded Polymer Tip Box of 20,Lead-Core,In Stock,61.99,,,7.98682E+11,E3WMPH180-20,189592,ELD-X,3000,3597,0.507,,https://www.midwayusa.com/product/102747077
7/20/2026,Midwayusa,Winchester,300 Win Mag,190,Black Hills 300 Winchester Magnum Ammo 190 Grain Open Tip Match,Lead-Core,In Stock,67.49,,,6.1271E+11,D300WMN1,247531,ELD-X,2950,3672,,,https://www.midwayusa.com/product/1339247531
7/20/2026,Midwayusa,Winchester,300 Win Mag,150,Norma Whitetail 300 Winchester Magnum Ammo 150 Grain Jacketed Soft Point Box of 20,Lead-Core,In Stock,39.99,,,7.39392E+12,20177412,407992,Polymer Tip,3248,3513,0.274,,https://www.midwayusa.com/product/1023689688
7/20/2026,Midwayusa,Winchester,300 Win Mag,180,Norma Oryx 300 Winchester Magnum Ammo 180 Grain Bonded Jacketed Soft Point Box of 20,Lead-Core,In Stock,49.99,,,7.39392E+12,20174762,687069,ELD-X,2920,3409,,,https://www.midwayusa.com/product/1027317741
7/20/2026,Midwayusa,Winchester,300 Win Mag,180,Remington Premier 300 Winchester Magnum Ammo 180 Grain Swift Scirocco II Bonded Polymer Tip Box of 20,Lead-Core,In Stock,67.99,,,47700350806,R29330,574563,SST,2960,3503,0.52,0.271,https://www.midwayusa.com/product/1020687078
7/20/2026,Midwayusa,Barnes,300 Win Mag,130,Barnes VOR-TX Reduced Recoil 300 Winchester Magnum Ammo 130 Grain Barnes Tipped Triple-Shock X Polymer Tip Lead Free Box of 20,Lead-Free,In Stock,52.96,,,7.16876E+11,32239,955639,SST,2910,2445,0.337,0.196,https://www.midwayusa.com/product/1027544072
7/20/2026,Midwayusa,Winchester,300 Win Mag,190,Sig Sauer Elite Performance Match Grade 300 Winchester Magnum Ammo 190 Grain Sierra MatchKing Jacketed Hollow Point,Lead-Core,In Stock,53.99,,,7.98682E+11,E3WMM1-20,383610,ELD-X,2850,3426,,,https://www.midwayusa.com/product/1019078920
7/20/2026,Midwayusa,Winchester,300 Win Mag,215,Gunwerks Long Range Hunting 300 Winchester Magnum Ammo 215 Grain Berger Hybrid Hollow Point Box of 20,Lead-Core,In Stock,140,,,8.50059E+11,AY-M6025,191189,Polymer Tip,,,0.57,0.286,https://www.midwayusa.com/product/1027192692
7/20/2026,Midwayusa,Winchester,300 Win Mag,165,PPU 300 Winchester Magnum Ammo 165 Grain Jacketed Soft Point Box of 20,Lead-Core,In Stock,28.75,,,8.605E+12,PP3002,735428,CX,3050,3408,,,https://www.midwayusa.com/product/1001779381
7/20/2026,Midwayusa,Barnes,300 Win Mag,180,Buffalo Bore Supercharged 300 Winchester Magnum Ammo 180 Grain Barnes TTSX Polymer Tipped Spitzer Lead Free Box of 20,Lead-Free,In Stock,83.99,,,6.51815E+11,55B,165557,ELD-X,3100,3840,0.484,0.271,https://www.midwayusa.com/product/1027024017
7/20/2026,Midwayusa,Winchester,300 Win Mag,150,Remington Core-Lokt 300 Winchester Magnum Ammo 150 Grain Jacketed Soft Point,Lead-Core,In Stock,50.49,,,47700055701,29495,195541,Polymer Tip,3290,3605,0.294,,https://www.midwayusa.com/product/100178491
7/20/2026,Midwayusa,Barnes,300 Win Mag,180,Black Hills Gold 300 Winchester Magnum Ammo 180 Grain Barnes Triple-Shock X Solid Hollow Point Lead Free,Lead-Free,In Stock,419.99,,,6.1271E+11,1C300WMBHGN1,611746,Ballistic Tip,2950,3498,0.453,0.271,https://www.midwayusa.com/product/1001622848
7/20/2026,Midwayusa,Winchester,300 Win Mag,210,HSM Trophy Gold 300 Winchester Magnum Ammo 210 Grain Berger Hunting VLD (Very Low Drag) Jacketed Hollow Point Box of 20,Lead-Core,In Stock,74.99,,,8.37306E+11,BER-300WM210VLD,446395,ELD-X,2922,3982,0.631,0.316,https://www.midwayusa.com/product/102865735
7/20/2026,Midwayusa,Winchester,300 Win Mag,168,Berger Match Grade 300 Winchester Magnum Ammo 168 Grain Match Classic Hunter Jacketed Hollow Point Box of 20,Lead-Core,In Stock,79.99,,,6.7946E+11,70010,314764,ELD-X,3150,3702,0.489,0.253,https://www.midwayusa.com/product/1019873781
7/20/2026,Midwayusa,Winchester,300 Win Mag,190,Remington Premier Long Range 300 Winchester Magnum Ammo 190 Grain Speer Impact Polymer Tip Box of 20,Lead-Core,In Stock,65.99,,,47700485805,R21346,920706,ELD-X,2885,3506,0.596,,https://www.midwayusa.com/product/102853195
7/20/2026,Midwayusa,Winchester,300 Win Mag,185,HSM Trophy Gold 300 Winchester Magnum Ammo 185 Grain Berger Hunting VLD (Very Low Drag) Jacketed Hollow Point Box of 20,Lead-Core,In Stock,75.99,,,8.37306E+11,BER-300WM185VLD,849490,ELD-X,3094,3933,0.549,0.279,https://www.midwayusa.com/product/1001714422
7/20/2026,Midwayusa,Barnes,300 Win Mag,220,Barnes Precision Match 300 Winchester Magnum Ammo 220 Grain Barnes Open Tip Match Jacketed Hollow Point Box of 20,Lead-Free,In Stock,78.99,,,7.16876E+11,30740,945773,ELD-X,2775,3761,0.611,0.331,https://www.midwayusa.com/product/1016298265
7/20/2026,Midwayusa,Federal,300 Win Mag,165,Federal Premium Trophy Copper 300 Winchester Magnum Ammo 165 Grain Federal Trophy Copper Polymer Tip Lead Free Box of 20,Lead-Free,In Stock,63.99,,,29465063511,P300WTC2,959644,ELD-X,3050,3408,0.503,,https://www.midwayusa.com/product/1001677018
7/20/2026,Midwayusa,Winchester,300 Win Mag,180,Swift High Grade Big Game Hunting 300 Winchester Magnum Ammo 180 Grain Swift Scirocco II Bonded Polymer Tip Box of 20,Lead-Core,In Stock,93.99,,,7.13351E+11,10042,559376,ELD-X,2919,3408,0.52,0.271,https://www.midwayusa.com/product/1017959679
7/20/2026,Midwayusa,Federal,300 Win Mag,165,Federal Fusion 300 Winchester Magnum Ammo 165 Grain Bonded Round Nose,Lead-Core,In Stock,58.49,,,29465098018,F300WFS2,961720,ELD-X,3080,3465,,,https://www.midwayusa.com/product/1001677241
7/20/2026,Midwayusa,Winchester,300 Win Mag,150,PPU 300 Winchester Magnum Ammo 150 Grain Jacketed Soft Point Box of 20,Lead-Core,In Stock,35.99,,,8.605E+12,PP3001,936707,ELD-X,3248,3503,,,https://www.midwayusa.com/product/1001780364
7/20/2026,Midwayusa,Federal,300 Win Mag,150,Federal Power-Shok 300 Winchester Magnum Ammo 150 Grain Jacketed Soft Point Box of 20,Lead-Core,In Stock,49.49,,,29465091446,300WGS,999164,Polymer Tip,3150,3305,0.389,,https://www.midwayusa.com/product/1001678039
7/20/2026,Midwayusa,Winchester,300 Win Mag,168,HSM Trophy Gold 300 Winchester Magnum Ammo 168 Grain Berger Hunting VLD (Very Low Drag) Jacketed Hollow Point Box of 20,Lead-Core,In Stock,74.99,,,8.37306E+11,BER-300WM168VLD,161934,ELD-X,3154,3712,0.473,0.253,https://www.midwayusa.com/product/1001712244
7/20/2026,Midwayusa,Winchester,300 Win Mag,180,HSM Tipping Point 300 Winchester Magnum Ammo 180 Grain Sierra GameChanger Polymer Tip Box of 20,Lead-Core,In Stock,60.99,,,8.10742E+11,HSM-300WinMAG-46-N,735909,ELD-X,2998,3593,0.543,0.271,https://www.midwayusa.com/product/1028696114
7/20/2026,Midwayusa,Nosler,300 Win Mag,165,Nosler Custom 300 Winchester Magnum Ammo 165 Grain Nosler Partition Jacketed Soft Point Box of 20,Lead-Core,In Stock,99.36,,,54041233200,23320,654525,Polymer Tip,3100,3521,0.41,0.248,https://www.midwayusa.com/product/1001750132
7/20/2026,Midwayusa,Federal,300 Win Mag,180,Federal Power-Shok 300 Winchester Magnum Ammo 180 Grain Solid Hollow Point Lead Free Box of 20,Lead-Free,In Stock,59.49,,,6.04545E+11,300W180LFA,628627,ELD-X,2960,3502,0.35,,https://www.midwayusa.com/product/1018433983
7/20/2026,Midwayusa,Hornady,300 Win Mag,165,HSM Tipping Point 2 300 Winchester Magnum Ammo 165 Grain Hornady SST (Super Shock Tip) Polymer Tip Box of 20,Lead-Core,In Stock,54.13,,,8.10742E+11,HSM-300WinMAG-51-N,305556,ELD-X,3130,3590,0.447,0.248,https://www.midwayusa.com/product/1028652544
7/20/2026,Midwayusa,Winchester,300 Win Mag,150,HSM Low Recoil 300 Winchester Magnum Ammo 150 Grain Polymer Tip Box of 20,Lead-Core,In Stock,64.99,20,3.249,8.10742E+11,HSM-300WinMAG-42-N,248916,Polymer Tip,2398,1915,,,https://www.midwayusa.com/product/1018879039
7/20/2026,Midwayusa,Winchester,300 Win Mag,180,Remington Premier CuT 300 Winchester Magnum Ammo 180 Grain Polymer Tip Lead Free Box of 20,Lead-Free,In Stock,61.99,,,47700223452,R22345,437363,ELD-X,2960,3502,,,https://www.midwayusa.com/product/1026828522
7/20/2026,Midwayusa,Winchester,300 Win Mag,185,Lapua Scenar 300 Winchester Magnum Ammo 185 Grain Open Tip Match Box of 10,Lead-Core,In Stock,45.05,,,6.41827E+12,4317308,309062,ELD-X,2953,3585,0.482,,https://www.midwayusa.com/product/1026945869
7/20/2026,Midwayusa,Winchester,300 Win Mag,180,Remington Core-Lokt Copper 300 Winchester Magnum Ammo 180 Grain Solid Hollow Point Lead Free Box of 20,Lead-Free,In Stock,60.49,,,47700278582,R27858,475932,CX,2850,3246,,,https://www.midwayusa.com/product/1026068148
7/20/2026,Midwayusa,Barnes,300 Win Mag,190,Choice 300 Winchester Magnum Ammo 190 Grain Barnes Long Range X (LRX) Polymer Tip Lead Free Box of 20,Lead-Free,In Stock,96.99,20,4.849,6.11166E+11,190LRXLF300WIN20,212760,V-MAX,3032,3878,0.541,,https://www.midwayusa.com/product/1028961340
7/20/2026,Midwayusa,Winchester,300 Win Mag,220,Atomic 300 Winchester Magnum Ammo 220 Grain Jacketed Hollow Point Box of 20,Lead-Core,In Stock,67.99,,,8.58767E+11,403,157703,ELD-X,2850,3968,0.629,0.331,https://www.midwayusa.com/product/1018967231
7/20/2026,Midwayusa,Winchester,300 Win Mag,165,Lapua 300 Winchester Magnum Ammo 165 Grain Lapua TRX Polymer Tip Lead Free Box of 10,Lead-Free,In Stock,62.99,,,6.41827E+12,N317205,786629,TTSX,2969,3232,0.49,,https://www.midwayusa.com/product/1029381022
7/20/2026,Midwayusa,Winchester,300 Win Mag,180,Browning Max Point 300 Winchester Magnum Ammo 180 Grain Polymer Tip Box of 20,Lead-Core,In Stock,60.49,,,20892232815,B192103002,592597,ELD-X,2950,3478,,,https://www.midwayusa.com/product/1027038358
7/20/2026,Midwayusa,Winchester,300 Win Mag,175,Fort Scott Munitions TUI 300 Winchester Magnum Ammo 175 Grain Solid Lead Free Box of 20,Lead-Free,In Stock,52.76,,,7.58382E+11,300WM-175-SCV2,186139,TTSX,3088,3705,0.606,,https://www.midwayusa.com/product/102816545
7/20/2026,Midwayusa,Barnes,300 Win Mag,180,Choice 300 Winchester Magnum Ammo 180 Grain Barnes Tipped Triple-Shock X Polymer Tip Lead Free Box of 20,Lead-Free,In Stock,89.99,,,6.11166E+11,180TTSXLF300WIN20,360553,TTSX,3000,3597,0.484,,https://www.midwayusa.com/product/1028490433
7/20/2026,Midwayusa,Hornady,300 Win Mag,200,Choice 300 Winchester Magnum Ammo 200 Grain Hornady ELD-X Polymer Tip Box of 20,Lead-Core,In Stock,86.99,20,4.349,6.11166E+11,200ELDX300WIN20,177355,ELD-X,2992,3975,0.597,,https://www.midwayusa.com/product/1028961576
7/20/2026,Midwayusa,Winchester,300 Win Mag,200,HSM GameKing 300 Winchester Magnum Ammo 200 Grain Sierra GameKing Jacketed Soft Point Box of 20,Lead-Core,In Stock,63.99,20,3.2,8.10742E+11,HSM-300WinMAG-14-N,751058,Jacketed Soft Point,2850,3608,0.56,0.301,https://www.midwayusa.com/product/1018076846
7/20/2026,Midwayusa,Nosler,300 Win Mag,180,Choice 300 Winchester Magnum Ammo 180 Grain Nosler AccuBond Polymer Tip Box of 20,Lead-Core,In Stock,91.99,20,4.599,6.11166E+11,180ACCU300WIN20,677466,ELD-X,3115,3878,0.507,,https://www.midwayusa.com/product/1028961199
7/20/2026,Midwayusa,Winchester,300 Win Mag,185,Lapua Mega 300 Winchester Magnum Ammo 185 Grain Soft Point Box of 10,Lead-Core,In Stock,45.72,,,6.41827E+12,4317312,404979,CX,2723,3046,0.319,,https://www.midwayusa.com/product/1026945935
7/20/2026,Midwayusa,Winchester,300 Win Mag,185,Choice 300 Winchester Magnum Ammo 185 Grain Berger Hunting VLD (Very Low Drag) Jacketed Hollow Point Box of 20,Lead-Core,In Stock,86.99,,,6.11166E+11,185VLDH300WIN20,310829,V-MAX,3050,3821,0.558,,https://www.midwayusa.com/product/1028490792
7/20/2026,Midwayusa,Winchester,300 Win Mag,165,Fiocchi Backwoods Hunter 300 Winchester Magnum Ammo 165 Grain Solid Hollow Point Lead Free Box of 20,Lead-Free,In Stock,53.49,,,7.62345E+11,300WMBHC,123529,ELD-X,3100,3521,,,https://www.midwayusa.com/product/1028676113
7/20/2026,Midwayusa,Hornady,300 Win Mag,178,Hornady Match 300 Winchester Magnum Ammo 178 Grain Hornady ELD Match Polymer Tip Box of 20,Lead-Core,Out of Stock,63.99,,,90255820430,82043,533075,ELD-X,2960,3462,0.547,0.268,https://www.midwayusa.com/product/1018230438
7/20/2026,Midwayusa,Barnes,300 Win Mag,200,Federal Premium 300 Winchester Magnum Ammo 200 Grain Barnes Long Range X (LRX) Polymer Tip Box of 20,Lead-Free,Out of Stock,66.99,,,6.04545E+11,P300WLRX2,684735,ELD-X,,,,,https://www.midwayusa.com/product/1028052345
7/20/2026,Midwayusa,Winchester,300 Win Mag,180,Browning Long Range Pro Hunter 300 Winchester Magnum Ammo 180 Grain Sierra Tipped GameKing Polymer Tip Box of 20,Lead-Core,Out of Stock,62.49,,,20892230170,B192503002,474291,SST,2900,3361,0.515,0.271,https://www.midwayusa.com/product/1023062877
7/20/2026,Midwayusa,Barnes,300 Win Mag,200,Buffalo Bore Supercharged 300 Winchester Magnum Ammo 200 Grain Barnes TSX Solid Hollow Point Lead Free Box of 20,Lead-Free,Out of Stock,83.99,,,6.51815E+11,55A,982368,ELD-X,2900,3734,0.423,0.301,https://www.midwayusa.com/product/1027023956
7/20/2026,Midwayusa,Barnes,300 Win Mag,168,Buffalo Bore Supercharged 300 Winchester Magnum Ammo 168 Grain Barnes TTSX Polymer Tipped Spitzer Lead Free Box of 20,Lead-Free,Out of Stock,83.99,,,6.51815E+11,55C,653287,TTSX,3200,3819,0.47,0.253,https://www.midwayusa.com/product/1027024114
7/20/2026,Midwayusa,Winchester,300 Win Mag,180,Swift High Grade Big Game Hunting 300 Winchester Magnum Ammo 180 Grain Swift A-Frame Bonded Round Nose Box of 20,Lead-Core,Out of Stock,100.99,,,7.13351E+11,10043,540247,ELD-X,3006,3611,0.4,0.271,https://www.midwayusa.com/product/1017959565
7/20/2026,Midwayusa,Winchester,300 Win Mag,180,Browning Silver Series 300 Winchester Magnum Ammo 180 Grain Jacketed Soft Point Box of 20,Lead-Core,Out of Stock,49.49,,,20892232228,B192603001,244931,Polymer Tip,2960,3501,0.382,,https://www.midwayusa.com/product/1025988314
7/20/2026,Midwayusa,Winchester,300 Win Mag,150,Buffalo Bore Supercharged 300 Winchester Magnum Ammo 150 Grain Spitzer Box of 20,Lead-Core,Out of Stock,70.99,,,6.51815E+11,55D,317529,Jacketed Soft Point,3350,3737,,,https://www.midwayusa.com/product/1027024225
7/20/2026,Midwayusa,Nosler,300 Win Mag,210,Nosler Match Grade 300 Winchester Magnum Ammo 210 Grain Nosler RDF Jacketed Hollow Point Box of 20,Lead-Core,Out of Stock,72.99,,,54041601580,60158,931591,ELD-X,2750,3526,0.701,0.316,https://www.midwayusa.com/product/1019861934
7/20/2026,Midwayusa,Winchester,300 Win Mag,180,Sellier & Bellot Exergy Blue 300 Winchester Magnum Ammo 180 Grain Polymer Tip Lead Free Box of 20,Lead-Free,Out of Stock,35.99,,,7.54909E+11,SB300XA,419173,TTSX,2753,3028,0.442,0.271,https://www.midwayusa.com/product/102721739
7/20/2026,Midwayusa,Winchester,300 Win Mag,165,Sig Sauer Marksman Hunter 300 Winchester Magnum Ammo 165 Grain Sierra GameKing Jacketed Hollow Point Box of 20,Lead-Core,Out of Stock,49.99,,,7.98682E+11,E3WMGK165-20,405636,SST,3120,2566,0.363,,https://www.midwayusa.com/product/1027470660
7/20/2026,Midwayusa,Nosler,300 Win Mag,180,Nosler Whitetail Country 300 Winchester Magnum Ammo 180 Grain Solid Base Jacketed Soft Point Box of 20,Lead-Core,Out of Stock,49.99,,,54041401562,40156,393754,Polymer Tip,2950,3478,0.491,,https://www.midwayusa.com/product/1030026167
7/20/2026,Midwayusa,Nosler,300 Win Mag,180,Nosler Trophy Grade 300 Winchester Short Magnum (WSM) Ammo 180 Grain Nosler AccuBond Bonded Polymer Tip Box of 20,Lead-Core,In Stock,75.99,,,54041600637,60063,738032,ELD-X,2950,3478,0.507,0.271,https://www.midwayusa.com/product/1001752043
7/20/2026,Midwayusa,Federal,300 Win Mag,200,Federal Premium Terminal Ascent 300 Winchester Short Magnum (WSM) Ammo 200 Grain Bonded Polymer Tip Box of 20,Lead-Core,In Stock,59.39,,,6.04545E+11,P300WSMTA1,572243,ELD-X,2810,3506,0.608,,https://www.midwayusa.com/product/102239579
7/20/2026,Midwayusa,Hornady,300 Win Mag,200,Hornady Precision Hunter 300 Winchester Short Magnum (WSM) Ammo 200 Grain Hornady ELD-X Polymer Tip Box of 20,Lead-Core,In Stock,61.19,,,90255822083,82208,809520,ELD-X,2820,3531,0.597,0.304,https://www.midwayusa.com/product/1018231113
7/20/2026,Midwayusa,Barnes,300 Win Mag,165,Barnes VOR-TX 300 Winchester Short Magnum (WSM) Ammo 165 Grain Barnes Tipped Triple-Shock X Polymer Tip Lead Free Box of 20,Lead-Free,In Stock,74.99,,,7.16876E+11,21536,645644,ELD-X,3130,3590,0.442,0.248,https://www.midwayusa.com/product/1001616065
7/20/2026,Midwayusa,Federal,300 Win Mag,180,Federal Premium 300 Winchester Short Magnum (WSM) Ammo 180 Grain Trophy Bonded Polymer Tip Box of 20,Lead-Core,In Stock,58.49,,,29465099480,P300WSMTT1,483445,ELD-X,2960,3500,,,https://www.midwayusa.com/product/1001658955
7/20/2026,Midwayusa,Hornady,300 Win Mag,180,Hornady Outfitter 300 Winchester Short Magnum (WSM) Ammo 180 Grain Hornady CX Polymer Tip Lead Free Box of 20,Lead-Free,In Stock,60.29,,,90255719864,822034,827303,ELD-X,2900,3361,0.469,0.271,https://www.midwayusa.com/product/1024395213
7/20/2026,Midwayusa,Winchester,300 Win Mag,180,Norma BondStrike 300 Winchester Short Magnum (WSM) Ammo 180 Grain Bonded Polymer Tip Box of 20,Lead-Core,In Stock,60.99,,,7.39392E+12,20175832,239010,ELD-X,3084,3802,,,https://www.midwayusa.com/product/1021705810
7/20/2026,Midwayusa,Barnes,300 Win Mag,165,Federal Premium 300 Winchester Short Magnum (WSM) Ammo 165 Grain Barnes Triple-Shock X Solid Hollow Point Box of 20,Lead-Free,In Stock,60.29,,,29465098551,P300WSMG,105298,ELD-X,3130,3589,0.398,,https://www.midwayusa.com/product/1021561613
7/20/2026,Midwayusa,Federal,300 Win Mag,185,Federal Premium 300 Winchester Short Magnum (WSM) Ammo 185 Grain Berger Hybrid Hunter Jacketed Hollow Point Box of 20,Lead-Core,In Stock,58.49,,,6.04545E+11,P300WSMBCH1,807160,ELD-X,2950,3575,0.533,,https://www.midwayusa.com/product/1021561499
7/20/2026,Midwayusa,Barnes,300 Win Mag,180,Federal Premium 300 Winchester Short Magnum (WSM) Ammo 180 Grain Barnes Triple-Shock X Solid Hollow Point Lead Free Box of 20,Lead-Free,In Stock,60.29,,,29465097219,P300WSMF,163905,CX,2980,3549,0.453,,https://www.midwayusa.com/product/1021561513
7/20/2026,Midwayusa,Federal,300 Win Mag,180,Federal Premium Meat Eater 300 Winchester Short Magnum (WSM) Ammo 180 Grain Federal Trophy Copper Polymer Tip Lead Free Box of 20,Lead-Free,In Stock,63.89,,,29465063559,P300WSMTC1,712855,ELD-X,2960,3502,0.523,,https://www.midwayusa.com/product/1001667638
7/20/2026,Midwayusa,Federal,300 Win Mag,165,Federal Fusion 300 Winchester Short Magnum (WSM) Ammo 165 Grain Bonded Jacketed Soft Point Box of 20,Lead-Core,In Stock,55.34,,,29465098032,F300WSMFS1,231985,ELD-X,3100,3520,0.451,,https://www.midwayusa.com/product/1001647865
7/20/2026,Midwayusa,Barnes,300 Win Mag,180,Federal Premium 300 Winchester Short Magnum (WSM) Ammo 180 Grain Barnes Triple-Shock X Solid Hollow Point Lead Free Box of 20,Lead-Free,In Stock,60.29,,,29465097219,P300WSMF,163905,CX,2980,3549,0.453,,https://www.midwayusa.com/product/1021561513
7/20/2026,Midwayusa,Federal,300 Win Mag,180,Federal Premium Meat Eater 300 Winchester Short Magnum (WSM) Ammo 180 Grain Federal Trophy Copper Polymer Tip Lead Free Box of 20,Lead-Free,In Stock,63.89,,,29465063559,P300WSMTC1,712855,ELD-X,2960,3502,0.523,,https://www.midwayusa.com/product/1001667638
7/20/2026,Midwayusa,Federal,300 Win Mag,165,Federal Fusion 300 Winchester Short Magnum (WSM) Ammo 165 Grain Bonded Jacketed Soft Point Box of 20,Lead-Core,In Stock,55.34,,,29465098032,F300WSMFS1,231985,ELD-X,3100,3520,0.451,,https://www.midwayusa.com/product/1001647865
7/20/2026,Midwayusa,Barnes,300 Win Mag,150,Barnes VOR-TX 300 Winchester Short Magnum (WSM) Ammo 150 Grain Barnes Tipped Triple-Shock X Polymer Tip Lead Free Box of 20,Lead-Free,In Stock,77.99,,,7.16876E+11,21567,949187,ELD-X,3310,3650,0.42,0.226,https://www.midwayusa.com/product/1001617184
7/20/2026,Midwayusa,Winchester,300 Win Mag,150,Remington Core-Lokt 300 Winchester Short Magnum (WSM) Ammo 150 Grain Jacketed Soft Point Box of 20,Lead-Core,In Stock,54.44,,,47700385303,29489,628607,ELD-X,3320,3671,0.314,,https://www.midwayusa.com/product/1001796866
7/20/2026,Midwayusa,Hornady,300 Win Mag,165,Hornady American Whitetail 300 Winchester Short Magnum (WSM) Ammo 165 Grain Hornady Interlock Jacketed Soft Point Box of 20,Lead-Core,In Stock,43.49,,,90255822045,82204,214925,ELD-X,3130,3589,0.435,0.248,https://www.midwayusa.com/product/1019427190
7/20/2026,Midwayusa,Barnes,300 Win Mag,150,Barnes VOR-TX 300 Winchester Short Magnum (WSM) Ammo 150 Grain Barnes Tipped Triple-Shock X Polymer Tip Lead Free Box of 20,Lead-Free,In Stock,77.99,,,7.16876E+11,21567,949187,ELD-X,3310,3650,0.42,0.226,https://www.midwayusa.com/product/1001617184
7/20/2026,Midwayusa,Winchester,300 Win Mag,150,Remington Core-Lokt 300 Winchester Short Magnum (WSM) Ammo 150 Grain Jacketed Soft Point Box of 20,Lead-Core,In Stock,54.44,,,47700385303,29489,628607,ELD-X,3320,3671,0.314,,https://www.midwayusa.com/product/1001796866
7/20/2026,Midwayusa,Hornady,300 Win Mag,165,Hornady American Whitetail 300 Winchester Short Magnum (WSM) Ammo 165 Grain Hornady Interlock Jacketed Soft Point Box of 20,Lead-Core,In Stock,43.49,,,90255822045,82204,214925,ELD-X,3130,3589,0.435,0.248,https://www.midwayusa.com/product/1019427190
7/20/2026,Midwayusa,Nosler,300 Win Mag,165,Nosler BT 300 Winchester Short Magnum (WSM) Ammo 165 Grain Nosler Ballistic Tip Polymer Tip Box of 20,Lead-Core,In Stock,59.99,,,54041610353,61035,674569,ELD-X,3125,3577,0.475,0.248,https://www.midwayusa.com/product/1027065780
7/20/2026,Midwayusa,Nosler,300 Win Mag,190,Nosler Trophy Grade 300 Winchester Short Magnum (WSM) Ammo 190 Grain Nosler AccuBond Long Range Bonded Polymer Tip Box of 20,Lead-Core,In Stock,96.99,,,54041601061,60106,118980,ELD-X,2875,3486,0.64,0.286,https://www.midwayusa.com/product/1001736841
7/20/2026,Midwayusa,Federal,300 Win Mag,180,Federal Fusion 300 Winchester Short Magnum (WSM) Ammo 180 Grain Bonded Round Nose Box of 20,Lead-Core,In Stock,61.49,,,29465098049,F300WSMFS2,357645,ELD-X,2950,3410,,,https://www.midwayusa.com/product/100165346
7/20/2026,Midwayusa,Winchester,300 Win Mag,150,Remington Core-Lokt Tipped 300 Winchester Short Magnum (WSM) Ammo 150 Grain Polymer Tip Box of 20,Lead-Core,In Stock,66.49,,,47700485201,29043,774374,ELD-X,3340,3715,0.415,,https://www.midwayusa.com/product/1024290167
7/20/2026,Midwayusa,Winchester,300 Win Mag,180,Remington Premier 300 Winchester Short Magnum (WSM) Ammo 180 Grain Swift Scirocco II Bonded Polymer Tip Box of 20,Lead-Core,In Stock,67.99,,,47700391502,29345,908321,ELD-X,2980,3550,0.52,0.271,https://www.midwayusa.com/product/1020687365
7/20/2026,Midwayusa,Winchester,300 Win Mag,185,HSM Trophy Gold 300 Winchester Short Magnum (WSM) Ammo 185 Grain Berger Hunting VLD (Very Low Drag) Jacketed Hollow Point Box of 20,Lead-Core,In Stock,84.99,,,8.37306E+11,BER-300WSM185VLD,130883,ELD-X,2991,3676,0.549,0.279,https://www.midwayusa.com/product/1001711925
7/20/2026,Midwayusa,Hornady,300 Win Mag,200,Federal Premium 300 Winchester Short Magnum (WSM) Ammo 200 Grain Hornady ELD-X Polymer Tip Box of 20,Lead-Core,In Stock,67.99,,,6.04545E+11,P300WSMELDX1,864478,ELD-X,2820,3531,0.597,,https://www.midwayusa.com/product/1026066867
7/20/2026,Midwayusa,Winchester,300 Win Mag,170,Norma Tipstrike 300 Winchester Short Magnum (WSM) Ammo 170 Grain Polymer Tip Box of 20,Lead-Core,In Stock,51.99,,,7.39392E+12,20174022,573030,ELD-X,3199,3862,,,https://www.midwayusa.com/product/1027317343
7/20/2026,Midwayusa,Winchester,300 Win Mag,185,Berger Match Grade 300 Winchester Short Magnum (WSM) Ammo 185 Grain Classic Hunter Jacketed Hollow Point Box of 20,Lead-Core,In Stock,82.99,,,,75010,386411,ELD-X,2960,3600,0.533,,https://www.midwayusa.com/product/1029022864
7/20/2026,Midwayusa,Winchester,300 Win Mag,168,HSM Trophy Gold 300 Winchester Short Magnum (WSM) Ammo 168 Grain Berger Hunting VLD (Very Low Drag) Jacketed Soft Point Box of 20,Lead-Core,In Stock,85.99,,,8.37306E+11,BER-300WSM168VLD,370199,ELD-X,3109,3607,0.473,0.253,https://www.midwayusa.com/product/1001713026
7/20/2026,Midwayusa,Federal,300 Win Mag,180,Federal Power-Shok 300 Winchester Short Magnum (WSM) Ammo 180 Grain Jacketed Soft Point Box of 20,Lead-Core,In Stock,59.49,,,29465095055,300WSMC,162185,ELD-X,2970,3525,,,https://www.midwayusa.com/product/1001644329
7/20/2026,Midwayusa,Winchester,300 Win Mag,210,HSM Trophy Gold 300 Winchester Short Magnum (WSM) Ammo 210 Grain Berger Hunting VLD (Very Low Drag) Jacketed Hollow Point Box of 20,Lead-Core,In Stock,84.99,,,8.37306E+11,BER-300WSM210VLD,387867,ELD-X,2760,3553,0.631,0.316,https://www.midwayusa.com/product/1028657449
7/20/2026,Midwayusa,Barnes,300 Win Mag,180,HSM Lead Free 300 Winchester Short Magnum (WSM) Ammo 180 Grain Barnes Triple-Shock X Solid Hollow Point Box of 20,Lead-Free,In Stock,75.5,,,8.10742E+11,HSM-300WSM-28LF-N,387816,ELD-X,3003,3605,,,https://www.midwayusa.com/product/1028652660
7/20/2026,Midwayusa,Federal,300 Win Mag,180,Federal Power-Shok 300 Winchester Short Magnum (WSM) Ammo 180 Grain Solid Hollow Point Lead Free Box of 20,Lead-Free,In Stock,50.96,,,6.04545E+11,300WSM180LFA,858443,Polymer Tip,2950,3478,0.35,,https://www.midwayusa.com/product/1018434013
7/20/2026,Midwayusa,Barnes,300 Win Mag,168,Choice 300 Winchester Short Magnum (WSM) Ammo 168 Grain Barnes Triple-Shock X Polymer Tip Box of 20,Lead-Free,Out of Stock,85.99,,,6.11166E+11,168TTSXLF300WSM20,854417,ELD-X,3140,3678,0.47,,https://www.midwayusa.com/product/1028489884
7/20/2026,Midwayusa,Barnes,300 Win Mag,168,Choice 300 Winchester Short Magnum (WSM) Ammo 168 Grain Barnes Triple-Shock X Polymer Tip Box of 20,Lead-Free,Out of Stock,85.99,,,6.11166E+11,168TTSXLF300WSM20,854417,ELD-X,3140,3678,0.47,,https://www.midwayusa.com/product/1028489884
7/20/2026,Midwayusa,Winchester,300 Win Mag,180,Browning Long Range Pro Hunter 300 Winchester Short Magnum (WSM) Ammo 180 Grain Sierra Tipped GameKing Polymer Tip Box of 20,Lead-Core,Out of Stock,64.49,,,20892230217,B192530002,196955,ELD-X,2965,3513,0.515,0.271,https://www.midwayusa.com/product/1023063095
7/20/2026,Midwayusa,Winchester,300 Win Mag,180,Browning Max Point 300 Winchester Short Magnum (WSM) Ammo 180 Grain Polymer Tip Box of 20,Lead-Core,Out of Stock,63.49,,,20892232914,B192130002,233741,ELD-X,2900,3361,,,https://www.midwayusa.com/product/1027038855
7/21/2026,Midwayusa,Hornady,30-06 Springfield,178,Hornady Precision Hunter 30-06 Springfield Ammo 178 Grain Hornady ELD-X Polymer Tip Box of 20,Lead-Core,Out of Stock,46.79,,,90255811742,81174,402501,ELD-X,2750,2989,0.535,0.268,https://www.midwayusa.com/product/1016932258
7/21/2026,Midwayusa,Federal,30-06 Springfield,150,Federal American Eagle M1 Garand 30-06 Springfield Ammo 150 Grain Full Metal Jacket,Lead-Core,Out of Stock,319.99,,,2.00295E+13,AE3006M1,214917,Polymer Tip,2740,2500,,,https://www.midwayusa.com/product/953112253
7/21/2026,Midwayusa,Winchester,30-06 Springfield,195,Winchester Supreme Long Range 30-06 Springfield Ammo 195 Grain Winchester BC Max Polymer Tip Box of 20,Lead-Core,Out of Stock,38.49,,,20892234499,S3006BC,955816,ELD-X,2570,2859,0.589,,https://www.midwayusa.com/product/1028061653
7/21/2026,Midwayusa,Sellier & Bellot,30-06 Springfield,165,Sellier & Bellot Exergy Blue 30-06 Springfield Ammo 165 Grain Polymer Tip Lead Free Box of 20,Lead-Free,Out of Stock,27.99,,,7.54909E+11,SB3006XA,753699,SST,2785,2842,0.398,0.248,https://www.midwayusa.com/product/1027217067
7/21/2026,Midwayusa,Sellier & Bellot,30-06 Springfield,147,Sellier & Bellot 30-06 Springfield Ammo 147 Grain Full Metal Jacket,Lead-Core,Out of Stock,499.99,,,8.54909E+11,SB3006F,331909,ELD-X,2790,2920,,,https://www.midwayusa.com/product/1023282452
7/21/2026,Midwayusa,Winchester,30-06 Springfield,150,Winchester M1 Garand 30-06 Springfield Ammo 150 Grain Full Metal Jacket,Lead-Core,Out of Stock,449.99,,,20892231955,WIN3006M2,914860,Polymer Tip,2740,2500,,,https://www.midwayusa.com/product/1027041794
7/21/2026,Midwayusa,Browning,30-06 Springfield,180,Browning Long Range Pro Hunter 30-06 Springfield Ammo 180 Grain Sierra Tipped GameKing Polymer Tip Box of 20,Lead-Core,Out of Stock,52.49,,,20892230231,B192530062,143720,ELD-X,2745,3011,0.515,0.271,https://www.midwayusa.com/product/1023063148
7/21/2026,Midwayusa,Nosler,30-06 Springfield,190,Winchester Expedition Big Game Long Range 30-06 Springfield Ammo 190 Grain Nosler AccuBond Long Range Bonded Polymer Tip Box of 20,Lead-Core,Out of Stock,52.49,,,20892223202,S3006LR,908167,SST,2750,3190,0.64,0.286,https://www.midwayusa.com/product/1018218497
7/21/2026,Midwayusa,Browning,30-06 Springfield,180,Browning Max Point 30-06 Springfield Ammo 180 Grain Polymer Tip Box of 20,Lead-Core,Out of Stock,45.49,,,20892232938,B192130062,872570,ELD-X,2750,3022,,,https://www.midwayusa.com/product/1027038949
7/21/2026,Midwayusa,Winchester,30-06 Springfield,165,Winchester Power Point 30-06 Springfield Ammo 165 Grain Jacketed Soft Point,Lead-Core,Out of Stock,34.49,,,20892200760,X30065,144049,Ballistic Tip,2800,2872,0.341,,https://www.midwayusa.com/product/2900144049
7/21/2026,Midwayusa,Berger,30-06 Springfield,185,Berger Match Grade 30-06 Springfield Ammo 185 Grain Classic Hunter Jacketed Hollow Point Box of 20,Lead-Core,Out of Stock,49.99,,,,66020,286337,ELD-X,2750,3107,0.533,,https://www.midwayusa.com/product/1029022770
7/21/2026,Midwayusa,Fiocchi,30-06 Springfield,150,Fiocchi Backwoods Hunter 30-06 Springfield Ammo 150 Grain Solid Hollow Point Lead Free Box of 20,Lead-Free,Out of Stock,40.49,,,7.62345E+11,3006BHC,586650,CX,2950,2898,,,https://www.midwayusa.com/product/1028676038
7/21/2026,Midwayusa,Hornady,30-06 Springfield,180,Swift High Grade Big Game Hunting 30-06 Springfield Ammo 180 Grain Swift Scirocco II Bonded Polymer Tip Box of 20,Lead-Core,Out of Stock,70.99,,,7.13351E+11,10040,914847,ELD-X,2679,2870,0.52,0.271,https://www.midwayusa.com/product/1017960084
7/21/2026,Midwayusa,Lapua,30-06 Springfield,123,Lapua 30-06 Springfield Ammo 123 Grain Full Metal Jacket Box of 20,Lead-Core,Out of Stock,46.01,,,6.41827E+12,4317577,367954,SST,2936,2354,,,https://www.midwayusa.com/product/1001915478
7/21/2026,Midwayusa,Nosler,30-06 Springfield,180,Nosler Whitetail Country 30-06 Springfield Ammo 180 Grain Solid Base Jacketed Soft Point Box of 20,Lead-Core,Out of Stock,39.99,,,54041401470,40147,518749,Ballistic Tip,2750,3022,0.491,,https://www.midwayusa.com/product/1030026072
7/21/2026,Midwayusa,Hornady,30-06 Springfield,178,Hornady Precision Hunter 30-06 Springfield Ammo 178 Grain Hornady ELD-X Polymer Tip Box of 20,Lead-Core,Out of Stock,46.79,,,90255811742,81174,402501,ELD-X,2750,2989,0.535,0.268,https://www.midwayusa.com/product/1016932258
7/21/2026,Midwayusa,Federal,30-06 Springfield,150,Federal American Eagle M1 Garand 30-06 Springfield Ammo 150 Grain Full Metal Jacket,Lead-Core,Out of Stock,319.99,,,2.00295E+13,AE3006M1,214917,Polymer Tip,2740,2500,,,https://www.midwayusa.com/product/953112253
7/21/2026,Midwayusa,Winchester,30-06 Springfield,195,Winchester Supreme Long Range 30-06 Springfield Ammo 195 Grain Winchester BC Max Polymer Tip Box of 20,Lead-Core,Out of Stock,38.49,,,20892234499,S3006BC,955816,ELD-X,2570,2859,0.589,,https://www.midwayusa.com/product/1028061653
7/21/2026,Midwayusa,Sellier & Bellot,30-06 Springfield,165,Sellier & Bellot Exergy Blue 30-06 Springfield Ammo 165 Grain Polymer Tip Lead Free Box of 20,Lead-Free,Out of Stock,27.99,,,7.54909E+11,SB3006XA,753699,SST,2785,2842,0.398,0.248,https://www.midwayusa.com/product/1027217067
7/21/2026,Midwayusa,Winchester,338 Win Mag,200,Winchester Super X 338 Winchester Magnum Ammo 200 Grain Winchester Power-Point Jacketed Soft Point Box of 20,Lead-Core,Out of Stock,68.49,,,20892200982,X3381,337425,ELD-X,2960,3890,0.308,,https://www.midwayusa.com/product/2900337425
7/21/2026,Midwayusa,Winchester,338 Lapua Mag,250,Winchester Match 338 Lapua Magnum Ammo 250 Grain Sierra MatchKing Jacketed Hollow Point Box of 20,Lead-Core,Out of Stock,151.49,,,20892220034,S338LM,446759,Polymer Tip,2900,4668,0.587,0.313,https://www.midwayusa.com/product/2900446759
7/21/2026,Midwayusa,Barnes,338 Win Mag,225,Buffalo Bore Supercharged 338 Winchester Magnum Ammo 225 Grain Barnes TSX Solid Hollow Point Lead Free Box of 20,Lead-Free,Out of Stock,86.99,,,6.51815E+11,52B,923041,SST,2950,4347,0.386,0.281,https://www.midwayusa.com/product/1027023274
7/21/2026,Midwayusa,Barnes,338 Win Mag,225,Choice 338 Winchester Magnum Ammo 225 Grain Barnes Tipped Triple-Shock X Polymer Tip Lead Free Box of 20,Lead-Free,Out of Stock,95.99,20,4.8,6.11166E+11,225TTSXLF338WIN20,941886,ELD-X,2723,3704,0.514,,https://www.midwayusa.com/product/1028961673
7/21/2026,Midwayusa,Winchester,338 Win Mag,225,Buffalo Bore Supercharged 338 Winchester Magnum Ammo 225 Grain Spitzer Box of 20,Lead-Core,Out of Stock,73.99,,,6.51815E+11,52C,450623,SST,2950,4347,,,https://www.midwayusa.com/product/1027023383
7/21/2026,Midwayusa,Winchester,338 Win Mag,180,HSM GameKing 30-338 Winchester Magnum Ammo 180 Grain Sierra GameKing Spitzer Box of 20,Lead-Core,Out of Stock,71.99,20,3.599,8.10742E+11,HSM-30-338-2-N,477300,Boat Tail,3075,3780,,,https://www.midwayusa.com/product/1028651315
