date,retailer,brand,caliber,weight,name,category,stock,price,qty,ppr,upc,mpn,sku,style,velocity,energy,bc,sd,url
7/24/2026,Sportsmans,Federal,300 WSM,180,Federal Power-Shok 300 WSM (Winchester Short Mag) 180gr SP Rifle Ammo - 20 Rounds,Lead-Core,In Stock,59.99,20,3,29465095055,300WSMC,318088,Soft Point,2980,3549,,,https://www.sportsmans.com/shooting-gear-gun-supplies/ammunition-ammo-for-hunting-shooting-sports/rifle-ammo-hunting-shooting-sports/federal-power-shok-300-wsm-winchester-short-mag-180gr-sp-rifle-ammo-20-rounds/p/318088
7/24/2026,Sportsmans,Federal,300 WSM,180,Federal Fusion 300 WSM (Winchester Short Mag) 180gr Fusion SP Rifle Ammo - 20 Rounds,Lead-Core,In Stock,62.99,20,3.15,29465098049,F300WSMFS2,1106219,Fusion Soft Point,2950,,,,https://www.sportsmans.com/shooting-gear-gun-supplies/ammunition-ammo-for-hunting-shooting-sports/rifle-ammo-hunting-shooting-sports/federal-fusion-300-wsm-winchester-short-mag-180gr-fusion-sp-rifle-ammo-20-rounds/p/1106219
7/24/2026,Sportsmans,Hornady,300 WSM,200,Hornady Precision Hunter 300 WSM (Winchester Short Mag) 200gr ELD-X Rifle Ammo - 20 Rounds,Lead-Core,In Stock,69.99,20,3.499,90255822083,82208,1662352,Extremely Low Drag Expanding,2820,3531,,,https://www.sportsmans.com/shooting-gear-gun-supplies/ammunition-ammo-for-hunting-shooting-sports/rifle-ammo-hunting-shooting-sports/hornady-precision-hunter-300-wsm-winchester-short-mag-200gr-eld-x-rifle-ammo-20-rounds/p/1662352
7/24/2026,Sportsmans,Federal,300 WSM,180,Federal Power-Shok Copper 300 WSM (Winchester Short Mag) 180gr Rifle Ammo - 20 Rounds,Lead-Free,In Stock,64.99,20,3.249,6.04545E+11,300WSM180LFA,1668340,,2850,,,,https://www.sportsmans.com/shooting-gear-gun-supplies/ammunition-ammo-for-hunting-shooting-sports/rifle-ammo-hunting-shooting-sports/federal-power-shok-copper-300-wsm-winchester-short-mag-180gr-rifle-ammo-20-rounds/p/1668340
7/24/2026,Sportsmans,Winchester,300 WSM,195,Winchester Supreme Long Range 300 WSM (Winchester Short Mag) 195gr BC MAX Rifle Ammo - 20 Rounds,Lead-Core,In Stock,54.99,20,2.75,20892234550,S300SBC,1983236,BC MAX,2900,3641,,,https://www.sportsmans.com/shooting-gear-gun-supplies/ammunition-ammo-for-hunting-shooting-sports/rifle-ammo-hunting-shooting-sports/winchester-supreme-long-range-300-wsm-winchester-short-mag-195gr-bc-max-rifle-ammo-20-rounds/p/1983236
7/24/2026,Sportsmans,Federal,300 WSM,165,Federal Fusion 300 WSM (Winchester Short Mag) 165gr Fusion SP Rifle Ammo - 20 Rounds,Lead-Core,In Stock,61.99,20,3.099,29465098032,F300WSMFS1,1106217,Fusion Soft Point,3100,3521,,,https://www.sportsmans.com/shooting-gear-gun-supplies/ammunition-ammo-for-hunting-shooting-sports/rifle-ammo-hunting-shooting-sports/federal-fusion-300-wsm-winchester-short-mag-165gr-fusion-sp-rifle-ammo-20-rounds/p/1106217
7/24/2026,Sportsmans,Barnes,300 WSM,165,Barnes VOR-TX 300 WSM (Winchester Short Mag) 165gr TTSX BT Rifle Ammo - 20 Rounds,Lead-Free,Out of Stock,62.09,20,3.105,7.16876E+11,21536,1255332,Tipped Triple Shock Boat Tail,3130,3590,,,https://www.sportsmans.com/shooting-gear-gun-supplies/ammunition-ammo-for-hunting-shooting-sports/rifle-ammo-hunting-shooting-sports/barnes-vor-tx-300-wsm-winchester-short-mag-165gr-ttsx-bt-rifle-ammo-20-rounds/p/1255332
7/24/2026,Sportsmans,Nosler,300 WSM,180,Federal Premium 300 WSM (Winchester Short Mag) 180gr Nosler Partition Rifle Ammo - 20 Rounds,Lead-Core,Out of Stock,39.97,20,1.998,29465095079,P300WSMB,318157,Nosler Partition,2980,3549,,,https://www.sportsmans.com/shooting-gear-gun-supplies/ammunition-ammo-for-hunting-shooting-sports/rifle-ammo-hunting-shooting-sports/federal-premium-300-wsm-winchester-short-mag-180gr-nosler-partition-rifle-ammo-20-rounds/p/318157
7/24/2026,Sportsmans,Federal,300 WSM,200,Federal Premium 300 WSM (Winchester Short Mag) 200gr TA Rifle Ammo - 20 Rounds,Lead-Core,In Stock,59.39,20,2.97,6.04545E+11,P300WSMTA1,1689737,Terminal Ascent,2810,3506,,,https://www.sportsmans.com/shooting-gear-gun-supplies/ammunition-ammo-for-hunting-shooting-sports/rifle-ammo-hunting-shooting-sports/federal-premium-300-wsm-winchester-short-mag-200gr-ta-rifle-ammo-20-rounds/p/1689737
7/24/2026,Sportsmans,Hornady,300 WSM,180,Hornady Outfitter 300 WSM (Winchester Short Mag) 180gr GMX Rifle Ammo - 20 Rounds,Lead-Free,Out of Stock,61.77,20,3.089,90255822038,82203,1529212,GMX,2930,3431,,,https://www.sportsmans.com/shooting-gear-gun-supplies/ammunition-ammo-for-hunting-shooting-sports/rifle-ammo-hunting-shooting-sports/hornady-outfitter-300-wsm-winchester-short-mag-180gr-gmx-rifle-ammo-20-rounds/p/1529212
7/24/2026,Sportsmans,Nosler,300 WSM,180,Nosler Trophy Grade 300 WSM (Winchester Short Mag) 180gr Accubond Rifle Ammo - 20 Rounds,Lead-Core,In Stock,89.99,20,4.499,54041600637,60063,1234429,AccuBond,2950,,,,https://www.sportsmans.com/shooting-gear-gun-supplies/ammunition-ammo-for-hunting-shooting-sports/rifle-ammo-hunting-shooting-sports/nosler-trophy-grade-300-wsm-winchester-short-mag-180gr-accubond-rifle-ammo-20-rounds/p/1234429
7/24/2026,Sportsmans,Nosler,300 WSM,180,Nosler Expansion Tip 300 WSM (Winchester Short Mag) 180gr TPFMJ Rifle Ammo - 20 Rounds,Lead-Core,Out of Stock,89.99,20,4.499,54041401524,40152,1750160,Tipped Full Metal Jacket,2900,3361,,,https://www.sportsmans.com/shooting-gear-gun-supplies/ammunition-ammo-for-hunting-shooting-sports/rifle-ammo-hunting-shooting-sports/nosler-expansion-tip-300-wsm-winchester-short-mag-180gr-tpfmj-rifle-ammo-20-rounds/p/1750160
7/24/2026,Sportsmans,Nosler,300 WSM,190,Nosler Trophy Grade Long Range 300 WSM (Winchester Short Mag) 190gr Accubond LR Rifle Ammo - 20 Rounds,Lead-Core,Out of Stock,94.99,20,4.749,54041601061,60106,1401989,Accubond Long Range,2875,3487,,,https://www.sportsmans.com/shooting-gear-gun-supplies/ammunition-ammo-for-hunting-shooting-sports/rifle-ammo-hunting-shooting-sports/nosler-trophy-grade-long-range-300-wsm-winchester-short-mag-190gr-accubond-lr-rifle-ammo-20-rounds/p/1401989
7/24/2026,Sportsmans,Hornady,300 WSM,165,Hornady American Whitetail 300 WSM (Winchester Short Mag) 165gr Interlock Rifle Ammo - 20 Rounds,Lead-Core,In Stock,41.99,20,2.099,90255822045,82204,1492042,Interlock,3130,3589,,,https://www.sportsmans.com/shooting-gear-gun-supplies/ammunition-ammo-for-hunting-shooting-sports/rifle-ammo-hunting-shooting-sports/hornady-american-whitetail-300-wsm-winchester-short-mag-165gr-interlock-rifle-ammo-20-rounds/p/1492042
7/24/2026,Sportsmans,Barnes,300 WSM,165,Federal Brass Barnes 300 WSM (Winchester Short Mag) 165gr TSX Rifle Ammo - 20 Rounds,Lead-Free,In Stock,63.99,20,3.2,29465098551,P300WSMG,1537741,Triple Shock,3130,3589,,,https://www.sportsmans.com/shooting-gear-gun-supplies/ammunition-ammo-for-hunting-shooting-sports/rifle-ammo-hunting-shooting-sports/federal-brass-barnes-300-wsm-winchester-short-mag-165gr-tsx-rifle-ammo-20-rounds/p/1537741
7/24/2026,Sportsmans,Federal,300 WSM,185,Federal Premium 300 WSM (Winchester Short Mag) 185gr Berger Hybrid Rifle Ammo - 20 Rounds,Lead-Core,In Stock,61.99,20,3.099,6.04545E+11,P300WSMBCH1,1537761,Berger Hybrid,2950,3575,,,https://www.sportsmans.com/shooting-gear-gun-supplies/ammunition-ammo-for-hunting-shooting-sports/rifle-ammo-hunting-shooting-sports/federal-premium-300-wsm-winchester-short-mag-185gr-berger-hybrid-rifle-ammo-20-rounds/p/1537761
7/24/2026,Sportsmans,Winchester,300 WSM,150,Winchester Deer Season XP 300 WSM (Winchester Short Mag) 150gr XP Rifle Ammo - 20 Rounds,Lead-Core,In Stock,66.99,20,3.349,20892221611,X300SDS,1406979,Extreme Point,3260,3539,,,https://www.sportsmans.com/shooting-gear-gun-supplies/ammunition-ammo-for-hunting-shooting-sports/rifle-ammo-hunting-shooting-sports/winchester-deer-season-xp-300-wsm-winchester-short-mag-150gr-xp-rifle-ammo-20-rounds/p/1406979
7/24/2026,Sportsmans,Winchester,300 WSM,150,Winchester Copper Impact 300 WSM (Winchester Short Mag) 150gr Extreme Point Rifle Ammo - 20 Rounds,Lead-Free,In Stock,67.99,20,3.399,20892227910,X300SCLF,1801791,Extreme Point,3200,3410,,,https://www.sportsmans.com/shooting-gear-gun-supplies/ammunition-ammo-for-hunting-shooting-sports/rifle-ammo-hunting-shooting-sports/winchester-copper-impact-300-wsm-winchester-short-mag-150gr-copper-rifle-ammo-20-rounds/p/1801791
7/24/2026,Sportsmans,Winchester,300 WSM,210,HSM Trophy Gold 300 WSM (Winchester Short Mag) 210gr BHVLDM Rifle Ammo - 20 Rounds,Lead-Core,Out of Stock,70.99,20,3.549,8.37306E+11,300WSM210,1815445,Berger Hunting VLD Match,2760,3553,,,https://www.sportsmans.com/shooting-gear-gun-supplies/ammunition-ammo-for-hunting-shooting-sports/rifle-ammo-hunting-shooting-sports/hsm-trophy-gold-300-wsm-winchester-short-mag-210gr-bhvldm-rifle-ammo-20-rounds/p/1815445
7/24/2026,Sportsmans,Barnes,300 WSM,180,Federal Barnes Premium 300 WSM (Winchester Short Mag) 180gr Barnes TSX Rifle Ammo - 20 Rounds,Lead-Free,In Stock,70.99,20,3.549,29465097219,P300WSMF,1016057,Barnes Triple-Shock X,2980,3549,,,https://www.sportsmans.com/shooting-gear-gun-supplies/ammunition-ammo-for-hunting-shooting-sports/rifle-ammo-hunting-shooting-sports/federal-barnes-premium-300-wsm-winchester-short-mag-180gr-barnes-tsx-rifle-ammo-20-rounds/p/1016057
7/24/2026,Sportsmans,Hornady,300 WSM,180,Hornady Outfitter 300 WSM (Winchester Short Mag) 180gr CX Rifle Ammo - 20 Rounds,Lead-Free,In Stock,60.99,20,3.05,90255719864,822034,1728340,Full Metal Jacket Tipped,2900,3361,,,https://www.sportsmans.com/shooting-gear-gun-supplies/ammunition-ammo-for-hunting-shooting-sports/rifle-ammo-hunting-shooting-sports/hornady-cx-outfitter-300-wsm-winchester-short-mag-180gr-rifle-ammo-20-rounds/p/1728340
7/24/2026,Sportsmans,Winchester,300 WSM,150,Remington Express Core-Lokt 300 WSM (Winchester Short Mag) 150gr PSP Rifle Ammo - 20 Rounds,Lead-Core,Out of Stock,58.99,20,2.95,47700385303,R300WSM1,1689765,Pointed Soft Point,3320,3671,,,https://www.sportsmans.com/shooting-gear-gun-supplies/ammunition-ammo-for-hunting-shooting-sports/rifle-ammo-hunting-shooting-sports/remington-express-core-lokt-300-wsm-winchester-short-mag-150gr-psp-rifle-ammo-20-rounds/p/1689765
7/24/2026,Sportsmans,Winchester,300 WSM,180,Remington Premier Scirocco 300 WSM (Winchester Short Mag) 180gr Swift Scirocco Bonded Rifle Ammo - 20 Rounds,Lead-Core,Out of Stock,68.99,20,3.449,,,1114467,Swift Scirocco Bonded,2980,3549,,,https://www.sportsmans.com/shooting-gear-gun-supplies/ammunition-ammo-for-hunting-shooting-sports/rifle-ammo-hunting-shooting-sports/remington-premier-scirocco-300-wsm-winchester-short-mag-180gr-swift-scirocco-bonded-rifle-ammo-20-rounds/p/1114467
7/24/2026,Sportsmans,Federal,300 WSM,200,Federal ELD-X 300 WSM (Winchester Short Mag) 200gr Rifle Ammo - 20 Rounds,Lead-Core,In Stock,67.99,20,3.399,6.04545E+11,P300WSMELDX1,1800653,ELD-X,2820,3531,,,https://www.sportsmans.com/shooting-gear-gun-supplies/ammunition-ammo-for-hunting-shooting-sports/rifle-ammo-hunting-shooting-sports/federal-eld-x-300-wsm-winchester-short-mag-200gr-rifle-ammo-20-rounds/p/1800653
7/24/2026,Sportsmans,Winchester,300 WSM,155,Browning BXR 300 WSM (Winchester Short Mag) 155gr REMT Rifle Ammo - 20 Rounds,Lead-Core,Out of Stock,45.99,20,2.3,20892222298,B192130001,1427370,REMT,3260,3657,,,https://www.sportsmans.com/shooting-gear-gun-supplies/ammunition-ammo-for-hunting-shooting-sports/rifle-ammo-hunting-shooting-sports/browning-bxr-300-wsm-winchester-short-mag-155gr-remt-rifle-ammo-20-rounds/p/1427370
7/24/2026,Sportsmans,Federal,300 WSM,180,Federal Premium 300 WSM (Winchester Short Mag) 180gr AB Rifle Ammo - 20 Rounds,Lead-Core,Out of Stock,64.99,20,3.249,29465096496,P300WSMA1,1015223,AccuBond,2960,3500,,,https://www.sportsmans.com/shooting-gear-gun-supplies/ammunition-ammo-for-hunting-shooting-sports/rifle-ammo-hunting-shooting-sports/federal-premium-300-wsm-winchester-short-mag-180gr-ab-rifle-ammo-20-rounds/p/1015223
7/24/2026,Sportsmans,Winchester,300 WSM,180,Norma Bondstrike Extreme 300 WSM (Winchester Short Mag) 180gr B Rifle Ammo - 20 Rounds,Lead-Core,Out of Stock,66.99,20,3.349,7.39392E+12,20176782,1667710,Bondstrike,3084,3802,,,https://www.sportsmans.com/shooting-gear-gun-supplies/ammunition-ammo-for-hunting-shooting-sports/rifle-ammo-hunting-shooting-sports/norma-bondstrike-extreme-300-wsm-winchester-short-mag-180gr-b-rifle-ammo-20-rounds/p/1667710
7/24/2026,Sportsmans,Federal,300 WSM,165,Federal Premium 300 WSM (Winchester Short Mag) 165gr Trophy Bonded Rifle Ammo - 20 Rounds,Lead-Core,Out of Stock,64.99,20,3.249,29465060275,P300WSMTT2,1219329,Trophy Bonded,3130,3589,,,https://www.sportsmans.com/shooting-gear-gun-supplies/ammunition-ammo-for-hunting-shooting-sports/rifle-ammo-hunting-shooting-sports/federal-premium-300-wsm-winchester-short-mag-165gr-trophy-bonded-rifle-ammo-20-rounds/p/1219329
7/24/2026,Sportsmans,Federal,300 WSM,150,Federal 300 WSM (Winchester Short Mag) 150gr Fusion SP Rifle Ammo - 20 Rounds,Lead-Core,Out of Stock,53.99,20,2.7,29465098636,F300WSMFS3,1629243,Fusion Soft Point,3250,3518,,,https://www.sportsmans.com/shooting-gear-gun-supplies/ammunition-ammo-for-hunting-shooting-sports/rifle-ammo-hunting-shooting-sports/federal-300-wsm-winchester-short-mag-150gr-fusion-sp-rifle-ammo-20-rounds/p/1629243
7/24/2026,Sportsmans,Winchester,300 WSM,150,Winchester Ballistic Silvertip 300 WSM (Winchester Short Mag) 150gr Ballistic Silvertip Rifle Ammo - 20 Rounds,Lead-Core,Out of Stock,70.99,20,3.549,20892213074,SBST300S,315527,Ballistic Silvertip,3300,3628,,,https://www.sportsmans.com/shooting-gear-gun-supplies/ammunition-ammo-for-hunting-shooting-sports/rifle-ammo-hunting-shooting-sports/winchester-ballistic-silvertip-300-wsm-winchester-short-mag-150gr-ballistic-silvertip-rifle-ammo-20-rounds/p/315527
7/24/2026,Sportsmans,Winchester,300 WSM,180,Browning BXS Solid Expansion Big Game and Deer 300 WSM (Winchester Short Mag) 180gr SEPT Rifle Ammo - 20 Rounds,Lead-Core,Out of Stock,59.99,20,3,20892224803,B192430001,1801809,Polymer Tipped,,,,,https://www.sportsmans.com/shooting-gear-gun-supplies/ammunition-ammo-for-hunting-shooting-sports/rifle-ammo-hunting-shooting-sports/browning-bxs-solid-expansion-big-game-and-deer-300-wsm-winchester-short-mag-180gr-sept-rifle-ammo-20-rounds/p/1801809
7/24/2026,Sportsmans,Winchester,300 WSM,180,Winchester Copper Impact 300 WSM (Winchester Short Mag) 180gr Extreme Point Rifle Ammo - 20 Rounds,Lead-Free,Out of Stock,79.99,20,3.999,20892231351,X300SCLF2,1801792,Extreme Point,2900,3361,,,https://www.sportsmans.com/shooting-gear-gun-supplies/ammunition-ammo-for-hunting-shooting-sports/rifle-ammo-hunting-shooting-sports/winchester-copper-impact-300-wsm-winchester-short-mag-180gr-copper-rifle-ammo-20-rounds/p/1801792
7/24/2026,Sportsmans,Winchester,300 WSM,180,Browning Max Point 300 WSM (Winchester Short Mag) 180gr PT Rifle Ammo - 20 Rounds,Lead-Core,Out of Stock,67.99,20,3.399,20892232914,B192130002,1819138,Polymer Tip,2900,3361,,,https://www.sportsmans.com/shooting-gear-gun-supplies/ammunition-ammo-for-hunting-shooting-sports/rifle-ammo-hunting-shooting-sports/browning-max-point-300-wsm-winchester-short-mag-180gr-pt-rifle-ammo-20-rounds/p/1819138
7/24/2026,Sportsmans,Winchester,300 WSM,150,Winchester Power Max 300 WSM (Winchester Short Mag) 150gr Bonded Rifle Ammo - 20 Rounds,Lead-Core,Out of Stock,52.99,20,2.65,20892218079,X300SBP,1232715,Power Max Bonded,3270,3561,,,https://www.sportsmans.com/shooting-gear-gun-supplies/ammunition-ammo-for-hunting-shooting-sports/rifle-ammo-hunting-shooting-sports/winchester-power-max-300-wsm-winchester-short-mag-150gr-bonded-rifle-ammo-20-rounds/p/1232715
7/24/2026,Sportsmans,Barnes,300 WSM,175,DoubleTap Longrange 300 WSM (Winchester Short Mag) 175gr Barnes LRX Rifle Ammo - 20 Rounds,Lead-Free,Out of Stock,56.99,20,2.849,91037349552,44S240SWC20,1371974,Barnes LRX,3000,3498,,,https://www.sportsmans.com/shooting-gear-gun-supplies/ammunition-ammo-for-hunting-shooting-sports/rifle-ammo-hunting-shooting-sports/doubletap-longrange-300-wsm-winchester-short-mag-175gr-barnes-lrx-rifle-ammo-20-rounds/p/1371974
7/24/2026,Sportsmans,Winchester,300 WSM,180,DoubleTap Longrange 300 WSM (Winchester Short Mag) 180gr Swift Scirocco II Rifle Ammo - 20 Rounds,Lead-Core,Out of Stock,66.99,20,3.349,91037683663,3SM180SS,1541124,Scirocco II,,,,,https://www.sportsmans.com/shooting-gear-gun-supplies/ammunition-ammo-for-hunting-shooting-sports/rifle-ammo-hunting-shooting-sports/doubletap-longrange-300-wsm-winchester-short-mag-180gr-swift-scirocco-ii-rifle-ammo-20-rounds/p/1541124
7/24/2026,Sportsmans,Federal,300 WSM,180,Federal Premium 300 WSM (Winchester Short Mag) 180gr Swift Scirocco II Rifle Ammo - 20 Rounds,Lead-Core,Out of Stock,67.99,20,3.399,6.04545E+11,P300WSMSS1,1658529,Scirocco,2960,3502,,,https://www.sportsmans.com/shooting-gear-gun-supplies/ammunition-ammo-for-hunting-shooting-sports/rifle-ammo-hunting-shooting-sports/federal-premium-300-wsm-winchester-short-mag-180gr-swift-scirocco-ii-rifle-ammo-20-rounds/p/1658529
7/24/2026,Sportsmans,Barnes,300 WSM,168,Choice Ammunition 300 WSM (Winchester Short Mag) 168gr Barnes TTSX Rifle Ammo - 20 Rounds,Lead-Free,Out of Stock,64.99,20,3.249,6.11166E+11,168TTSXLF300WSM20,1542549,Barnes TTSX,3005,,,,https://www.sportsmans.com/shooting-gear-gun-supplies/ammunition-ammo-for-hunting-shooting-sports/rifle-ammo-hunting-shooting-sports/choice-ammunition-300-wsm-winchester-short-mag-168gr-barnes-ttsx-rifle-ammo-20-rounds/p/1542549
7/24/2026,Sportsmans,Winchester,300 WSM,190,Winchester Expedition Big Game Long Range 300 WSM (Winchester Short Mag) 190gr Accubond Rifle Ammo - 20 Rounds,Lead-Core,Out of Stock,79.99,20,3.999,20892223240,S300SLR,1542684,AccuBond,2875,3487,,,https://www.sportsmans.com/shooting-gear-gun-supplies/ammunition-ammo-for-hunting-shooting-sports/rifle-ammo-hunting-shooting-sports/winchester-expedition-big-game-long-range-300-wsm-winchester-short-mag-190gr-accubond-rifle-ammo-20-rounds/p/1542684
7/24/2026,Sportsmans,Nosler,300 WSM,165,Federal Premium Nosler Partition 300 WSM (Winchester Short Mag) 165gr Nosler Partition Rifle Ammo - 20 Rounds,Lead-Core,Out of Stock,72.99,20,3.649,29465096809,P300WSME,1015224,Nosler Partition,3120,3566,,,https://www.sportsmans.com/shooting-gear-gun-supplies/ammunition-ammo-for-hunting-shooting-sports/rifle-ammo-hunting-shooting-sports/federal-premium-nosler-partition-300-wsm-winchester-short-mag-165gr-nosler-partition-rifle-ammo-20-rounds/p/1015224
7/24/2026,Sportsmans,Federal,300 WSM,180,Federal Premium 300 WSM (Winchester Short Mag) 180gr Trophy Bonded Rifle Ammo - 20 Rounds,Lead-Core,Out of Stock,63.99,20,3.2,29465099480,P300WSMTT1,1208925,Trophy Bonded,2960,3502,,,https://www.sportsmans.com/shooting-gear-gun-supplies/ammunition-ammo-for-hunting-shooting-sports/rifle-ammo-hunting-shooting-sports/federal-premium-300-wsm-winchester-short-mag-180gr-trophy-bonded-rifle-ammo-20-rounds/p/1208925
7/24/2026,Sportsmans,Federal,300 WSM,165,Federal Premium MeatEater 300 WSM (Winchester Short Mag) 165gr Trophy Copper Rifle Ammo - 20 Rounds,Lead-Free,Out of Stock,66.99,20,3.349,29465063528,P300WSMCTC2,1369161,Trophy Copper,3120,3566,,,https://www.sportsmans.com/shooting-gear-gun-supplies/ammunition-ammo-for-hunting-shooting-sports/rifle-ammo-hunting-shooting-sports/federal-premium-meateater-300-wsm-winchester-short-mag-165gr-trophy-copper-rifle-ammo-20-rounds/p/1369161
7/24/2026,Sportsmans,Winchester,300 WSM,180,Browning Long Range Pro Hunter 300 WSM (Winchester Short Mag) 180gr Rifle Ammo - 20 Rounds,Lead-Core,Out of Stock,62.99,20,3.15,20892230217,B192530002,1687861,Sierra Tipped GameKing,2965,3513,,,https://www.sportsmans.com/shooting-gear-gun-supplies/ammunition-ammo-for-hunting-shooting-sports/rifle-ammo-hunting-shooting-sports/browning-long-range-pro-hunter-300-wsm-winchester-short-mag-180gr-rifle-ammo-20-rounds/p/1687861
7/24/2026,Sportsmans,Federal,300 WSM,180,Federal Trophy Copper 300 WSM (Winchester Short Mag) 180gr Rifle Ammo - 20 Rounds,Lead-Free,Out of Stock,77.99,20,3.899,29465063559,P300WSMTC1,1369248,Polymer Tip,2960,3502,,,https://www.sportsmans.com/shooting-gear-gun-supplies/ammunition-ammo-for-hunting-shooting-sports/rifle-ammo-hunting-shooting-sports/federal-trophy-copper-300-wsm-winchester-short-mag-180gr-rifle-ammo-20-rounds/p/1369248
7/24/2026,Sportsmans,Winchester,300 WSM,180,Winchester Ballistic Silvertip 300 WSM (Winchester Short Mag) 180gr Ballistic Silvertip Rifle Ammo - 20 Rounds,Lead-Core,Out of Stock,79.99,20,3.999,20892213944,SBST300SA,318112,Ballistic Silvertip,3010,3621,,,https://www.sportsmans.com/shooting-gear-gun-supplies/ammunition-ammo-for-hunting-shooting-sports/rifle-ammo-hunting-shooting-sports/winchester-ballistic-silvertip-300-wsm-winchester-short-mag-180gr-ballistic-silvertip-rifle-ammo-20-rounds/p/318112
7/24/2026,Sportsmans,Winchester,300 WSM,150,Remington Core-Lokt 300 WSM (Winchester Short Mag) 150gr Full Metal Jacket Tipped Centerfire Rifle Ammo - 20 Rounds,Lead-Core,Out of Stock,59.99,20,3,47700485201,29043,1721062,Full Metal Jacket Tipped,3340,3715,,,https://www.sportsmans.com/shooting-gear-gun-supplies/ammunition-ammo-for-hunting-shooting-sports/rifle-ammo-hunting-shooting-sports/remington-core-lokt-300-wsm-winchester-short-mag-150gr-full-metal-jacket-tipped-centerfire-rifle-ammo-20-rounds/p/1721062
7/24/2026,Sportsmans,Winchester,300 WSM,185,HSM Trophy Gold 300 WSM (Winchester Short Mag) 185gr BHVLDM Rifle Ammo - 20 Rounds,Lead-Core,Out of Stock,68.99,20,3.449,8.37306E+11,300WSM185,1815444,Berger Hunting VLD Match,2991,3676,,,https://www.sportsmans.com/shooting-gear-gun-supplies/ammunition-ammo-for-hunting-shooting-sports/rifle-ammo-hunting-shooting-sports/hsm-trophy-gold-300-wsm-winchester-short-mag-185gr-bhvldm-rifle-ammo-20-rounds/p/1815444
7/24/2026,Sportsmans,Winchester,300 WSM,195,Browning Long Range Pro 300 WSM (Winchester Short Mag) 195gr Rifle Ammo - 20 Rounds,Lead-Core,Out of Stock,50.99,20,2.55,20892226449,B192530001,1672433,Sierra Tipped MatchKing,2850,3516,,,https://www.sportsmans.com/shooting-gear-gun-supplies/ammunition-ammo-for-hunting-shooting-sports/rifle-ammo-hunting-shooting-sports/browning-long-range-pro-300-wsm-winchester-short-mag-195gr-rifle-ammo-20-rounds/p/1672433
7/24/2026,Sportsmans,Winchester,300 WSM,165,Armscor 300 WSM (Winchester Short Mag) 165gr AccuBond - 20 Rounds,Lead-Core,Out of Stock,44.99,20,2.25,8.12285E+11,F AC300WSM-165GR-AB,1676194,AccuBond,2735,2741,,,https://www.sportsmans.com/shooting-gear-gun-supplies/ammunition-ammo-for-hunting-shooting-sports/rifle-ammo-hunting-shooting-sports/armscor-300-wsm-winchester-short-mag-165gr-accubond-20-rounds/p/1676194
7/24/2026,Sportsmans,Winchester,308 Win,147,PMC Bronze 308 Winchester 147gr Full Metal Jacket Boat Tail Rifle Ammo -  20 Count,Lead-Core,In Stock,21.99,20,1.099,7.41569E+11,308B,1320653,Full Metal Jacket Boat Tail,780,522,,,https://www.sportsmans.com/shooting-gear-gun-supplies/ammunition-ammo-for-hunting-shooting-sports/rifle-ammo-hunting-shooting-sports/pmc-bronze-308-winchester-147gr-full-metal-jacket-boat-tail-rifle-ammo-20-count/p/1320653
7/24/2026,Sportsmans,Winchester,308 Win,147,Armscor USA 308 Winchester 147gr FMJ Rifle Ammo - 20 Rounds,Lead-Core,In Stock,21.99,20,1.099,8.12285E+11,FAC308-1N,1650020,Full Metal Jacket,2700,2380,,,https://www.sportsmans.com/shooting-gear-gun-supplies/ammunition-ammo-for-hunting-shooting-sports/rifle-ammo-hunting-shooting-sports/armscor-usa-308-winchester-147gr-fmj-rifle-ammo-20-rounds/p/1650020
7/24/2026,Sportsmans,Hornady,308 Win,150,Hornady American Whitetail 308 Winchester 150gr Interlock SP Rifle Ammo - 20 Rounds,Lead-Core,In Stock,34.99,20,1.75,90255380903,8090,1372026,Interlock Soft Point,2820,2649,,,https://www.sportsmans.com/shooting-gear-gun-supplies/ammunition-ammo-for-hunting-shooting-sports/rifle-ammo-hunting-shooting-sports/hornady-american-whitetail-308-winchester-150gr-interlock-sp-rifle-ammo-20-rounds/p/1372026
7/24/2026,Sportsmans,Hornady,308 Win,165,Hornady American Whitetail 308 Winchester 165gr Interlock SP Rifle Ammo - 20 Rounds,Lead-Core,In Stock,34.99,20,1.75,90255809046,80904,1492035,Interlock Soft Point,2700,2670,,,https://www.sportsmans.com/shooting-gear-gun-supplies/ammunition-ammo-for-hunting-shooting-sports/rifle-ammo-hunting-shooting-sports/hornady-american-whitetail-308-winchester-165gr-interlock-sp-rifle-ammo-20-rounds/p/1492035
7/24/2026,Sportsmans,Hornady,308 Win,155,Hornady Black 308 Winchester 155gr A-Max Rifle Ammo - 20 Rounds,Lead-Core,In Stock,39.99,20,2,90255809275,80927,1471188,A-Max,2850,2795,,,https://www.sportsmans.com/shooting-gear-gun-supplies/ammunition-ammo-for-hunting-shooting-sports/rifle-ammo-hunting-shooting-sports/hornady-black-308-winchester-155gr-a-max-rifle-ammo-20-rounds/p/1471188
7/24/2026,Sportsmans,Federal,308 Win,180,Federal Power-Shok 308 Winchester 180gr SP Rifle Ammo - 20 Rounds,Lead-Core,In Stock,34.99,20,1.75,29465084752,308B,307049,Soft Point,2570,2640,,,https://www.sportsmans.com/shooting-gear-gun-supplies/ammunition-ammo-for-hunting-shooting-sports/rifle-ammo-hunting-shooting-sports/federal-power-shok-308-winchester-180gr-sp-rifle-ammo-20-rounds/p/307049
7/24/2026,Sportsmans,Hornady,308 Win,168,Hornady Match 308 Winchester 168gr ELD Match Rifle Ammo - 20 Rounds,Lead-Core,In Stock,49.99,20,2.5,90255809664,80966,1471178,Extremely Low Drag Match,2700,2719,,,https://www.sportsmans.com/shooting-gear-gun-supplies/ammunition-ammo-for-hunting-shooting-sports/rifle-ammo-hunting-shooting-sports/hornady-match-308-winchester-168gr-eld-match-rifle-ammo-20-rounds/p/1471178
7/24/2026,Sportsmans,Federal,308 Win,150,Federal Power-Shok 308 Winchester 150gr SP Rifle Ammo - 20 Rounds,Lead-Core,In Stock,34.99,20,1.75,29465084745,308A,307048,Soft Point,2820,2648,,,https://www.sportsmans.com/shooting-gear-gun-supplies/ammunition-ammo-for-hunting-shooting-sports/rifle-ammo-hunting-shooting-sports/federal-power-shok-308-winchester-150gr-sp-rifle-ammo-20-rounds/p/307048
7/24/2026,Sportsmans,Winchester,308 Win,165,Remington Core-Lokt 308 Winchester 165gr Core-Lokt Tipped Centerfire Rifle Ammo - 20 Rounds,Lead-Core,In Stock,37.99,20,1.9,47700485003,29044,1721059,Core-Lokt Tipped,2700,2671,,,https://www.sportsmans.com/shooting-gear-gun-supplies/ammunition-ammo-for-hunting-shooting-sports/rifle-ammo-hunting-shooting-sports/remington-core-lokt-308-winchester-165gr-core-lokt-tipped-centerfire-rifle-ammo-20-rounds/p/1721059
7/24/2026,Sportsmans,Federal,308 Win,175,Federal Premium Gold Medal 308 Winchester 175gr Sierra Matchking BTHP Rifle Ammo - 20 Rounds,Lead-Core,In Stock,42.99,20,2.15,29465091729,GM308M2,309019,Sierra Matchking Boat Tail Hollow Point,2600,2627,,,https://www.sportsmans.com/shooting-gear-gun-supplies/ammunition-ammo-for-hunting-shooting-sports/rifle-ammo-hunting-shooting-sports/federal-premium-gold-medal-308-winchester-175gr-sierra-matchking-bthp-rifle-ammo-20-rounds/p/309019
7/24/2026,Sportsmans,Winchester,308 Win,150,Winchester Super-X 308 Winchester 150gr PP Rifle Ammo - 20 Rounds,Lead-Core,In Stock,37.99,20,1.9,20892200395,X3085,307804,Power Point,2820,2648,,,https://www.sportsmans.com/shooting-gear-gun-supplies/ammunition-ammo-for-hunting-shooting-sports/rifle-ammo-hunting-shooting-sports/winchester-super-x-308-winchester-150gr-pp-rifle-ammo-20-rounds/p/307804
7/24/2026,Sportsmans,Winchester,308 Win,150,Winchester Deer Season XP 308 Winchester 150gr XP Rifle Ammo - 20 Rounds,Lead-Core,In Stock,42.99,20,2.15,20892221550,X308DS,1406981,Extreme Point,2820,2648,,,https://www.sportsmans.com/shooting-gear-gun-supplies/ammunition-ammo-for-hunting-shooting-sports/rifle-ammo-hunting-shooting-sports/winchester-deer-season-xp-308-winchester-150gr-xp-rifle-ammo-20-rounds/p/1406981
7/24/2026,Sportsmans,Hornady,308 Win,168,Hornady Black 308 Winchester 168gr A-Max Rifle Ammo - 20 Rounds,Lead-Core,In Stock,39.99,20,2,90255809718,80971,1471189,A-Max,2700,2719,,,https://www.sportsmans.com/shooting-gear-gun-supplies/ammunition-ammo-for-hunting-shooting-sports/rifle-ammo-hunting-shooting-sports/hornady-black-308-winchester-168gr-a-max-rifle-ammo-20-rounds/p/1471189
7/24/2026,Sportsmans,Winchester,308 Win,180,Remington Core-Lokt 308 Winchester 180gr PSP Rifle Ammo - 20 Rounds,Lead-Core,In Stock,34.99,20,1.75,47700056203,R308W3,1269963,Pointed Soft Point,2620,2743,,,https://www.sportsmans.com/shooting-gear-gun-supplies/ammunition-ammo-for-hunting-shooting-sports/rifle-ammo-hunting-shooting-sports/remington-core-lokt-308-winchester-180gr-psp-rifle-ammo-20-rounds/p/1269963
7/24/2026,Sportsmans,Winchester,308 Win,150,Remington Core-Lokt 308 Winchester 150gr PSP Rifle Ammo - 20 Rounds,Lead-Core,In Stock,34.99,20,1.75,47700056005,R308W1,315918,Pointed Soft Point,2820,2649,,,https://www.sportsmans.com/shooting-gear-gun-supplies/ammunition-ammo-for-hunting-shooting-sports/rifle-ammo-hunting-shooting-sports/remington-core-lokt-308-winchester-150gr-psp-rifle-ammo-20-rounds/p/315918
7/24/2026,Sportsmans,Winchester,308 Win,205,Remington Subsonic 308 Winchester 205gr JHP Rifle Ammo - 20 Rounds,Lead-Core,In Stock,39.99,20,2,47700277469,27746,1989137,JHP,1050,502,,,https://www.sportsmans.com/shooting-gear-gun-supplies/ammunition-ammo-for-hunting-shooting-sports/rifle-ammo-hunting-shooting-sports/remington-subsonic-308-winchester-205gr-jhp-rifle-ammo-20-rounds/p/1989137
7/24/2026,Sportsmans,Winchester,308 Win,180,Remington Core-Lokt 308 Winchester 180gr PSP Rifle Ammo - 20 Rounds,Lead-Core,In Stock,34.99,20,1.75,47700056203,R308W3,1269963,Pointed Soft Point,2620,2743,,,https://www.sportsmans.com/shooting-gear-gun-supplies/ammunition-ammo-for-hunting-shooting-sports/rifle-ammo-hunting-shooting-sports/remington-core-lokt-308-winchester-180gr-psp-rifle-ammo-20-rounds/p/1269963
7/24/2026,Sportsmans,Winchester,308 Win,150,Remington Core-Lokt 308 Winchester 150gr PSP Rifle Ammo - 20 Rounds,Lead-Core,In Stock,34.99,20,1.75,47700056005,R308W1,315918,Pointed Soft Point,2820,2649,,,https://www.sportsmans.com/shooting-gear-gun-supplies/ammunition-ammo-for-hunting-shooting-sports/rifle-ammo-hunting-shooting-sports/remington-core-lokt-308-winchester-150gr-psp-rifle-ammo-20-rounds/p/315918
7/24/2026,Sportsmans,Winchester,308 Win,205,Remington Subsonic 308 Winchester 205gr JHP Rifle Ammo - 20 Rounds,Lead-Core,In Stock,39.99,20,2,47700277469,27746,1989137,JHP,1050,502,,,https://www.sportsmans.com/shooting-gear-gun-supplies/ammunition-ammo-for-hunting-shooting-sports/rifle-ammo-hunting-shooting-sports/remington-subsonic-308-winchester-205gr-jhp-rifle-ammo-20-rounds/p/1989137
7/24/2026,Sportsmans,Federal,308 Win,165,Federal Premium 308 Winchester 165gr Swift Scirocco II Rifle Ammo - 20 Rounds,Lead-Core,In Stock,44.97,20,2.248,6.04545E+11,P308SS1,1658531,Scirocco,2700,2671,,,https://www.sportsmans.com/shooting-gear-gun-supplies/ammunition-ammo-for-hunting-shooting-sports/rifle-ammo-hunting-shooting-sports/federal-premium-308-winchester-165gr-swift-scirocco-ii-rifle-ammo-20-rounds/p/1658531
7/24/2026,Sportsmans,Winchester,308 Win,165,Browning Long Range Pro Hunter 308 Winchester 165gr Rifle Ammo - 20 Rounds,Lead-Core,In Stock,39.97,20,1.998,20892230194,B192503082,1687860,Sierra Tipped GameKing,2695,2661,,,https://www.sportsmans.com/shooting-gear-gun-supplies/ammunition-ammo-for-hunting-shooting-sports/rifle-ammo-hunting-shooting-sports/browning-long-range-pro-hunter-308-winchester-165gr-rifle-ammo-20-rounds/p/1687860
7/24/2026,Sportsmans,Federal,308 Win,175,Federal Premium 308 Winchester 175gr TA Rifle Ammo - 20 Rounds,Lead-Core,In Stock,47.69,20,2.385,6.04545E+11,P308TA1,1689740,Terminal Ascent,2600,2627,,,https://www.sportsmans.com/shooting-gear-gun-supplies/ammunition-ammo-for-hunting-shooting-sports/rifle-ammo-hunting-shooting-sports/federal-premium-308-winchester-175gr-ta-rifle-ammo-20-rounds/p/1689740
7/24/2026,Sportsmans,Winchester,308 Win,150,Fiocchi Scirocco 308 Winchester 150gr SCR Rifle Ammo - 20 Rounds,Lead-Core,In Stock,48.99,20,2.45,7.62345E+11,308SCA,1656675,Scirocco,2875,2753,,,https://www.sportsmans.com/shooting-gear-gun-supplies/ammunition-ammo-for-hunting-shooting-sports/rifle-ammo-hunting-shooting-sports/fiocchi-scirocco-308-winchester-150gr-scr-rifle-ammo-20-rounds/p/1656675
7/24/2026,Sportsmans,Federal,308 Win,165,Federal Fusion 308 Winchester 165gr Fusion SP Rifle Ammo - 20 Rounds,Lead-Core,In Stock,42.99,20,2.15,29465094950,F308FS2,1106192,Fusion Soft Point,2700,2671,,,https://www.sportsmans.com/shooting-gear-gun-supplies/ammunition-ammo-for-hunting-shooting-sports/rifle-ammo-hunting-shooting-sports/federal-fusion-308-winchester-165gr-fusion-sp-rifle-ammo-20-rounds/p/1106192
7/24/2026,Sportsmans,Winchester,308 Win,150,Remington UMC 308 Winchester 150gr FMJ Rifle Ammo - 20 Rounds,Lead-Core,In Stock,32.99,20,1.65,47700067209,L308W4,1179245,Full Metal Jacket,2820,2648,,,https://www.sportsmans.com/shooting-gear-gun-supplies/ammunition-ammo-for-hunting-shooting-sports/rifle-ammo-hunting-shooting-sports/remington-umc-308-winchester-150gr-fmj-rifle-ammo-20-rounds/p/1179245
7/24/2026,Sportsmans,Nosler,308 Win,165,Nosler Trophy Grade 308 Winchester 165gr Accubond Rifle Ammo - 20 Rounds,Lead-Core,In Stock,69.99,20,3.499,54041600491,60049,1234426,AccuBond,2800,2871,,,https://www.sportsmans.com/shooting-gear-gun-supplies/ammunition-ammo-for-hunting-shooting-sports/rifle-ammo-hunting-shooting-sports/nosler-trophy-grade-308-winchester-165gr-accubond-rifle-ammo-20-rounds/p/1234426
7/24/2026,Sportsmans,Nosler,308 Win,175,Nosler Match Grade 308 Winchester 175gr Custom Competition Rifle Ammo - 20 Rounds,Lead-Core,In Stock,47.99,20,2.4,54041600729,60072,1299124,Custom Competition,2500,2428,,,https://www.sportsmans.com/shooting-gear-gun-supplies/ammunition-ammo-for-hunting-shooting-sports/rifle-ammo-hunting-shooting-sports/nosler-match-grade-308-winchester-175gr-custom-competition-rifle-ammo-20-rounds/p/1299124
7/24/2026,Sportsmans,Hornady,308 Win,178,Hornady Match 308 Winchester 178gr BTHP Match Rifle Ammo - 20 Rounds,Lead-Core,In Stock,47.99,20,2.4,90255381054,8105,1662323,Boat Tail Hollow Point Match,2600,2672,,,https://www.sportsmans.com/shooting-gear-gun-supplies/ammunition-ammo-for-hunting-shooting-sports/rifle-ammo-hunting-shooting-sports/hornady-match-308-winchester-178gr-bthp-match-rifle-ammo-20-rounds/p/1662323
7/24/2026,Sportsmans,Winchester,308 Win,168,Berger Bullets Classic Hunter 308 Winchester 168gr JHP Centerfire Rifle Ammo - 20 Rounds,Lead-Core,In Stock,49.99,20,2.5,6.7946E+11,60040,1660054,Jacketed Hollow Point,2675,2670,,,https://www.sportsmans.com/shooting-gear-gun-supplies/ammunition-ammo-for-hunting-shooting-sports/rifle-ammo-hunting-shooting-sports/berger-bullets-classic-hunter-308-winchester-168gr-jhp-centerfire-rifle-ammo-20-rounds/p/1660054
7/24/2026,Sportsmans,Federal,308 Win,168,Federal Premium 308 Winchester 168gr Berger Hybrid Rifle Ammo - 20 Rounds,Lead-Core,In Stock,45.99,20,2.3,6.04545E+11,P308BCH1,1537758,Berger Hybrid,2700,2924,,,https://www.sportsmans.com/shooting-gear-gun-supplies/ammunition-ammo-for-hunting-shooting-sports/rifle-ammo-hunting-shooting-sports/federal-premium-308-winchester-168gr-berger-hybrid-rifle-ammo-20-rounds/p/1537758
7/24/2026,Sportsmans,Hornady,308 Win,165,Hornady Outfitter 308 Winchester 165gr CXRifle Ammo - 20 Rounds,Lead-Free,In Stock,54.99,20,2.75,90255719833,809864,1728338,Copper Alloy eXpanding (CX),2610,2496,,,https://www.sportsmans.com/shooting-gear-gun-supplies/ammunition-ammo-for-hunting-shooting-sports/rifle-ammo-hunting-shooting-sports/hornady-outfitter-308-winchester-165gr-rifle-ammo-20-rounds/p/1728338
7/24/2026,Sportsmans,Federal,308 Win,150,Federal Premium MeatEater 308 Winchester 150gr Trophy Copper Rifle Ammo - 20 Rounds,Lead-Free,In Stock,52.99,20,2.65,29465063481,P308TC3,1369154,Trophy Copper,2820,2648,,,https://www.sportsmans.com/shooting-gear-gun-supplies/ammunition-ammo-for-hunting-shooting-sports/rifle-ammo-hunting-shooting-sports/federal-premium-meateater-308-winchester-150gr-trophy-copper-rifle-ammo-20-rounds/p/1369154
7/24/2026,Sportsmans,Winchester,308 Win,150,Winchester Copper Impact 308 Winchester 150gr Extreme Point Rifle Ammo - 20 Rounds,Lead-Free,In Stock,49.99,20,2.5,20892224223,X308cLF,1500116,Extreme Point,2810,2629,,,https://www.sportsmans.com/shooting-gear-gun-supplies/ammunition-ammo-for-hunting-shooting-sports/rifle-ammo-hunting-shooting-sports/winchester-deer-season-308-winchester-150gr-copper-extreme-point-rifle-ammo-20-rounds/p/1500116
7/24/2026,Sportsmans,Hornady,308 Win,150,Hornady Superformance 308 Winchester 150gr SST Rifle Ammo - 20 Rounds,Lead-Core,In Stock,52.99,20,2.65,90255809336,80933,1243047,Super Shock Tip,3000,2997,,,https://www.sportsmans.com/shooting-gear-gun-supplies/ammunition-ammo-for-hunting-shooting-sports/rifle-ammo-hunting-shooting-sports/hornady-superformance-308-winchester-150gr-sst-rifle-ammo-20-rounds/p/1243047
7/24/2026,Sportsmans,Federal,308 Win,150,Federal Premium MeatEater 308 Winchester 150gr Trophy Copper Rifle Ammo - 20 Rounds,Lead-Free,In Stock,52.99,20,2.65,29465063481,P308TC3,1369154,Trophy Copper,2820,2648,,,https://www.sportsmans.com/shooting-gear-gun-supplies/ammunition-ammo-for-hunting-shooting-sports/rifle-ammo-hunting-shooting-sports/federal-premium-meateater-308-winchester-150gr-trophy-copper-rifle-ammo-20-rounds/p/1369154
7/24/2026,Sportsmans,Winchester,308 Win,150,Winchester Copper Impact 308 Winchester 150gr Extreme Point Rifle Ammo - 20 Rounds,Lead-Free,In Stock,49.99,20,2.5,20892224223,X308cLF,1500116,Extreme Point,2810,2629,,,https://www.sportsmans.com/shooting-gear-gun-supplies/ammunition-ammo-for-hunting-shooting-sports/rifle-ammo-hunting-shooting-sports/winchester-deer-season-308-winchester-150gr-copper-extreme-point-rifle-ammo-20-rounds/p/1500116
7/24/2026,Sportsmans,Winchester,308 Win,150,Winchester Ballistic Silvertip 308 Winchester 150gr Ballistic Silvertip Rifle Ammo - 20 Rounds,Lead-Core,In Stock,44.99,20,2.25,20892210349,SBST308,300740,Ballistic Silvertip,2810,2629,,,https://www.sportsmans.com/shooting-gear-gun-supplies/ammunition-ammo-for-hunting-shooting-sports/rifle-ammo-hunting-shooting-sports/winchester-ballistic-silvertip-308-winchester-150gr-ballistic-silvertip-rifle-ammo-20-rounds/p/300740
7/24/2026,Sportsmans,Winchester,308 Win,180,Winchester Super-X 308 Winchester 180gr PP Rifle Ammo - 20 Rounds,Lead-Core,In Stock,37.99,20,1.9,20892200401,X3086,307809,Power Point,2620,2743,,,https://www.sportsmans.com/shooting-gear-gun-supplies/ammunition-ammo-for-hunting-shooting-sports/rifle-ammo-hunting-shooting-sports/winchester-super-x-308-winchester-180gr-pp-rifle-ammo-20-rounds/p/307809
7/24/2026,Sportsmans,Hornady,308 Win,150,Hornady Superformance 308 Winchester 150gr SST Rifle Ammo - 20 Rounds,Lead-Core,In Stock,52.99,20,2.65,90255809336,80933,1243047,Super Shock Tip,3000,2997,,,https://www.sportsmans.com/shooting-gear-gun-supplies/ammunition-ammo-for-hunting-shooting-sports/rifle-ammo-hunting-shooting-sports/hornady-superformance-308-winchester-150gr-sst-rifle-ammo-20-rounds/p/1243047
7/24/2026,Sportsmans,Federal,308 Win,168,Federal Premium Gold Medal 308 Winchester 168gr Sierra Matchking BTHP Rifle Ammo - 20 Rounds,Lead-Core,In Stock,41.99,20,2.099,29465089337,GM308M,306994,Sierra Matchking Boat Tail Hollow Point,2650,2619,,,https://www.sportsmans.com/shooting-gear-gun-supplies/ammunition-ammo-for-hunting-shooting-sports/rifle-ammo-hunting-shooting-sports/federal-premium-gold-medal-308-winchester-168gr-sierra-matchking-bthp-rifle-ammo-20-rounds/p/306994
7/24/2026,Sportsmans,Federal,308 Win,150,Federal Power Shok 308 Winchester 150gr CHP Rifle Ammo - 20 Rounds,Lead-Free,In Stock,49.99,20,2.5,6.04545E+11,308150LFA,1629191,Copper Hollow Point,2820,2648,,,https://www.sportsmans.com/shooting-gear-gun-supplies/ammunition-ammo-for-hunting-shooting-sports/rifle-ammo-hunting-shooting-sports/federal-power-shok-308-winchester-150gr-chp-rifle-ammo-20-rounds/p/1629191
7/24/2026,Sportsmans,Winchester,308 Win,175,Remington Premier Match 308 Winchester 175gr Sierra MatchKing BTHP Centerfire Rifle Ammo - 20 Rounds,Lead-Core,In Stock,43.99,20,2.2,47700396507,21486,1788861,Sierra MatchKing BTHP,2610,2647,,,https://www.sportsmans.com/shooting-gear-gun-supplies/ammunition-ammo-for-hunting-shooting-sports/rifle-ammo-hunting-shooting-sports/remington-premier-match-308-winchester-175gr-sierra-matchking-bthp-centerfire-rifle-ammo-20-rounds/p/1788861
7/24/2026,Sportsmans,Federal,308 Win,180,Federal Fusion 308 Winchester 180gr Fusion SP Rifle Ammo - 20 Rounds,Lead-Core,In Stock,42.99,20,2.15,29465097967,F308FS3,1106193,Fusion Soft Point,2600,,,,https://www.sportsmans.com/shooting-gear-gun-supplies/ammunition-ammo-for-hunting-shooting-sports/rifle-ammo-hunting-shooting-sports/federal-fusion-308-winchester-180gr-fusion-sp-rifle-ammo-20-rounds/p/1106193
7/24/2026,Sportsmans,Winchester,308 Win,180,Remington Core-Lokt 308 Winchester 180gr Soft Point Centerfire Rifle Ammo - 20 Rounds,Lead-Core,In Stock,34.99,20,1.75,47700056104,27844,1568699,Soft Point,2620,2743,,,https://www.sportsmans.com/shooting-gear-gun-supplies/ammunition-ammo-for-hunting-shooting-sports/rifle-ammo-hunting-shooting-sports/remington-core-lokt-308-winchester-180gr-soft-point-centerfire-rifle-ammo-20-rounds/p/1568699
7/24/2026,Sportsmans,Winchester,308 Win,150,Remington Core-Lokt Copper 308 Winchester 150gr Copper HP Rifle Ammo - 20 Rounds,Lead-Free,In Stock,51.99,20,2.599,47700278544,R27854,1816122,Copper Hollow Point,2820,2648,,,https://www.sportsmans.com/shooting-gear-gun-supplies/ammunition-ammo-for-hunting-shooting-sports/rifle-ammo-hunting-shooting-sports/remington-core-lokt-copper-308-winchester-150gr-copper-hp-rifle-ammo-20-rounds/p/1816122
7/24/2026,Sportsmans,Winchester,308 Win,175,Winchester Supreme Long Range 308 Winchester 175gr BC Max Rifle Ammo - 20 Rounds,Lead-Core,In Stock,39.99,20,2,20892234512,S308BC,1983233,BC Max,2620,2780,,,https://www.sportsmans.com/shooting-gear-gun-supplies/ammunition-ammo-for-hunting-shooting-sports/rifle-ammo-hunting-shooting-sports/winchester-supreme-long-range-308-winchester-175gr-bc-max-rifle-ammo-20-rounds/p/1983233
7/24/2026,Sportsmans,Winchester,308 Win,168,Winchester Deer Season XP 308 Winchester 168gr JHP Rifle Ammo - 20 Rounds,Lead-Core,In Stock,42.99,20,2.15,20892234154,X308DS2,1942370,Jacketed Hollow Point,2670,2659,,,https://www.sportsmans.com/shooting-gear-gun-supplies/ammunition-ammo-for-hunting-shooting-sports/rifle-ammo-hunting-shooting-sports/winchester-deer-season-xp-308-winchester-168gr-jhp-rifle-ammo-20-rounds/p/1942370
7/24/2026,Sportsmans,Nosler,308 Win,165,Nosler Whitetail Country 308 Winchester 165gr Solid Base Rifle Ammo - 20 Rounds,Lead-Free,In Stock,44.99,20,2.25,54041401203,40120,1916956,Solid Base,2800,2871,,,https://www.sportsmans.com/shooting-gear-gun-supplies/ammunition-ammo-for-hunting-shooting-sports/rifle-ammo-hunting-shooting-sports/nosler-whitetail-country-308-winchester-165gr-solid-base-rifle-ammo-20-rounds/p/1916956
7/24/2026,Sportsmans,Winchester,308 Win,147,Winchester USA White Box 308 Winchester 147gr FMJ Rifle Ammo - 60 Rounds,Lead-Core,In Stock,79.99,60,1.333,20892234574,USA308VP,1953886,Full Metal Jacket,800,,,,https://www.sportsmans.com/shooting-gear-gun-supplies/ammunition-ammo-for-hunting-shooting-sports/rifle-ammo-hunting-shooting-sports/winchester-usa-white-box-308-winchester-147gr-fmj-rifle-ammo-60-rounds/p/1953886
7/24/2026,Sportsmans,Hornady,308 Win,150,Hornady American Whitetail 308 Winchester 150gr Super Shock Tip Rifle Ammo - 20 Rounds,Lead-Core,In Stock,37.99,20,1.9,90255809343,80934,1981042,Super Shock Tip,2810,2629,,,https://www.sportsmans.com/shooting-gear-gun-supplies/ammunition-ammo-for-hunting-shooting-sports/rifle-ammo-hunting-shooting-sports/hornady-american-whitetail-308-winchester-150gr-super-shock-tip-rifle-ammo-20-rounds/p/1981042
7/24/2026,Sportsmans,Hornady,308 Win,155,Hornady American Gunner 250th Anniversary Combo Pack 308 Winchester 155gr BTHP Rifle Ammo - 250 Rounds,Lead-Core,In Stock,399.99,250,1.6,90255809084,80908,1988982,Boat Tail Hallow Point,2700,2509,,,https://www.sportsmans.com/shooting-gear-gun-supplies/ammunition-ammo-for-hunting-shooting-sports/rifle-ammo-hunting-shooting-sports/hornady-american-gunner-250th-anniversary-combo-pack-308-winchester-155gr-bthp-rifle-ammo-250-rounds/p/1988982
7/24/2026,Sportsmans,Nosler,308 Win,165,Nosler Western Big Game 308 Winchester 165gr Partition Bullet Rifle Ammo – 20 Rounds,Lead-Core,In Stock,64.99,20,3.249,54041610841,61084,1996791,Nosler Partition,2800,2871,,,https://www.sportsmans.com/shooting-gear-gun-supplies/ammunition-ammo-for-hunting-shooting-sports/rifle-ammo-hunting-shooting-sports/nosler-western-big-game-308-winchester-165gr-partition-bullet-rifle-ammo-20-rounds/p/1996791
7/24/2026,Sportsmans,Hornady,308 Win,178,Hornady Precision Hunter 308 Winchester 178gr ELD-X Rifle Ammo - 20 Rounds,Lead-Core,In Stock,49.99,20,2.5,90255809947,80994,1428406,Extremely Low Drag Expanding,2600,2672,,,https://www.sportsmans.com/shooting-gear-gun-supplies/ammunition-ammo-for-hunting-shooting-sports/rifle-ammo-hunting-shooting-sports/hornady-precision-hunter-308-winchester-178gr-eld-x-rifle-ammo-20-rounds/p/1428406
7/24/2026,Sportsmans,Hornady,308 Win,165,Hornady Superformance 308 Winchester 165gr SST Rifle Ammo - 20 Rounds,Lead-Core,In Stock,52.99,20,2.65,90255809831,80983,1243048,Super Shock Tip,2840,2995,,,https://www.sportsmans.com/shooting-gear-gun-supplies/ammunition-ammo-for-hunting-shooting-sports/rifle-ammo-hunting-shooting-sports/hornady-superformance-308-winchester-165gr-sst-rifle-ammo-20-rounds/p/1243048
7/24/2026,Sportsmans,Federal,308 Win,150,Federal Fusion 308 Winchester 150gr Fusion SP Rifle Ammo - 20 Rounds,Lead-Core,In Stock,38.99,20,1.95,29465097943,F308FS1,1106176,Fusion Soft Point,2820,2648,,,https://www.sportsmans.com/shooting-gear-gun-supplies/ammunition-ammo-for-hunting-shooting-sports/rifle-ammo-hunting-shooting-sports/federal-fusion-308-winchester-150gr-fusion-sp-rifle-ammo-20-rounds/p/1106176
7/24/2026,Sportsmans,Winchester,308 Win,168,HSM Trophy Gold 308 Winchester 168gr VLD Rifle Ammo - 20 Rounds,Lead-Core,In Stock,54.99,20,2.75,8.37306E+11,308168VLD,1243064,Very Low Drag,2740,2801,,,https://www.sportsmans.com/shooting-gear-gun-supplies/ammunition-ammo-for-hunting-shooting-sports/rifle-ammo-hunting-shooting-sports/hsm-trophy-gold-308-winchester-168gr-vld-rifle-ammo-20-rounds/p/1243064
7/24/2026,Sportsmans,Barnes,308 Win,130,Barnes Bullets VOR-TX 308 Winchester 130gr TSXBT Rifle Ammo - 20 Rounds,Lead-Free,Out of Stock,53.99,20,2.7,7.16876E+11,30816,1814916,Tipped TSX Boat-Tail (TSXBT),3125,2820,,,https://www.sportsmans.com/shooting-gear-gun-supplies/ammunition-ammo-for-hunting-shooting-sports/rifle-ammo-hunting-shooting-sports/barnes-bullets-vor-tx-308-winchester-130gr-tsxbt-rifle-ammo-20-rounds/p/1814916
7/24/2026,Sportsmans,Nosler,308 Win,180,Federal Premium 308 Winchester 180gr Nosler Partition Rifle Ammo - 20 Rounds,Lead-Core,Out of Stock,39.97,20,1.998,29465088507,P308E,304483,Nosler Partition,2570,2640,,,https://www.sportsmans.com/shooting-gear-gun-supplies/ammunition-ammo-for-hunting-shooting-sports/rifle-ammo-hunting-shooting-sports/federal-premium-308-winchester-180gr-nosler-partition-rifle-ammo-20-rounds/p/304483
7/24/2026,Sportsmans,Nosler,308 Win,165,Nosler Trophy Grade 308 Winchester 165gr FMJSP Centerfire Rifle Ammo - 20 Rounds,Lead-Core,Out of Stock,64.97,20,3.248,54041600538,60053,1750246,Full Metal Jacket Soft Point,3250,3752,,,https://www.sportsmans.com/shooting-gear-gun-supplies/ammunition-ammo-for-hunting-shooting-sports/rifle-ammo-hunting-shooting-sports/nosler-trophy-grade-308-winchester-165gr-fmjsp-centerfire-rifle-ammo-20-rounds/p/1750246
7/24/2026,Sportsmans,Barnes,308 Win,150,Barnes VOR-TX 308 Winchester 150gr TTSX BT Rifle Ammo - 20 Rounds,Lead-Free,Out of Stock,56.69,20,2.834,7.16876E+11,21540,1255328,Tipped Triple Shock Boat Tail,2900,2802,,,https://www.sportsmans.com/shooting-gear-gun-supplies/ammunition-ammo-for-hunting-shooting-sports/rifle-ammo-hunting-shooting-sports/barnes-vor-tx-308-winchester-150gr-ttsx-bt-rifle-ammo-20-rounds/p/1255328
7/24/2026,Sportsmans,Barnes,308 Win,168,Barnes VOR-TX 308 Winchester 168gr TSX BT Rifle Ammo - 20 Rounds,Lead-Free,Out of Stock,56.69,20,2.834,7.16876E+11,21541,1255329,Triple Shock Boat Tail,2700,2720,,,https://www.sportsmans.com/shooting-gear-gun-supplies/ammunition-ammo-for-hunting-shooting-sports/rifle-ammo-hunting-shooting-sports/barnes-vor-tx-308-winchester-168gr-tsx-bt-rifle-ammo-20-rounds/p/1255329
7/24/2026,Sportsmans,Barnes,308 Win,175,Barnes Bullets Precision Match 308 Winchester 175gr OTMBT Rifle Ammo - 20 Rounds,Lead-Free,Out of Stock,35.99,20,1.8,7.16876E+11,30818,1814908,Open Tip Match Boat-Tail (OTMBT),2600,2627,,,https://www.sportsmans.com/shooting-gear-gun-supplies/ammunition-ammo-for-hunting-shooting-sports/rifle-ammo-hunting-shooting-sports/barnes-bullets-precision-match-308-winchester-175gr-otmbt-rifle-ammo-20-rounds/p/1814908
7/24/2026,Sportsmans,Hornady,308 Win,,Hornady Custom Rifle Ammo,Lead-Core,Out of Stock,39.77,50,0.795,,,,SST,,,,,https://www.sportsmans.com/shooting-gear-gun-supplies/ammunition-ammo-for-hunting-shooting-sports/rifle-ammo-hunting-shooting-sports/hornady-custom-rifle-ammo/p/p41908
7/24/2026,Sportsmans,Nosler,308 Win,150,Federal Premium 308 Winchester 150gr Nosler Partition Rifle Ammo - 20 Rounds,Lead-Core,Out of Stock,39.97,20,1.998,29465096786,P308S,1689741,Nosler Partition,2840,2686,,,https://www.sportsmans.com/shooting-gear-gun-supplies/ammunition-ammo-for-hunting-shooting-sports/rifle-ammo-hunting-shooting-sports/federal-premium-308-winchester-150gr-nosler-partition-rifle-ammo-20-rounds/p/1689741
7/24/2026,Sportsmans,Hornady,308 Win,155,Hornady ELD Match 308 Winchester 155gr BTHP Rifle Ammo - 20 Rounds,Lead-Core,Out of Stock,29.77,20,1.488,,,,A-MAX,,1262,,,https://www.sportsmans.com/shooting-gear-gun-supplies/ammunition-ammo-for-hunting-shooting-sports/rifle-ammo-hunting-shooting-sports/hornady-eld-match-308-winchester-155gr-bthp-rifle-ammo-20-rounds/p/p41688
7/24/2026,Sportsmans,Winchester,308 Win,147,Igman 308 Winchester M80 147gr FMJ Rifle Ammo - 20 Rounds,Lead-Core,Out of Stock,22.77,20,1.139,8029222791,CA-762x51IG,1697905,Full Metal Jacket,2735,,,,https://www.sportsmans.com/shooting-gear-gun-supplies/ammunition-ammo-for-hunting-shooting-sports/rifle-ammo-hunting-shooting-sports/igman-308-winchester-m80-147gr-fmj-rifle-ammo-20-rounds/p/1697905
7/24/2026,Sportsmans,Barnes,308 Win,165,Barnes Bullets Harvest Collection 308 Winchester 165gr Sierra TGK Rifle Ammo - 20 Rounds,Lead-Free,In Stock,49.49,20,2.474,7.16877E+11,32404,1935129,Sierra Tipped GameKing,2680,2631,,,https://www.sportsmans.com/shooting-gear-gun-supplies/ammunition-ammo-for-hunting-shooting-sports/rifle-ammo-hunting-shooting-sports/barnes-bullets-harvest-collection-308-winchester-165gr-sierra-tgk-rifle-ammo-20-rounds/p/1935129
7/24/2026,Sportsmans,Hornady,308 Win,165,Hornady Outfitter 308 Winchester 165gr GMX Rifle Ammo - 20 Rounds,Lead-Free,Out of Stock,45.77,20,2.288,90558096862,80986,1529210,Gilding Metal eXpanding (GMX),2610,2495,,,https://www.sportsmans.com/shooting-gear-gun-supplies/ammunition-ammo-for-hunting-shooting-sports/rifle-ammo-hunting-shooting-sports/hornady-outfitter-308-winchester-165gr-gmx-rifle-ammo-20-rounds/p/1529210
7/24/2026,Sportsmans,Winchester,308 Win,150,Sig Sauer Elite Copper Hunting 308 Winchester 150gr HP Centerfire Rifle Ammo – 20 Rounds,Lead-Free,Out of Stock,24.97,20,1.248,7.98682E+11,E308H1-20,1537714,Hollow Point,2900,2801,,,https://www.sportsmans.com/shooting-gear-gun-supplies/ammunition-ammo-for-hunting-shooting-sports/rifle-ammo-hunting-shooting-sports/sig-sauer-elite-copper-hunting-308-winchester-150gr-hp-centerfire-rifle-ammo-20-rounds/p/1537714
7/24/2026,Sportsmans,Hornady,308 Win,165,Hornady Superformance 308 Winchester 165gr GMX Rifle Ammo - 20 Rounds,Lead-Free,Out of Stock,57.77,20,2.889,90255380996,8099,1398762,GMX,2750,2997,,,https://www.sportsmans.com/shooting-gear-gun-supplies/ammunition-ammo-for-hunting-shooting-sports/rifle-ammo-hunting-shooting-sports/hornady-superformance-308-winchester-165gr-gmx-rifle-ammo-20-rounds/p/1398762
7/24/2026,Sportsmans,Winchester,308 Win,165,Fiocchi 308 Winchester 165gr HBPT Rifle Ammo - 20 Rounds,Lead-Core,Out of Stock,25.77,20,1.288,7.62345E+11,308GKB,1656674,Hollow Point Boat Tail,2675,6622,,,https://www.sportsmans.com/shooting-gear-gun-supplies/ammunition-ammo-for-hunting-shooting-sports/rifle-ammo-hunting-shooting-sports/fiocchi-308-winchester-165gr-hbpt-rifle-ammo-20-rounds/p/1656674
7/24/2026,Sportsmans,Nosler,308 Win,168,True Velocity Nosler Custom Competition 308 Winchester 168gr HPBT Rifle Ammo - 20 Count,Lead-Core,Out of Stock,24.97,20,1.248,8.10079E+11,TV308CC,1936993,Hollow Point Boat Tail,2650,2619,,,https://www.sportsmans.com/shooting-gear-gun-supplies/ammunition-ammo-for-hunting-shooting-sports/rifle-ammo-hunting-shooting-sports/true-velocity-nosler-custom-competition-308-winchester-168gr-hpbt-rifle-ammo-20-count/p/1936993
7/24/2026,Sportsmans,Winchester,308 Win,150,PPU Standard Rifle 308 Winchester 150gr SP Rifle Ammo - 20 Rounds,Lead-Core,In Stock,25.99,20,1.299,8.605E+12,PP3081,1671584,Soft Point,2820,2648,,,https://www.sportsmans.com/shooting-gear-gun-supplies/ammunition-ammo-for-hunting-shooting-sports/rifle-ammo-hunting-shooting-sports/ppu-standard-rifle-308-winchester-150gr-sp-rifle-ammo-20-rounds/p/1671584
7/24/2026,Sportsmans,Federal,308 Win,130,Federal Varmint & Predator 308 Winchester 130gr JHP Rifle Ammo - 40 Rounds,Lead-Core,Out of Stock,70.99,40,1.775,6.04545E+11,AE308130VP,1727214,Jacketed Hollow Point,3050,2685,,,https://www.sportsmans.com/shooting-gear-gun-supplies/ammunition-ammo-for-hunting-shooting-sports/rifle-ammo-hunting-shooting-sports/federal-varmint-predator-308-winchester-130gr-jhp-rifle-ammo-40-rounds/p/1727214
7/24/2026,Sportsmans,Nosler,308 Win,110,Nosler Varmageddon 308 Winchester 110gr FB Tipped Rifle Ammo - 20 Rounds,Lead-Core,Out of Stock,39.99,20,2,54041402729,40272,1750303,Flat Base Tipped,3150,2423,,,https://www.sportsmans.com/shooting-gear-gun-supplies/ammunition-ammo-for-hunting-shooting-sports/rifle-ammo-hunting-shooting-sports/nosler-varmageddon-308-winchester-110gr-fb-tipped-rifle-ammo-20-rounds/p/1750303
7/24/2026,Sportsmans,Winchester,308 Win,150,Fiocchi 308 Winchester 150gr SST Rifle Ammo - 20 Rounds,Lead-Core,Out of Stock,36.99,20,1.85,7.62345E+11,308HSA,1656672,Super Shock Tip,2860,2725,,,https://www.sportsmans.com/shooting-gear-gun-supplies/ammunition-ammo-for-hunting-shooting-sports/rifle-ammo-hunting-shooting-sports/fiocchi-308-winchester-150gr-sst-rifle-ammo-20-rounds/p/1656672
7/24/2026,Sportsmans,Barnes,308 Win,150,Federal Barnes TSX 308 Winchester 150gr Rifle Ammo - 20 Rounds,Lead-Free,In Stock,56.99,20,2.849,29465097189,P308V,1118329,Hollow Point,2820,,,,https://www.sportsmans.com/shooting-gear-gun-supplies/ammunition-ammo-for-hunting-shooting-sports/rifle-ammo-hunting-shooting-sports/federal-barnes-tsx-308-winchester-150gr-rifle-ammo-20-rounds/p/1118329
7/24/2026,Sportsmans,Winchester,308 Win,180,Fiocchi 308 Winchester 180gr SST Rifle Ammo - 20 Rounds,Lead-Core,Out of Stock,29.99,20,1.499,7.62345E+11,308HSC,1656673,Super Shock Tip,2570,2641,,,https://www.sportsmans.com/shooting-gear-gun-supplies/ammunition-ammo-for-hunting-shooting-sports/rifle-ammo-hunting-shooting-sports/fiocchi-308-winchester-180gr-sst-rifle-ammo-20-rounds/p/1656673
7/24/2026,Sportsmans,Winchester,308 Win,168,Fiocchi Matchking 308 Winchester 168gr HPBT MK Rifle Ammo - 20 Rounds,Lead-Core,Out of Stock,39.99,20,2,7.62345E+11,308MKB,1656670,Hollow Point Boat Tail,2650,2620,,,https://www.sportsmans.com/shooting-gear-gun-supplies/ammunition-ammo-for-hunting-shooting-sports/rifle-ammo-hunting-shooting-sports/fiocchi-matchking-308-winchester-168gr-hpbt-mk-rifle-ammo-20-rounds/p/1656670
7/24/2026,Sportsmans,Nosler,308 Win,150,Nosler 308 Winchester 150gr Ballistic Tip Hunting Rifle Ammo - 20 Rounds,Lead-Core,In Stock,49.99,20,2.5,54041610285,61028,1750132,Ballistic Tip,2800,2611,,,https://www.sportsmans.com/shooting-gear-gun-supplies/ammunition-ammo-for-hunting-shooting-sports/rifle-ammo-hunting-shooting-sports/nosler-308-winchester-150gr-ballistic-tip-hunting-rifle-ammo-20-rounds/p/1750132
7/24/2026,Sportsmans,Nosler,308 Win,155,Nosler Match Grade 308 Winchester 155gr HPBT Rifle Ammo - 20 Rounds,Lead-Core,Out of Stock,49.99,20,2.5,54041600521,60052,1750200,Hollow Point Boat Tail,2850,2795,,,https://www.sportsmans.com/shooting-gear-gun-supplies/ammunition-ammo-for-hunting-shooting-sports/rifle-ammo-hunting-shooting-sports/nosler-match-grade-308-winchester-155gr-hpbt-rifle-ammo-20-rounds/p/1750200
7/24/2026,Sportsmans,Winchester,308 Win,150,Sig Sauer Venari SP 308 Winchester 150gr Soft Point Rifle Ammo - 20 Rounds,Lead-Core,Out of Stock,39.99,20,2,7.98682E+11,V308SP150-20,1803648,Soft Point,2900,2801,,,https://www.sportsmans.com/shooting-gear-gun-supplies/ammunition-ammo-for-hunting-shooting-sports/rifle-ammo-hunting-shooting-sports/sig-sauer-venari-sp-308-winchester-150gr-soft-point-rifle-ammo-20-rounds/p/1803648
7/24/2026,Sportsmans,Nosler,308 Win,125,Nosler Ballistic Tip 308 Winchester 125gr Ballistic Tip Rifle Ammo - 20 Rounds,Lead-Core,Out of Stock,39.99,20,2,54041400619,40061,1402014,Ballistic Tip,3100,2667,,,https://www.sportsmans.com/shooting-gear-gun-supplies/ammunition-ammo-for-hunting-shooting-sports/rifle-ammo-hunting-shooting-sports/nosler-ballistic-tip-308-winchester-125gr-ballistic-tip-rifle-ammo-20-rounds/p/1402014
7/24/2026,Sportsmans,Nosler,308 Win,165,Nosler Ballistic Tip 308 Winchester 165gr Ballistic Tip Rifle Ammo - 20 Rounds,Lead-Core,In Stock,49.99,20,2.5,54041400633,40063,1402015,Ballistic Tip,2800,2871,,,https://www.sportsmans.com/shooting-gear-gun-supplies/ammunition-ammo-for-hunting-shooting-sports/rifle-ammo-hunting-shooting-sports/nosler-ballistic-tip-308-winchester-165gr-ballistic-tip-rifle-ammo-20-rounds/p/1402015
7/24/2026,Sportsmans,Winchester,308 Win,165,PPU Standard Rifle 308 Winchester 165gr PSPBT Rifle Ammo - 20 Rounds,Lead-Core,In Stock,27.99,20,1.399,8.605E+12,PP3082,1815850,Pointed Soft Point Boat-Tail,2675,2621,,,https://www.sportsmans.com/shooting-gear-gun-supplies/ammunition-ammo-for-hunting-shooting-sports/rifle-ammo-hunting-shooting-sports/ppu-standard-rifle-308-winchester-165gr-pspbt-rifle-ammo-20-rounds/p/1815850
7/24/2026,Sportsmans,Winchester,308 Win,168,Sellier & Bellot 308 Winchester 168gr HPBT Rifle Ammo - 20 Rounds,Lead-Core,In Stock,34.99,20,1.75,7.54909E+11,SB308G,1815659,Hollow Point Boat Tail,2628,2579,,,https://www.sportsmans.com/shooting-gear-gun-supplies/ammunition-ammo-for-hunting-shooting-sports/rifle-ammo-hunting-shooting-sports/sellier-bellot-308-winchester-168gr-hpbt-rifle-ammo-20-rounds/p/1815659
7/24/2026,Sportsmans,Winchester,308 Win,180,Grizzly 308 Winchester 180Gr SP Rifle Ammo - 20 Rounds,Lead-Core,Out of Stock,42.77,20,2.139,8.15152E+11,GC308W14,1717503,Soft Point (SP),2700,2914,,,https://www.sportsmans.com/shooting-gear-gun-supplies/ammunition-ammo-for-hunting-shooting-sports/rifle-ammo-hunting-shooting-sports/grizzly-308-winchester-180gr-sp-rifle-ammo-20-rounds/p/1717503
7/24/2026,Sportsmans,Winchester,308 Win,175,Fiocchi Matchking 308 Winchester 175gr HPBT MK Rifle Ammo - 20 Rounds,Lead-Core,Out of Stock,34.99,20,1.75,7.62345E+11,308MKD,1656671,Hollow Point Boat Tail,2595,2617,,,https://www.sportsmans.com/shooting-gear-gun-supplies/ammunition-ammo-for-hunting-shooting-sports/rifle-ammo-hunting-shooting-sports/fiocchi-matchking-308-winchester-175gr-hpbt-mk-rifle-ammo-20-rounds/p/1656671
7/24/2026,Sportsmans,Nosler,308 Win,175,Nosler Match Grade 308 Winchester 175gr HPBT Rifle Ammo - 20 Rounds,Lead-Core,Out of Stock,52.99,20,2.65,54041601320,60132,1750201,Hollow Point Boat Tail,2600,2626,,,https://www.sportsmans.com/shooting-gear-gun-supplies/ammunition-ammo-for-hunting-shooting-sports/rifle-ammo-hunting-shooting-sports/nosler-match-grade-308-winchester-175gr-hpbt-rifle-ammo-20-rounds/p/1750201
7/24/2026,Sportsmans,Nosler,308 Win,168,Nosler E-Tip Lead-Free 308 Winchester 168gr E-Tip Rifle Ammo - 20 Rounds,Lead-Free,In Stock,59.99,20,3,54041400350,40035,1496247,E-Tip,2750,2820,,,https://www.sportsmans.com/shooting-gear-gun-supplies/ammunition-ammo-for-hunting-shooting-sports/rifle-ammo-hunting-shooting-sports/nosler-e-tip-lead-free-308-winchester-168gr-e-tip-rifle-ammo-20-rounds/p/1496247
7/24/2026,Sportsmans,Nosler,308 Win,150,Nosler E-Tip Lead-Free 308 Winchester 150gr E-Tip Rifle Ammo - 20 Rounds,Lead-Free,In Stock,59.99,20,3,54041400343,40034,1496246,E-Tip,2750,2519,,,https://www.sportsmans.com/shooting-gear-gun-supplies/ammunition-ammo-for-hunting-shooting-sports/rifle-ammo-hunting-shooting-sports/nosler-e-tip-lead-free-308-winchester-150gr-e-tip-rifle-ammo-20-rounds/p/1496246
7/24/2026,Sportsmans,Winchester,308 Win,165,HSM Tipping Point 308 Winchester 165gr SST Rifle Ammo - 20 Rounds,Lead-Core,In Stock,44.99,20,2.25,8.10742E+11,30849N,1815436,Hornady SST,2645,2563,,,https://www.sportsmans.com/shooting-gear-gun-supplies/ammunition-ammo-for-hunting-shooting-sports/rifle-ammo-hunting-shooting-sports/hsm-tipping-point-308-winchester-165gr-sst-rifle-ammo-20-rounds/p/1815436
7/24/2026,Sportsmans,Nosler,308 Win,168,Nosler Match Grade 308 Winchester 168gr Custom Competition Rifle Ammo - 20 Rounds,Lead-Core,Out of Stock,47.99,20,2.4,54041600545,60054,1252477,Centerfire,2750,2821,,,https://www.sportsmans.com/shooting-gear-gun-supplies/ammunition-ammo-for-hunting-shooting-sports/rifle-ammo-hunting-shooting-sports/nosler-match-grade-308-winchester-168gr-custom-competition-rifle-ammo-20-rounds/p/1252477
7/24/2026,Sportsmans,Winchester,308 Win,150,Remington UMC 308 Winchester 150gr FMJ Rifle Ammo - 40 Rounds,Lead-Core,In Stock,64.99,40,1.625,47700403106,L308W4B,1242056,Full Metal Jacket,2820,2648,,,https://www.sportsmans.com/shooting-gear-gun-supplies/ammunition-ammo-for-hunting-shooting-sports/rifle-ammo-hunting-shooting-sports/remington-umc-308-winchester-150gr-fmj-rifle-ammo-40-rounds/p/1242056
7/24/2026,Sportsmans,Winchester,308 Win,125,DoubleTap Defense 308 Winchester 125gr NBT Rifle Ammo - 20 Rounds,Lead-Core,Out of Stock,51.99,125,0.416,13964487152,308W125RD,1541115,Nosler Ballistic Tip,3150,2754,,,https://www.sportsmans.com/shooting-gear-gun-supplies/ammunition-ammo-for-hunting-shooting-sports/rifle-ammo-hunting-shooting-sports/doubletap-defense-308-winchester-125gr-nbt-rifle-ammo-20-rounds/p/1541115
7/24/2026,Sportsmans,Federal,308 Win,150,Federal American Eagle 308 Winchester 150gr FMJ BT Rifle Ammo - 20 Rounds,Lead-Core,In Stock,34.99,20,1.75,29465085339,AE308D,306968,Full Metal Jacket Boat Tail,2820,2648,,,https://www.sportsmans.com/shooting-gear-gun-supplies/ammunition-ammo-for-hunting-shooting-sports/rifle-ammo-hunting-shooting-sports/federal-american-eagle-308-winchester-150gr-fmj-bt-rifle-ammo-20-rounds/p/306968
7/24/2026,Sportsmans,Winchester,308 Win,180,Sellier & Bellot 308 Winchester 180gr SPCE Rifle Ammo - 20 Rounds,Lead-Core,In Stock,24.99,20,1.249,7.54909E+11,SB308F,1815660,Soft Point Cutting Edge,2510,2525,,,https://www.sportsmans.com/shooting-gear-gun-supplies/ammunition-ammo-for-hunting-shooting-sports/rifle-ammo-hunting-shooting-sports/sellier-bellot-308-winchester-180gr-spce-rifle-ammo-20-rounds/p/1815660
7/24/2026,Sportsmans,Federal,308 Win,175,Federal Premium Gold Medal Centerstrike 308 Winchester 175gr Jacketed Hollow Point Rifle Ammo - 20 Rounds,Lead-Core,In Stock,42.99,20,2.15,6.04545E+11,GM308OTM2,1800650,Jacketed Hollow Point,,,,,https://www.sportsmans.com/shooting-gear-gun-supplies/ammunition-ammo-for-hunting-shooting-sports/rifle-ammo-hunting-shooting-sports/federal-premium-gold-medal-centerstrike-308-winchester-175gr-jacketed-hollow-point-rifle-ammo-20-rounds/p/1800650
7/24/2026,Sportsmans,Winchester,308 Win,168,Fort Scott Munitions TUI 308 Winchester 168gr SCS Centerfire Rifle Ammo - 20 Rounds,Lead-Free,In Stock,53.99,20,2.7,7.53677E+11,308168SCV,1815347,Solid Copper Spun,2764,2850,,,https://www.sportsmans.com/shooting-gear-gun-supplies/ammunition-ammo-for-hunting-shooting-sports/rifle-ammo-hunting-shooting-sports/fort-scott-munitions-tui-308-winchester-168gr-scs-centerfire-rifle-ammo-20-rounds/p/1815347
7/24/2026,Sportsmans,Winchester,308 Win,165,Sierra GameChanger 308 Winchester 165gr TGK Rifle Ammo - 20 Rounds,Lead-Core,Out of Stock,55.99,20,2.8,6.1271E+11,A4667--01,1550094,Tipped GameKing,2680,,,,https://www.sportsmans.com/shooting-gear-gun-supplies/ammunition-ammo-for-hunting-shooting-sports/rifle-ammo-hunting-shooting-sports/sierra-gamechanger-308-winchester-165gr-tgk-rifle-ammo-20-rounds/p/1550094
7/24/2026,Sportsmans,Winchester,308 Win,152,Lehigh Defense 308 Winchester 152gr Rifle Ammo - 20 Rounds,Lead-Free,In Stock,76.99,20,3.849,8.10026E+11,LA308152CC,1815925,SP,2800,2646,,,https://www.sportsmans.com/shooting-gear-gun-supplies/ammunition-ammo-for-hunting-shooting-sports/rifle-ammo-hunting-shooting-sports/lehigh-defense-308-winchester-152gr-rifle-ammo-20-rounds/p/1815925
7/24/2026,Sportsmans,Winchester,308 Win,175,Sig Sauer Marksman Elite 308 Winchester 175gr OTM Centerfire Rifle Ammo - 20 Rounds,Lead-Core,In Stock,39.99,20,2,7.98682E+11,E308M220,1815810,Open Tip Match,2600,2626,,,https://www.sportsmans.com/shooting-gear-gun-supplies/ammunition-ammo-for-hunting-shooting-sports/rifle-ammo-hunting-shooting-sports/sig-sauer-marksman-elite-308-winchester-175gr-otm-rifle-ammo-20-rounds/p/1815810
7/24/2026,Sportsmans,Federal,308 Win,168,Federal Premium Gold Medal Centerstrike 308 Winchester 168gr Jacketed Hollow Point Rifle Ammo - 20 Rounds,Lead-Core,In Stock,42.99,20,2.15,6.04545E+11,GM308OTM1,1800649,Jacketed Hollow Point,,,,,https://www.sportsmans.com/shooting-gear-gun-supplies/ammunition-ammo-for-hunting-shooting-sports/rifle-ammo-hunting-shooting-sports/federal-premium-gold-medal-centerstrike-308-winchester-168gr-jacketed-hollow-point-rifle-ammo-20-rounds/p/1800649
7/24/2026,Sportsmans,Winchester,308 Win,185,Berger Bullets Hybrid Juggernaut OTM Tactical 308 Winchester 185gr JHP Centerfire Rifle Ammo - 20 Rounds,Lead-Core,Out of Stock,49.77,20,2.489,6.7946E+11,60050,1660058,Jacketed Hollow Point,2608,2794,,,https://www.sportsmans.com/shooting-gear-gun-supplies/ammunition-ammo-for-hunting-shooting-sports/rifle-ammo-hunting-shooting-sports/berger-bullets-hybrid-juggernaut-otm-tactical-308-winchester-185gr-jhp-centerfire-rifle-ammo-20-rounds/p/1660058
7/24/2026,Sportsmans,Federal,308 Win,165,Federal Premium 308 Winchester 165gr Trophy Bonded Rifle Ammo - 20 Rounds,Lead-Core,Out of Stock,49.99,20,2.5,29465099572,P308TT2,1208922,Trophy Bonded,2700,2671,,,https://www.sportsmans.com/shooting-gear-gun-supplies/ammunition-ammo-for-hunting-shooting-sports/rifle-ammo-hunting-shooting-sports/federal-premium-308-winchester-165gr-trophy-bonded-rifle-ammo-20-rounds/p/1208922
7/24/2026,Sportsmans,Federal,308 Win,180,Federal Premium 308 Winchester 180gr Trophy Bonded Rifle Ammo - 20 Rounds,Lead-Core,In Stock,49.99,20,2.5,29465099510,P308TT1,1208923,Trophy Bonded,2743,2743,,,https://www.sportsmans.com/shooting-gear-gun-supplies/ammunition-ammo-for-hunting-shooting-sports/rifle-ammo-hunting-shooting-sports/federal-premium-308-winchester-180gr-trophy-bonded-rifle-ammo-20-rounds/p/1208923
7/24/2026,Sportsmans,Winchester,308 Win,175,Berger Bullets OTM Tactical 308 Winchester 175gr JHP Centerfire Rifle Ammo - 20 Rounds,Lead-Core,In Stock,49.99,20,2.5,6.7946E+11,60010,1660056,Jacketed Hollow Point,2668,2766,,,https://www.sportsmans.com/shooting-gear-gun-supplies/ammunition-ammo-for-hunting-shooting-sports/rifle-ammo-hunting-shooting-sports/berger-bullets-otm-tactical-308-winchester-175gr-jhp-centerfire-rifle-ammo-20-rounds/p/1660056
7/24/2026,Sportsmans,Hornady,308 Win,155,Hornady Critical Defense 308 Winchester 155gr FTX Rifle Ammo - 20 Rounds,Lead-Core,In Stock,47.99,20,2.4,90255809206,80920,1492046,Flex Tip Extreme,2785,2669,,,https://www.sportsmans.com/shooting-gear-gun-supplies/ammunition-ammo-for-hunting-shooting-sports/rifle-ammo-hunting-shooting-sports/hornady-critical-defense-308-winchester-155gr-ftx-rifle-ammo-20-rounds/p/1492046
7/24/2026,Sportsmans,Federal,308 Win,165,Federal Premium MeatEater 308 Winchester 165gr Trophy Copper Rifle Ammo - 20 Rounds,Lead-Free,In Stock,50.99,20,2.55,29465063498,P308TC2,1369155,Trophy Copper,2700,,,,https://www.sportsmans.com/shooting-gear-gun-supplies/ammunition-ammo-for-hunting-shooting-sports/rifle-ammo-hunting-shooting-sports/federal-premium-meateater-308-winchester-165gr-trophy-copper-rifle-ammo-20-rounds/p/1369155
7/24/2026,Sportsmans,Federal,308 Win,178,Federal Premium 308 Winchester 178gr ELD-X Centerfire Rifle Ammo - 20 Rounds,Lead-Core,In Stock,51.99,20,2.599,6.04545E+11,P308ELDX1,1800648,Extremely Low Drag-eXpanding,2620,,,,https://www.sportsmans.com/shooting-gear-gun-supplies/ammunition-ammo-for-hunting-shooting-sports/rifle-ammo-hunting-shooting-sports/federal-premium-308-winchester-178gr-eld-x-centerfire-rifle-ammo-20-rounds/p/1800648
7/24/2026,Sportsmans,Hornady,308 Win,125,Hornady Custom Lite 308 Winchester 125gr SST Rifle Ammo - 20 Rounds,Lead-Core,In Stock,44.99,20,2.25,90255808667,80866,1388107,Super Shock Tip,2675,1986,,,https://www.sportsmans.com/shooting-gear-gun-supplies/ammunition-ammo-for-hunting-shooting-sports/rifle-ammo-hunting-shooting-sports/hornady-custom-lite-308-winchester-125gr-sst-rifle-ammo-20-rounds/p/1388107
7/24/2026,Sportsmans,Winchester,308 Win,180,Browning Max Point 308 Winchester 180gr PT Rifle Ammo - 20 Rounds,Lead-Core,In Stock,45.99,20,2.3,20892232839,B192103082,1819137,Polymer Tip,2670,2659,,,https://www.sportsmans.com/shooting-gear-gun-supplies/ammunition-ammo-for-hunting-shooting-sports/rifle-ammo-hunting-shooting-sports/browning-max-point-308-winchester-180gr-pt-rifle-ammo-20-rounds/p/1819137
7/24/2026,Sportsmans,Winchester,308 Win,168,PMC Match 308 Winchester 168gr OTM Rifle Ammo - 20 Rounds,Lead-Core,In Stock,29.99,20,1.499,7.41569E+11,308XM,1815723,Open Tip Match,2700,2719,,,https://www.sportsmans.com/shooting-gear-gun-supplies/ammunition-ammo-for-hunting-shooting-sports/rifle-ammo-hunting-shooting-sports/pmc-match-308-winchester-168gr-otm-rifle-ammo-20-rounds/p/1815723
7/24/2026,Sportsmans,Winchester,308 Win,150,Aguila 308 Winchester 150gr FMJ BT Rifle Ammo - 20 Rounds,Lead-Core,Out of Stock,24.99,20,1.249,6.4042E+11,1E308110,1501069,Full Metal Jacket Boat Tail,2750,2519,,,https://www.sportsmans.com/shooting-gear-gun-supplies/ammunition-ammo-for-hunting-shooting-sports/rifle-ammo-hunting-shooting-sports/aguila-308-winchester-150gr-fmj-bt-rifle-ammo-20-rounds/p/1501069
7/24/2026,Sportsmans,Hornady,308 Win,165,Hornady CX Superformance 308 Winchester 165gr Rifle Ammo - 20 Rounds,Lead-Free,Out of Stock,54.99,20,2.75,90255809909,80990,1728355,Full Metal Jacket Tipped,2750,2771,,,https://www.sportsmans.com/shooting-gear-gun-supplies/ammunition-ammo-for-hunting-shooting-sports/rifle-ammo-hunting-shooting-sports/hornady-cx-superformance-308-winchester-165gr-rifle-ammo-20-rounds/p/1728355
7/24/2026,Sportsmans,Winchester,308 Win,150,Fiocchi Range Dynamics 308 Winchester 150gr FMJ Rifle Ammo - 20 Rounds,Lead-Core,Out of Stock,23.99,20,1.2,7.62345E+11,308FA,1220793,Full Metal Jacket,2890,2781,,,https://www.sportsmans.com/shooting-gear-gun-supplies/ammunition-ammo-for-hunting-shooting-sports/rifle-ammo-hunting-shooting-sports/fiocchi-range-dynamics-308-winchester-150gr-fmj-rifle-ammo-20-rounds/p/1220793
7/24/2026,Sportsmans,Winchester,308 Win,165,HSM Tipping Point 308 Winchester 165gr Ballistic Tip Rifle Ammo - 20 Rounds,Lead-Core,Out of Stock,47.77,20,2.389,8.10742E+11,308-47-N,1684291,Ballistic Tip,2743,2756,,,https://www.sportsmans.com/shooting-gear-gun-supplies/ammunition-ammo-for-hunting-shooting-sports/rifle-ammo-hunting-shooting-sports/hsm-tipping-point-308-winchester-165gr-ballistic-tip-rifle-ammo-20-rounds/p/1684291
7/24/2026,Sportsmans,Winchester,308 Win,150,Remington Core-Lokt 308 Winchester 150gr Full Metal Jacket Tipped Centerfire Rifle Ammo - 20 Rounds,Lead-Core,In Stock,36.99,20,1.85,47700418001,29039,1721058,Full Metal Jacket Tipped,2840,2686,,,https://www.sportsmans.com/shooting-gear-gun-supplies/ammunition-ammo-for-hunting-shooting-sports/rifle-ammo-hunting-shooting-sports/remington-core-lokt-308-winchester-150gr-full-metal-jacket-tipped-centerfire-rifle-ammo-20-rounds/p/1721058
7/24/2026,Sportsmans,Winchester,308 Win,180,Remington Core-Lokt 308 Winchester 180gr Core-Lokt Tipped Rifle Ammo - 20 Rounds,Lead-Core,Out of Stock,34.99,20,1.75,47700485102,29041,1721060,Core-Lokt Tipped,2640,2785,,,https://www.sportsmans.com/shooting-gear-gun-supplies/ammunition-ammo-for-hunting-shooting-sports/rifle-ammo-hunting-shooting-sports/remington-core-lockt-308-winchester-180gr-core-lokt-tipped-rifle-ammo-20-rounds/p/1721060
7/24/2026,Sportsmans,Winchester,308 Win,165,Remington Primer Scirocco 308 Winchester 165gr Swift Scirocco Bonded Rifle Ammo - 20 Rounds,Lead-Core,In Stock,58.99,20,2.95,47700350608,29332,1398619,Swift Scirocco Bonded,2680,2631,,,https://www.sportsmans.com/shooting-gear-gun-supplies/ammunition-ammo-for-hunting-shooting-sports/rifle-ammo-hunting-shooting-sports/remington-primer-scirocco-308-winchester-165gr-swift-scirocco-bonded-rifle-ammo-20-rounds/p/1398619
7/24/2026,Sportsmans,Hornady,308 Win,168,Hornady Superformance Match 308 Winchester 168gr ELD Rifle Ammo - 20 Rounds,Lead-Core,In Stock,46.99,20,2.349,90255809633,80963,1471193,Extremely Low Drag,2840,3008,,,https://www.sportsmans.com/shooting-gear-gun-supplies/ammunition-ammo-for-hunting-shooting-sports/rifle-ammo-hunting-shooting-sports/hornady-superformance-match-308-winchester-168gr-eld-rifle-ammo-20-rounds/p/1471193
7/24/2026,Sportsmans,Winchester,308 Win,168,Remington Premier Match 308 Winchester 168gr BTHP Rifle Ammo - 20 Rounds,Lead-Core,In Stock,44.99,20,2.25,47700068206,RM308W7,1689831,Boat Tail Hollow Point,2680,2678,,,https://www.sportsmans.com/shooting-gear-gun-supplies/ammunition-ammo-for-hunting-shooting-sports/rifle-ammo-hunting-shooting-sports/remington-premier-match-308-winchester-168gr-bthp-rifle-ammo-20-rounds/p/1689831
7/24/2026,Sportsmans,Winchester,308 Win,210,HSM Trophy Gold 308 Winchester 210gr BHVLDM Rifle Ammo - 20 Rounds,Lead-Core,In Stock,56.99,20,2.849,8.37306E+11,308210VLD,1815439,Berger Hunting VLD Match,2508,2934,,,https://www.sportsmans.com/shooting-gear-gun-supplies/ammunition-ammo-for-hunting-shooting-sports/rifle-ammo-hunting-shooting-sports/hsm-trophy-gold-308-winchester-210gr-bhvldm-rifle-ammo-20-rounds/p/1815439
7/24/2026,Sportsmans,Winchester,308 Win,180,HSM Game King 308 Winchester 180gr SGSBT Rifle Ammo - 20 Rounds,Lead-Core,In Stock,44.99,20,2.25,8.10742E+11,30843N,1815437,Sierra GameKing Spitzer Boat-Tail,2518,,,,https://www.sportsmans.com/shooting-gear-gun-supplies/ammunition-ammo-for-hunting-shooting-sports/rifle-ammo-hunting-shooting-sports/hsm-game-king-308-winchester-180gr-sgsbt-rifle-ammo-20-rounds/p/1815437
7/24/2026,Sportsmans,Federal,308 Win,185,Federal Gold Medal 308 Winchester 185gr Berger Jugernaught OTM Rifle Ammo - 20 Rounds,Lead-Core,In Stock,44.99,20,2.25,6.04545E+11,GM308BH185,1537744,Berger Jugernaught Open Tip Match,2600,2778,,,https://www.sportsmans.com/shooting-gear-gun-supplies/ammunition-ammo-for-hunting-shooting-sports/rifle-ammo-hunting-shooting-sports/federal-gold-medal-308-winchester-185gr-berger-jugernaught-otm-rifle-ammo-20-rounds/p/1537744
7/24/2026,Sportsmans,Barnes,308 Win,165,Federal Brass Barnes 308 Winchester 165gr TSX Rifle Ammo - 20 Rounds,Lead-Free,In Stock,51.99,20,2.599,29465647846,P308H,1537739,Triple Shock,2650,2573,,,https://www.sportsmans.com/shooting-gear-gun-supplies/ammunition-ammo-for-hunting-shooting-sports/rifle-ammo-hunting-shooting-sports/federal-brass-barnes-308-winchester-165gr-tsx-rifle-ammo-20-rounds/p/1537739
7/24/2026,Sportsmans,Winchester,308 Win,168,HSM Match 308 Winchester 168gr HPBT MK Rifle Ammo - 20 Rounds,Lead-Core,In Stock,43.99,20,2.2,8.37306E+11,3082N,1815434,Hollow Point Boat Tail MatchKing,2625,2571,,,https://www.sportsmans.com/shooting-gear-gun-supplies/ammunition-ammo-for-hunting-shooting-sports/rifle-ammo-hunting-shooting-sports/hsm-match-308-winchester-168gr-hpbt-mk-rifle-ammo-20-rounds/p/1815434
7/24/2026,Sportsmans,Winchester,308 Win,150,HSM Low Recoil 308 Winchester 150gr OPT Rifle Ammo - 20 Rounds,Lead-Core,In Stock,48.99,20,2.45,8.10742E+11,30844N,1815432,Orange Polymer Tip,2350,1839,,,https://www.sportsmans.com/shooting-gear-gun-supplies/ammunition-ammo-for-hunting-shooting-sports/rifle-ammo-hunting-shooting-sports/hsm-low-recoil-308-winchester-150gr-opt-rifle-ammo-20-rounds/p/1815432
7/24/2026,Sportsmans,Winchester,308 Win,185,HSM Trophy Gold 308 Winchester 185gr BHVLDM Rifle Ammo - 20 Rounds,Lead-Core,In Stock,55.99,20,2.8,8.37306E+11,308185VLD,1815438,Berger Hunting VLD Match,2606,2790,,,https://www.sportsmans.com/shooting-gear-gun-supplies/ammunition-ammo-for-hunting-shooting-sports/rifle-ammo-hunting-shooting-sports/hsm-trophy-gold-308-winchester-185gr-bhvldm-rifle-ammo-20-rounds/p/1815438
7/24/2026,Sportsmans,Winchester,308 Win,172,Remington Premier Long Range 308 Winchester Speer Impact 172gr Rifle Ammo - 20 Rounds,Lead-Core,In Stock,51.99,20,2.599,47700485706,R21345,1800689,Speer Impact,2635,2652,,,https://www.sportsmans.com/shooting-gear-gun-supplies/ammunition-ammo-for-hunting-shooting-sports/rifle-ammo-hunting-shooting-sports/remington-premier-long-range-308-winchester-speer-impact-172gr-rifle-ammo-20-rounds/p/1800689
7/24/2026,Sportsmans,Winchester,308 Win,168,Winchester Ballistic Silvertip 308 Winchester 168gr Ballistic Silvertip Rifle Ammo - 20 Rounds,Lead-Core,In Stock,44.99,20,2.25,20892210363,SBST308A,300741,Ballistic Silvertip,2670,2659,,,https://www.sportsmans.com/shooting-gear-gun-supplies/ammunition-ammo-for-hunting-shooting-sports/rifle-ammo-hunting-shooting-sports/winchester-ballistic-silvertip-308-winchester-168gr-ballistic-silvertip-rifle-ammo-20-rounds/p/300741
7/24/2026,Sportsmans,Winchester,308 Win,165,HSM Game King 308 Winchester 165gr SGSBT Rifle Ammo - 20 Rounds,Lead-Core,In Stock,43.99,20,2.2,8.10742E+11,30842N,1815435,Sierra GameKing Spitzer Boat-Tail,,,,,https://www.sportsmans.com/shooting-gear-gun-supplies/ammunition-ammo-for-hunting-shooting-sports/rifle-ammo-hunting-shooting-sports/hsm-game-king-308-winchester-165gr-sgsbt-rifle-ammo-20-rounds/p/1815435
7/24/2026,Sportsmans,Winchester,308 Win,150,HSM Game King 308 Winchester 150gr SGSBT Rifle Ammo - 20 Rounds,Lead-Core,In Stock,41.99,20,2.099,8.10742E+11,30841N,1815433,Sierra GameKing Spitzer Boat-Tail,,,,,https://www.sportsmans.com/shooting-gear-gun-supplies/ammunition-ammo-for-hunting-shooting-sports/rifle-ammo-hunting-shooting-sports/hsm-game-king-308-winchester-150gr-sgsbt-rifle-ammo-20-rounds/p/1815433
7/24/2026,Sportsmans,Winchester,308 Win,168,PPU Match 308 Winchester 168gr HPBT Rifle Ammo - 20 Rounds,Lead-Core,In Stock,28.99,20,1.45,8.605E+12,PPM3082,1815831,Hollow Point Boat-Tail,2610,2541,,,https://www.sportsmans.com/shooting-gear-gun-supplies/ammunition-ammo-for-hunting-shooting-sports/rifle-ammo-hunting-shooting-sports/ppu-match-308-winchester-168gr-hpbt-rifle-ammo-20-rounds/p/1815831
7/24/2026,Sportsmans,Winchester,308 Win,155,PPU Match 308 Winchester 155gr HPBT Rifle Ammo - 20 Rounds,Lead-Core,In Stock,28.99,20,1.45,8.605E+12,PPM3081,1815830,Hollow Point Boat-Tail,2788,2676,,,https://www.sportsmans.com/shooting-gear-gun-supplies/ammunition-ammo-for-hunting-shooting-sports/rifle-ammo-hunting-shooting-sports/ppu-match-308-winchester-155gr-hpbt-rifle-ammo-20-rounds/p/1815830
7/24/2026,Sportsmans,Winchester,308 Win,147,PMC Bronze 308 Winchester 147gr FMJ Rifle Ammo with FDE Can - 260 Rounds,Lead-Core,Out of Stock,289.99,260,1.115,8.40177E+11,PMC308B-260-FDE,1940068,Full Metal Jacket,2780,2522,,,https://www.sportsmans.com/shooting-gear-gun-supplies/ammunition-ammo-for-hunting-shooting-sports/rifle-ammo-hunting-shooting-sports/pmc-bronze-308-winchester-147gr-fmj-rifle-ammo-with-fde-can-260-rounds/p/1940068
7/24/2026,Sportsmans,Winchester,308 Win,147,Ammo Inc Igman 308 Winchester 147gr Full Metal Jacket Rifle Ammo - 500 Round Can (Bulk),Lead-Core,Out of Stock,449.99,500,0.9,8.40177E+11,IGMAN308 - 500 BULK,1956683,Full Metal Jacket,2735,,,,https://www.sportsmans.com/shooting-gear-gun-supplies/ammunition-ammo-for-hunting-shooting-sports/rifle-ammo-hunting-shooting-sports/ammo-inc-igman-308-winchester-147gr-full-metal-jacket-rifle-ammo-500-round-can-bulk/p/1956683
7/24/2026,Sportsmans,Federal,308 Win,180,Federal Fusion Tipped 308 Winchester 180gr FT Rifle Ammo - 20 Rounds,Lead-Core,In Stock,46.99,20,2.349,6.04545E+11,F308TFS3,1932370,Fusion Tipped,2600,2702,0.501,,https://www.sportsmans.com/shooting-gear-gun-supplies/ammunition-ammo-for-hunting-shooting-sports/rifle-ammo-hunting-shooting-sports/federal-fusion-tipped-308-winchester-180gr-ft-rifle-ammo-20-rounds/p/1932370
7/24/2026,Sportsmans,Winchester,308 Win,147,Winchester USA White Box 308 Winchester 147gr FMJ Rifle Ammo - 200 Rounds,Lead-Core,In Stock,299.99,200,1.5,50806032675,USA3081-CROW200,1934893,Full Metal Jacket,2800,2559,,,https://www.sportsmans.com/shooting-gear-gun-supplies/ammunition-ammo-for-hunting-shooting-sports/rifle-ammo-hunting-shooting-sports/winchester-usa-white-box-308-winchester-147gr-fmj-rifle-ammo-200-rounds/p/1934893
7/24/2026,Sportsmans,Federal,308 Win,165,Federal Premium 308 Winchester 165gr TBT Rifle Ammo - 20 Rounds,Lead-Core,In Stock,34.99,20,1.75,,,1995337,Trophy Bonded Tip,1600,2700,,,https://www.sportsmans.com/shooting-gear-gun-supplies/ammunition-ammo-for-hunting-shooting-sports/rifle-ammo-hunting-shooting-sports/federal-premium-308-winchester-165gr-tbt-rifle-ammo-20-rounds/p/1995337
7/24/2026,Sportsmans,Winchester,308 Win,150,Speer Gold Dot 308 Winchester 150gr SP Rifle Ammo - 20 Rounds,Lead-Core,Out of Stock,35.99,20,1.8,6.04545E+11,24467,1629169,Soft Point,2820,2648,,,https://www.sportsmans.com/shooting-gear-gun-supplies/ammunition-ammo-for-hunting-shooting-sports/rifle-ammo-hunting-shooting-sports/speer-gold-dot-308-winchester-150gr-sp-rifle-ammo-20-rounds/p/1629169
7/24/2026,Sportsmans,Winchester,308 Win,168,Remington HTP Copper 308 Winchester 168gr TSX Rifle Ammo - 20 Rounds,Lead-Free,Out of Stock,34.99,20,1.75,47700476100,HTP308W,1478512,Triple Shock,2680,2680,,,https://www.sportsmans.com/shooting-gear-gun-supplies/ammunition-ammo-for-hunting-shooting-sports/rifle-ammo-hunting-shooting-sports/remington-htp-copper-308-winchester-168gr-tsx-rifle-ammo-20-rounds/p/1478512
7/24/2026,Sportsmans,Winchester,308 Win,168,Norma Match-308 308 Winchester 168gr Sierra MatchKing Rifle Ammo - 20 Rounds,Lead-Core,Out of Stock,39.99,20,2,7.39392E+12,10174542,1430154,Sierra Matchking Boat Tail Hollow Point,2720,2761,,,https://www.sportsmans.com/shooting-gear-gun-supplies/ammunition-ammo-for-hunting-shooting-sports/rifle-ammo-hunting-shooting-sports/norma-match-308-308-winchester-168gr-sierra-matchking-rifle-ammo-20-rounds/p/1430154
7/24/2026,Sportsmans,Winchester,308 Win,147,Norma Tactical 308 Winchester 147gr FMJ Rifle Ammo - 50 Rounds,Lead-Core,Out of Stock,51.99,50,1.04,4.00029E+12,2422027,1691907,Full Metal Jacket,2808,2567,,,https://www.sportsmans.com/shooting-gear-gun-supplies/ammunition-ammo-for-hunting-shooting-sports/rifle-ammo-hunting-shooting-sports/norma-tactical-308-winchester-147gr-fmj-rifle-ammo-50-rounds/p/1691907
7/24/2026,Sportsmans,Federal,308 Win,150,Federal Fusion 308 Winchester 150gr Fusion SP Rifle Ammo - 20 Rounds,Lead-Core,Out of Stock,42.99,20,2.15,29465064082,F308MSR1,1369177,Fusion Soft Point,2770,,,,https://www.sportsmans.com/shooting-gear-gun-supplies/ammunition-ammo-for-hunting-shooting-sports/rifle-ammo-hunting-shooting-sports/federal-fusion-308-winchester-150gr-fusion-sp-rifle-ammo-20-rounds/p/1369177
7/24/2026,Sportsmans,Nosler,308 Win,165,Federal Premium 308 Winchester 165gr Nosler Accubond Rifle Ammo - 20 Rounds,Lead-Core,Out of Stock,51.99,20,2.599,29465098476,P308A1,1182519,Nosler AccuBond,2700,2671,,,https://www.sportsmans.com/shooting-gear-gun-supplies/ammunition-ammo-for-hunting-shooting-sports/rifle-ammo-hunting-shooting-sports/federal-premium-308-winchester-165gr-nosler-accubond-rifle-ammo-20-rounds/p/1182519
7/24/2026,Sportsmans,Winchester,308 Win,175,Gorilla Ammo Gorilla Match 308 Winchester 175Gr Rifle Ammo - 20 Rounds,Lead-Core,Out of Stock,37.99,20,1.9,8.58934E+11,GA308175SMK,1815381,Sierra MatchKing,2680,2790,,,https://www.sportsmans.com/shooting-gear-gun-supplies/ammunition-ammo-for-hunting-shooting-sports/rifle-ammo-hunting-shooting-sports/gorilla-ammo-gorilla-match-308-winchester-175gr-rifle-ammo-20-rounds/p/1815381
7/24/2026,Sportsmans,Winchester,308 Win,165,Gorilla Ammo Gorilla Match 308 Winchester 165Gr Rifle Ammo - 20 Rounds,Lead-Core,Out of Stock,38.99,20,1.95,8.58934E+11,GA308165SGK,1815380,Sierra GameKing,2700,2790,,,https://www.sportsmans.com/shooting-gear-gun-supplies/ammunition-ammo-for-hunting-shooting-sports/rifle-ammo-hunting-shooting-sports/gorilla-ammo-gorilla-match-308-winchester-165gr-rifle-ammo-20-rounds/p/1815380
7/24/2026,Sportsmans,Hornady,308 Win,150,Hornady Outfitter 308 Winchester 150gr CX Rifle Ammo - 20 Rounds,Lead-Free,Out of Stock,48.99,20,2.45,90255809824,80982,1815488,Copper Alloy eXpanding (CX),2800,2611,,,https://www.sportsmans.com/shooting-gear-gun-supplies/ammunition-ammo-for-hunting-shooting-sports/rifle-ammo-hunting-shooting-sports/hornady-outfitter-308-winchester-150gr-cx-rifle-ammo-20-rounds/p/1815488
7/24/2026,Sportsmans,Hornady,308 Win,150,Hornady Superformance 308 Winchester 150gr CX Rifle Ammo - 20 Rounds,Lead-Free,Out of Stock,52.99,20,2.65,90255809442,80944,1815493,Copper Alloy eXpanding,2900,2801,,,https://www.sportsmans.com/shooting-gear-gun-supplies/ammunition-ammo-for-hunting-shooting-sports/rifle-ammo-hunting-shooting-sports/hornady-superformance-308-winchester-150gr-cx-rifle-ammo-20-rounds/p/1815493
7/24/2026,Sportsmans,Winchester,308 Win,150,Fiocchi Range Dynamics 308 Winchester 150gr FMJBT Rifle Ammo - 100 Rounds,Lead-Core,Out of Stock,503.99,100,5.04,7.62345E+11,308ARD,1815252,Full Metal Jacket Boat-Tail,1890,2782,,,https://www.sportsmans.com/shooting-gear-gun-supplies/ammunition-ammo-for-hunting-shooting-sports/rifle-ammo-hunting-shooting-sports/fiocchi-range-dynamics-308-winchester-150gr-fmjbt-rifle-ammo-100-rounds/p/1815252
7/24/2026,Sportsmans,Winchester,308 Win,175,Sierra MatchKing Competition 308 Winchester 175gr HPBT Rifle Ammo - 20 Rounds,Lead-Core,Out of Stock,57.99,20,2.9,6.04545E+11,A227501,1815808,Hollow Point Boat Tail,2600,2626,,,https://www.sportsmans.com/shooting-gear-gun-supplies/ammunition-ammo-for-hunting-shooting-sports/rifle-ammo-hunting-shooting-sports/sierra-matchking-competition-308-winchester-175gr-hpbt-rifle-ammo-20-rounds/p/1815808
7/24/2026,Sportsmans,Winchester,308 Win,150,Red Army Standard 308 Winchester 150Gr FMJ Rifle Ammo - 20 Rounds,Lead-Core,Out of Stock,13.99,20,0.7,7.87451E+11,AM3090,1815069,Full Metal Jacket (FMJ),,,,,https://www.sportsmans.com/shooting-gear-gun-supplies/ammunition-ammo-for-hunting-shooting-sports/rifle-ammo-hunting-shooting-sports/red-army-standard-308-winchester-150gr-fmj-rifle-ammo-20-rounds/p/1815069
7/24/2026,Sportsmans,Winchester,308 Win,150,Sellier & Bellot 308 Winchester 150gr SPCE Rifle Ammo - 20 Rounds,Lead-Core,Out of Stock,26.99,20,1.349,7.54909E+11,SB308D,1815658,Soft Point Cut-Through Edge,2756,2590,,,https://www.sportsmans.com/shooting-gear-gun-supplies/ammunition-ammo-for-hunting-shooting-sports/rifle-ammo-hunting-shooting-sports/sellier-bellot-308-winchester-150gr-spce-rifle-ammo-20-rounds/p/1815658
7/24/2026,Sportsmans,Winchester,308 Win,168,Atomic Ammunition Rifle 308 Winchester 168Gr Rifle Ammo - 20 Rounds,Lead-Core,Out of Stock,43.99,20,2.2,8.58767E+11,460,1814892,Tipped MatchKing,2718,2522,,,https://www.sportsmans.com/shooting-gear-gun-supplies/ammunition-ammo-for-hunting-shooting-sports/rifle-ammo-hunting-shooting-sports/atomic-ammunition-rifle-308-winchester-168gr-rifle-ammo-20-rounds/p/1814892
7/24/2026,Sportsmans,Winchester,308 Win,200,Sellier & Bellot 308 Winchester 200gr FMJ Rifle Ammo - 20 Rounds,Lead-Core,Out of Stock,31.99,20,1.599,7.54909E+11,SB762SUBB,1815662,Full Metal Jacket,1000,444,,,https://www.sportsmans.com/shooting-gear-gun-supplies/ammunition-ammo-for-hunting-shooting-sports/rifle-ammo-hunting-shooting-sports/sellier-bellot-308-winchester-200gr-fmj-rifle-ammo-20-rounds/p/1815662
7/24/2026,Sportsmans,Winchester,308 Win,110,Sellier & Bellot Exergy Blue 308 Winchester 110gr TXRG Rifle Ammo - 20 Rounds,Lead-Core,Out of Stock,38.99,20,1.95,7.54909E+11,SB308XB,1815664,SP,2766,1868,,,https://www.sportsmans.com/shooting-gear-gun-supplies/ammunition-ammo-for-hunting-shooting-sports/rifle-ammo-hunting-shooting-sports/sellier-bellot-exergy-blue-308-winchester-110gr-txrg-rifle-ammo-20-rounds/p/1815664
7/24/2026,Sportsmans,Winchester,308 Win,100,Liberty Ammunition Animal Instinct 308 Winchester 100gr FCHP Centerfire Rifle Ammo - 20 Rounds,Lead-Free,Out of Stock,37.99,20,1.9,19962272431,LAHAC308045,1815539,Fragmenting Copper Hollow Point,3500,2700,,,https://www.sportsmans.com/shooting-gear-gun-supplies/ammunition-ammo-for-hunting-shooting-sports/rifle-ammo-hunting-shooting-sports/liberty-ammunition-animal-instinct-308-winchester-100gr-fchp-centerfire-rifle-ammo-20-rounds/p/1815539
7/24/2026,Sportsmans,Winchester,308 Win,175,Atomic 308 Winchester 175gr HPBT Rifle Ammo - 100 Rounds,Lead-Core,Out of Stock,159.99,100,1.6,8.58767E+11,416,1460184,Hollow Point Boat Tail,,,,,https://www.sportsmans.com/shooting-gear-gun-supplies/ammunition-ammo-for-hunting-shooting-sports/rifle-ammo-hunting-shooting-sports/atomic-308-winchester-175gr-hpbt-rifle-ammo-100-rounds/p/1460184
7/24/2026,Sportsmans,Winchester,308 Win,180,Norma Bondstrike Extreme 308 Winchester 180gr BPT Rifle Ammo - 20 Rounds,Lead-Core,Out of Stock,49.99,20,2.5,7.39392E+12,20176412,1773485,Bonded Polymer Tip,2625,2755,,,https://www.sportsmans.com/shooting-gear-gun-supplies/ammunition-ammo-for-hunting-shooting-sports/rifle-ammo-hunting-shooting-sports/norma-bondstrike-extreme-308-winchester-180gr-bpt-rifle-ammo-20-rounds/p/1773485
7/24/2026,Sportsmans,Winchester,308 Win,168,Norma RUAG Match Sierra 308 Winchester 168gr FMJ Rifle Ammo - 20 Rounds,Lead-Core,Out of Stock,39.99,20,2,,10174542,1691910,Full Metal Jacket,2723,2766,,,https://www.sportsmans.com/shooting-gear-gun-supplies/ammunition-ammo-for-hunting-shooting-sports/rifle-ammo-hunting-shooting-sports/norma-ruag-match-sierra-308-winchester-168gr-fmj-rifle-ammo-20-rounds/p/1691910
7/24/2026,Sportsmans,Winchester,308 Win,150,Speer Gold Dot 308 Winchester 150gr SP Rifle Ammo - 20 Rounds,Lead-Core,Out of Stock,35.99,20,1.8,6.04545E+11,24467,1629169,Soft Point,2820,2648,,,https://www.sportsmans.com/shooting-gear-gun-supplies/ammunition-ammo-for-hunting-shooting-sports/rifle-ammo-hunting-shooting-sports/speer-gold-dot-308-winchester-150gr-sp-rifle-ammo-20-rounds/p/1629169
7/24/2026,Sportsmans,Winchester,308 Win,168,Remington HTP Copper 308 Winchester 168gr TSX Rifle Ammo - 20 Rounds,Lead-Free,Out of Stock,34.99,20,1.75,47700476100,HTP308W,1478512,Triple Shock,2680,2680,,,https://www.sportsmans.com/shooting-gear-gun-supplies/ammunition-ammo-for-hunting-shooting-sports/rifle-ammo-hunting-shooting-sports/remington-htp-copper-308-winchester-168gr-tsx-rifle-ammo-20-rounds/p/1478512
7/24/2026,Sportsmans,Winchester,308 Win,168,Norma Match-308 308 Winchester 168gr Sierra MatchKing Rifle Ammo - 20 Rounds,Lead-Core,Out of Stock,39.99,20,2,7.39392E+12,10174542,1430154,Sierra Matchking Boat Tail Hollow Point,2720,2761,,,https://www.sportsmans.com/shooting-gear-gun-supplies/ammunition-ammo-for-hunting-shooting-sports/rifle-ammo-hunting-shooting-sports/norma-match-308-308-winchester-168gr-sierra-matchking-rifle-ammo-20-rounds/p/1430154
7/24/2026,Sportsmans,Winchester,308 Win,147,Norma Tactical 308 Winchester 147gr FMJ Rifle Ammo - 50 Rounds,Lead-Core,Out of Stock,51.99,50,1.04,4.00029E+12,2422027,1691907,Full Metal Jacket,2808,2567,,,https://www.sportsmans.com/shooting-gear-gun-supplies/ammunition-ammo-for-hunting-shooting-sports/rifle-ammo-hunting-shooting-sports/norma-tactical-308-winchester-147gr-fmj-rifle-ammo-50-rounds/p/1691907
7/24/2026,Sportsmans,Winchester,308 Win,150,Norma Tactical 308 Winchester 150gr FMJ Centerfire Rifle Ammo - 20 Rounds,Lead-Core,Out of Stock,20.99,20,1.049,8.10036E+11,20177262,1691906,Full Metal Jacket,2625,,,,https://www.sportsmans.com/shooting-gear-gun-supplies/ammunition-ammo-for-hunting-shooting-sports/rifle-ammo-hunting-shooting-sports/norma-tactical-308-winchester-150gr-fmj-centerfire-rifle-ammo-20-rounds/p/1691906
7/24/2026,Sportsmans,Winchester,308 Win,168,Winchester USA Ready 308 Winchester 168gr Select Grade Rifle Ammo - 20 Rounds,Lead-Core,Out of Stock,34.99,20,1.75,20892226647,RED308,1752685,SP,2680,2679,,,https://www.sportsmans.com/shooting-gear-gun-supplies/ammunition-ammo-for-hunting-shooting-sports/rifle-ammo-hunting-shooting-sports/winchester-usa-ready-308-winchester-168gr-select-grade-rifle-ammo-20-rounds/p/1752685
7/24/2026,Sportsmans,Winchester,308 Win,185,Winchester Super-X 308 Winchester 185gr Power-Point Subsonic Rifle Ammo - 20 Rounds,Lead-Core,Out of Stock,48.99,20,2.45,20892223301,X308SUBX,1752683,SP,1060,461,,,https://www.sportsmans.com/shooting-gear-gun-supplies/ammunition-ammo-for-hunting-shooting-sports/rifle-ammo-hunting-shooting-sports/winchester-super-x-308-winchester-185gr-power-point-subsonic-rifle-ammo-20-rounds/p/1752683
7/24/2026,Sportsmans,Winchester,308 Win,175,Atomic Subsonic 308 Winchester 175gr Matchking Rifle Ammo - 50 Rounds,Lead-Core,Out of Stock,73.99,50,1.48,8.58767E+11,430,1460186,Matchking,1050,428,,,https://www.sportsmans.com/shooting-gear-gun-supplies/ammunition-ammo-for-hunting-shooting-sports/rifle-ammo-hunting-shooting-sports/atomic-subsonic-308-winchester-175gr-matchking-rifle-ammo-50-rounds/p/1460186
7/24/2026,Sportsmans,Winchester,308 Win,150,Browning BXS Big Game & Deer 308 Winchester 150gr Lead Free Solid Expansion Polymer Tip Centerfire Rifle Ammo - 20 Rounds,Lead-Free,Out of Stock,45.99,20,2.3,20892224766,B192403081,1801811,Solid Expansion Polymer Tip,2820,,,,https://www.sportsmans.com/shooting-gear-gun-supplies/ammunition-ammo-for-hunting-shooting-sports/rifle-ammo-hunting-shooting-sports/browning-bxs-big-game-deer-308-winchester-150gr-lead-free-solid-expansion-polymer-tip-centerfire-rifle-ammo-20-rounds/p/1801811
7/24/2026,Sportsmans,Winchester,308 Win,168,Browning Long Range Pro 308 Winchester 168gr Rifle Ammo - 20 Rounds,Lead-Core,Out of Stock,41.99,20,2.099,20892226388,B192503081,1687856,Sierra Tipped MatchKing,2680,2679,,,https://www.sportsmans.com/shooting-gear-gun-supplies/ammunition-ammo-for-hunting-shooting-sports/rifle-ammo-hunting-shooting-sports/browning-long-range-pro-308-winchester-168gr-rifle-ammo-20-rounds/p/1687856
7/24/2026,Sportsmans,Winchester,308 Win,168,DoubleTap DT LongRange 308 Winchester 168gr Hollow Point Boat-Tail Rifle Ammo - 20 Rounds,Lead-Core,Out of Stock,42.99,20,2.15,13964487183,308W168HP,1696818,Hollow Point,2736,2792,,,https://www.sportsmans.com/shooting-gear-gun-supplies/ammunition-ammo-for-hunting-shooting-sports/rifle-ammo-hunting-shooting-sports/doubletap-dt-longrange-308-winchester-168gr-hollow-point-boat-tail-rifle-ammo-20-rounds/p/1696818
7/24/2026,Sportsmans,Winchester,308 Win,147,PMC Bronze 308 Winchester 147gr FMJ BT Sportsman's Exclusive Rifle Ammo Can Combo - 260 Rounds,Lead-Core,Out of Stock,269.99,260,1.038,8.40177E+11,308BBULK,1928868,Full Metal Jacket Boat Tail,2780,2522,,,https://www.sportsmans.com/shooting-gear-gun-supplies/ammunition-ammo-for-hunting-shooting-sports/rifle-ammo-hunting-shooting-sports/pmc-bronze-308-winchester-147gr-fmj-bt-sportsmans-exclusive-rifle-ammo-can-combo-260-rounds/p/1928868
7/24/2026,Sportsmans,Barnes,308 Win,150,DoubleTap Longrange 308 Winchester 150gr Barnes TTSX Rifle Ammo - 20 Rounds,Lead-Free,Out of Stock,45.99,20,2.3,13964487169,308W150T,1326993,Barnes TTSX,,,,,https://www.sportsmans.com/shooting-gear-gun-supplies/ammunition-ammo-for-hunting-shooting-sports/rifle-ammo-hunting-shooting-sports/doubletap-longrange-308-winchester-150gr-barnes-ttsx-rifle-ammo-20-rounds/p/1326993
7/24/2026,Sportsmans,Barnes,308 Win,168,Choice Ammunition 308 Winchester 168gr Barnes TTSX Rifle Ammo - 20 Rounds,Lead-Free,Out of Stock,71.99,20,3.599,6.11166E+11,168TTSXLF308WIN20,1542544,Barnes TTSX,2725,,,,https://www.sportsmans.com/shooting-gear-gun-supplies/ammunition-ammo-for-hunting-shooting-sports/rifle-ammo-hunting-shooting-sports/choice-ammunition-308-winchester-168gr-barnes-ttsx-rifle-ammo-20-rounds/p/1542544
7/24/2026,Sportsmans,Winchester,308 Win,180,Norma Bondstrike Extreme 308 Winchester 180gr B Rifle Ammo - 20 Rounds,Lead-Core,Out of Stock,54.99,20,2.75,7.39392E+12,20176962,1667707,Bondstrike,2625,2755,,,https://www.sportsmans.com/shooting-gear-gun-supplies/ammunition-ammo-for-hunting-shooting-sports/rifle-ammo-hunting-shooting-sports/norma-bondstrike-extreme-308-winchester-180gr-b-rifle-ammo-20-rounds/p/1667707
7/24/2026,Sportsmans,Nosler,308 Win,150,Federal Premium 308 Winchester 150gr Nosler Ballistic Tip Rifle Ammo - 20 Rounds,Lead-Core,Out of Stock,41.99,20,2.099,29465090302,P308F,304484,Nosler Ballistic Tip,2820,2648,,,https://www.sportsmans.com/shooting-gear-gun-supplies/ammunition-ammo-for-hunting-shooting-sports/rifle-ammo-hunting-shooting-sports/federal-premium-308-winchester-150gr-nosler-ballistic-tip-rifle-ammo-20-rounds/p/304484
7/24/2026,Sportsmans,Federal,308 Win,150,Federal Non-Typical 308 Winchester 150gr SP Rifle Ammo - 20 Rounds,Lead-Core,Out of Stock,29.99,20,1.499,6.04545E+11,308DT150,1561034,Soft Point,2820,2648,,,https://www.sportsmans.com/shooting-gear-gun-supplies/ammunition-ammo-for-hunting-shooting-sports/rifle-ammo-hunting-shooting-sports/federal-non-typical-308-winchester-150gr-sp-rifle-ammo-20-rounds/p/1561034
7/24/2026,Sportsmans,Federal,308 Win,180,Federal Non-Typical 308 Winchester 180gr SP Rifle Ammo - 20 Rounds,Lead-Core,Out of Stock,29.99,20,1.499,6.04545E+11,308DT180,1565048,Soft Point,2570,2640,,,https://www.sportsmans.com/shooting-gear-gun-supplies/ammunition-ammo-for-hunting-shooting-sports/rifle-ammo-hunting-shooting-sports/federal-non-typical-308-winchester-180gr-sp-rifle-ammo-20-rounds/p/1565048
7/24/2026,Sportsmans,Winchester,308 Win,165,Fiocchi Field Dynamics 308 Winchester 165gr PSP Rifle Ammo - 20 Rounds,Lead-Core,Out of Stock,29.99,20,1.499,7.62345E+11,308D,1656677,Pointed Soft Point,2800,2872,,,https://www.sportsmans.com/shooting-gear-gun-supplies/ammunition-ammo-for-hunting-shooting-sports/rifle-ammo-hunting-shooting-sports/fiocchi-field-dynamics-308-winchester-165gr-psp-rifle-ammo-20-rounds/p/1656677
7/24/2026,Sportsmans,Winchester,308 Win,150,Fiocchi Field Dynamics 308 Winchester 150gr PSP Rifle Ammo - 20 Rounds,Lead-Core,Out of Stock,24.99,20,1.249,7.62345E+11,308B,1656676,Pointed Soft Point,2750,2519,,,https://www.sportsmans.com/shooting-gear-gun-supplies/ammunition-ammo-for-hunting-shooting-sports/rifle-ammo-hunting-shooting-sports/fiocchi-field-dynamics-308-winchester-150gr-psp-rifle-ammo-20-rounds/p/1656676
7/24/2026,Sportsmans,Winchester,308 Win,180,PPU Standard Rifle 308 Winchester 180gr SP Rifle Ammo - 20 Rounds,Lead-Core,Out of Stock,25.99,20,1.299,8.605E+12,PP3083,1671585,Soft Point,2545,2589,,,https://www.sportsmans.com/shooting-gear-gun-supplies/ammunition-ammo-for-hunting-shooting-sports/rifle-ammo-hunting-shooting-sports/ppu-standard-rifle-308-winchester-180gr-sp-rifle-ammo-20-rounds/p/1671585
7/24/2026,Sportsmans,Winchester,308 Win,150,Sig Sauer Elite Ball 308 Winchester 150gr FMJ Centerfire Rifle Ammo - 20 Rounds,Lead-Core,Out of Stock,31.99,20,1.599,7.98682E+11,E308B1-20,1684247,Full Metal Jacket,2900,2802,,,https://www.sportsmans.com/shooting-gear-gun-supplies/ammunition-ammo-for-hunting-shooting-sports/rifle-ammo-hunting-shooting-sports/sig-sauer-elite-ball-308-winchester-150gr-fmj-rifle-ammo-20-rounds/p/1684247
7/24/2026,Sportsmans,Federal,308 Win,155,Colt Competition National Match 308 Wichester 155gr Match Rifle Ammo - 20 Rounds,Lead-Core,Out of Stock,27.99,155,0.181,91037683564,308W155CT,1473577,Match,2800,2700,,,https://www.sportsmans.com/shooting-gear-gun-supplies/ammunition-ammo-for-hunting-shooting-sports/rifle-ammo-hunting-shooting-sports/colt-competition-national-match-308-wichester-155gr-match-rifle-ammo-20-rounds/p/1473577
7/24/2026,Sportsmans,Winchester,308 Win,165,Remington Premier 308 Winchester 165gr AccuTip BT Rifle Ammo - 20 Rounds,Lead-Core,Out of Stock,39.99,20,2,47700360706,PRA308WB,1689828,AccuTip Boat-Tail,2700,2670,,,https://www.sportsmans.com/shooting-gear-gun-supplies/ammunition-ammo-for-hunting-shooting-sports/rifle-ammo-hunting-shooting-sports/remington-premier-308-winchester-165gr-accutip-bt-rifle-ammo-20-rounds/p/1689828
7/24/2026,Sportsmans,Winchester,308 Win,175,Norma Golden Target Match 308 Winchester 175gr HPBT Rifle Ammo - 20 Rounds,Lead-Core,Out of Stock,29.99,20,1.499,7.39392E+12,10177442,1691909,Hollow Point Boat Tail,2610,2592,,,https://www.sportsmans.com/shooting-gear-gun-supplies/ammunition-ammo-for-hunting-shooting-sports/rifle-ammo-hunting-shooting-sports/norma-golden-target-match-308-winchester-175gr-hpbt-rifle-ammo-20-rounds/p/1691909
7/24/2026,Sportsmans,Winchester,308 Win,150,Norma Whitetail 308 Winchester 150gr PSP Rifle Ammo - 20 Rounds,Lead-Core,Out of Stock,24.99,20,1.249,7.39392E+12,20177382,1691920,Pointed Soft Point,2789,2590,,,https://www.sportsmans.com/shooting-gear-gun-supplies/ammunition-ammo-for-hunting-shooting-sports/rifle-ammo-hunting-shooting-sports/norma-whitetail-308-winchester-150gr-psp-rifle-ammo-20-rounds/p/1691920
7/24/2026,Sportsmans,Winchester,308 Win,168,Winchester Super Suppressed 308 Winchester 168gr Open Tip Subsonic Rifle Ammo - 20 Rounds,Lead-Core,Out of Stock,40.99,20,2.05,20892224506,SUP308,1752686,SP,1060,419,,,https://www.sportsmans.com/shooting-gear-gun-supplies/ammunition-ammo-for-hunting-shooting-sports/rifle-ammo-hunting-shooting-sports/winchester-super-suppressed-308-winchester-168gr-open-tip-subsonic-rifle-ammo-20-rounds/p/1752686
7/24/2026,Sportsmans,Winchester,308 Win,168,Winchester Match 308 Winchester 168gr HPBT Rifle Ammo - 20 Rounds,Lead-Core,Out of Stock,41.99,20,2.099,20892205512,S308M,1752684,Hollow Point Boat Tail,2680,2680,,,https://www.sportsmans.com/shooting-gear-gun-supplies/ammunition-ammo-for-hunting-shooting-sports/rifle-ammo-hunting-shooting-sports/winchester-match-308-winchester-168gr-hpbt-rifle-ammo-20-rounds/p/1752684
7/24/2026,Sportsmans,Winchester,308 Win,147,Sellier & Bellot 308 Winchester 147gr FMJ Rifle Ammo - 20 Rounds,Lead-Core,Out of Stock,14.99,20,0.75,7.54909E+11,SB308A,1298762,Full Metal Jacket,2788,2538,,,https://www.sportsmans.com/shooting-gear-gun-supplies/ammunition-ammo-for-hunting-shooting-sports/rifle-ammo-hunting-shooting-sports/sellier-bellot-308-winchester-147gr-fmj-rifle-ammo-20-rounds/p/1298762
7/24/2026,Sportsmans,Winchester,308 Win,168,Sierra MatchKing Competition 308 Winchester 168gr HPBT Rifle Ammo - 20 Rounds,Lead-Core,Out of Stock,57.99,20,2.9,6.04545E+11,A220001,1815807,Hollow Point Boat Tail,2650,2619,,,https://www.sportsmans.com/shooting-gear-gun-supplies/ammunition-ammo-for-hunting-shooting-sports/rifle-ammo-hunting-shooting-sports/sierra-matchking-competition-308-winchester-168gr-hpbt-rifle-ammo-20-rounds/p/1815807
7/24/2026,Sportsmans,Winchester,308 Win,,Berger Bullets Target 308 Winchester 155.5gr Fullbore Rifle Ammo - 20 Rounds,Lead-Core,Out of Stock,46.99,20,2.349,6.7946E+11,60030,1814932,Fullbore Target,3000,3118,,,https://www.sportsmans.com/shooting-gear-gun-supplies/ammunition-ammo-for-hunting-shooting-sports/rifle-ammo-hunting-shooting-sports/berger-bullets-target-308-winchester-1555gr-fullbore-rifle-ammo-20-rounds/p/1814932
7/24/2026,Sportsmans,Winchester,308 Win,168,Armscor USA 308 Winchester 168gr HPBT Rifle Ammo - 20 Rounds,Lead-Core,Out of Stock,30.99,20,1.549,8.12285E+11,AC3082N,1814877,Hollow Point Boat Tail,2700,2332,,,https://www.sportsmans.com/shooting-gear-gun-supplies/ammunition-ammo-for-hunting-shooting-sports/rifle-ammo-hunting-shooting-sports/armscor-usa-308-winchester-168gr-hpbt-rifle-ammo-20-rounds/p/1814877
7/24/2026,Sportsmans,Winchester,308 Win,168,Atomic Ammunition Rifle 308 Winchester 168Gr HPBT Rifle Ammo - 50 Rounds,Lead-Core,Out of Stock,91.99,50,1.84,8.58767E+11,426,1814893,Hollow Point Boat-Tail (HPBT),2600,2522,,,https://www.sportsmans.com/shooting-gear-gun-supplies/ammunition-ammo-for-hunting-shooting-sports/rifle-ammo-hunting-shooting-sports/atomic-ammunition-rifle-308-winchester-168gr-hpbt-rifle-ammo-50-rounds/p/1814893
7/24/2026,Sportsmans,Winchester,308 Win,200,Sellier & Bellot 308 Winchester 200gr HPBT Rifle Ammo - 20 Rounds,Lead-Core,Out of Stock,40.99,20,2.05,7.54909E+11,SB762SUBA,1815661,Hollow Point Boat Tail,1000,480,,,https://www.sportsmans.com/shooting-gear-gun-supplies/ammunition-ammo-for-hunting-shooting-sports/rifle-ammo-hunting-shooting-sports/sellier-bellot-308-winchester-200gr-hpbt-rifle-ammo-20-rounds/p/1815661
7/24/2026,Sportsmans,Winchester,308 Win,165,Sellier & Bellot 308 Winchester 165gr BP Rifle Ammo - 20 Rounds,Lead-Core,Out of Stock,40.99,20,2.05,7.54909E+11,SB308XA,1815663,Ballistic Tip,829,3677,,,https://www.sportsmans.com/shooting-gear-gun-supplies/ammunition-ammo-for-hunting-shooting-sports/rifle-ammo-hunting-shooting-sports/sellier-bellot-308-winchester-165gr-bp-rifle-ammo-20-rounds/p/1815663
7/24/2026,Sportsmans,Winchester,308 Win,168,Atomic 308 Winchester 168gr HPBT Rifle Ammo - 100 Rounds,Lead-Core,Out of Stock,159.99,100,1.6,8.58767E+11,411,1460183,Hollow Point Boat Tail,2600,2522,,,https://www.sportsmans.com/shooting-gear-gun-supplies/ammunition-ammo-for-hunting-shooting-sports/rifle-ammo-hunting-shooting-sports/atomic-308-winchester-168gr-hpbt-rifle-ammo-100-rounds/p/1460183
7/24/2026,Sportsmans,Winchester,308 Win,260,Atomic Subsonic 308 Winchester 260gr SPRN Rifle Ammo - 50 Rounds,Lead-Core,Out of Stock,86.99,50,1.74,8.58767E+11,472,1495983,Soft Point Round Nose,1050,538,,,https://www.sportsmans.com/shooting-gear-gun-supplies/ammunition-ammo-for-hunting-shooting-sports/rifle-ammo-hunting-shooting-sports/atomic-subsonic-308-winchester-260gr-sprn-rifle-ammo-50-rounds/p/1495983
7/24/2026,Sportsmans,Barnes,308 Win,150,Buffalo Bore Barnes 308 Winchester 150gr TTSX Rifle Ammo - 20 Rounds,Lead-Free,Out of Stock,62.99,20,3.15,6.51815E+11,39B/20,1732462,Barnes Tipped TSX,2900,2800,,,https://www.sportsmans.com/shooting-gear-gun-supplies/ammunition-ammo-for-hunting-shooting-sports/rifle-ammo-hunting-shooting-sports/buffalo-bore-barnes-308-winchester-150gr-ttsx-rifle-ammo-20-rounds/p/1732462
7/24/2026,Sportsmans,Winchester,308 Win,150,Buffalo Bore Supercharged 308 Winchester 150gr SPTZ Rifle Ammo - 20 Rounds,Lead-Core,Out of Stock,48.99,20,2.45,6.51815E+11,39A/20,1732461,Spitzer,2900,2800,,,https://www.sportsmans.com/shooting-gear-gun-supplies/ammunition-ammo-for-hunting-shooting-sports/rifle-ammo-hunting-shooting-sports/buffalo-bore-supercharged-308-winchester-150gr-sptz-rifle-ammo-20-rounds/p/1732461
7/24/2026,Sportsmans,Winchester,308 Win,165,Armscor 308 Winchester 165gr AccuBond Rifle Ammo - 20 Rounds,Lead-Core,Out of Stock,33.99,20,1.7,8.12285E+11,F AC308-165GR-AB,1676192,AccuBond,2555,2392,,,https://www.sportsmans.com/shooting-gear-gun-supplies/ammunition-ammo-for-hunting-shooting-sports/rifle-ammo-hunting-shooting-sports/armscor-308-winchester-165gr-accubond-rifle-ammo-20-rounds/p/1676192
7/24/2026,Sportsmans,Winchester,308 Win,169,Winchester Match 308 Winchester 169gr Hollow Point Boat Tail Rifle Ammo - 20 Rounds,Lead-Core,Out of Stock,41.99,20,2.099,20892231115,S308M2,1801796,Hollow Point Boat Tail,2680,2680,,,https://www.sportsmans.com/shooting-gear-gun-supplies/ammunition-ammo-for-hunting-shooting-sports/rifle-ammo-hunting-shooting-sports/winchester-match-308-winchester-169gr-hollow-point-boat-tail-rifle-ammo-20-rounds/p/1801796
7/24/2026,Sportsmans,Winchester,308 Win,150,Aguila 308 Winchester 150gr SP Rifle Ammo - 20 Rounds,Lead-Core,Out of Stock,29.99,20,1.499,6.4042E+11,8090AG,1914567,Soft Point,2810,2630,,,https://www.sportsmans.com/shooting-gear-gun-supplies/ammunition-ammo-for-hunting-shooting-sports/rifle-ammo-hunting-shooting-sports/aguila-308-winchester-150gr-sp-rifle-ammo-20-rounds/p/1914567
7/24/2026,Sportsmans,Winchester,308 Win,155,Browning BXR 308 Winchester 155gr REMT Rifle Ammo - 20 Rounds,Lead-Core,Out of Stock,37.99,20,1.9,20892222236,B192103081,1427361,REMT,2820,2737,,,https://www.sportsmans.com/shooting-gear-gun-supplies/ammunition-ammo-for-hunting-shooting-sports/rifle-ammo-hunting-shooting-sports/browning-bxr-308-winchester-155gr-remt-rifle-ammo-20-rounds/p/1427361
7/24/2026,Sportsmans,Winchester,308 Win,150,Remington Premier CuT 308 Winchester 150gr CT Rifle Ammo - 20 Rounds,Lead-Free,Out of Stock,56.99,20,2.849,47700223445,R22344,1932394,Copper Tipped,2800,2611,,,https://www.sportsmans.com/shooting-gear-gun-supplies/ammunition-ammo-for-hunting-shooting-sports/rifle-ammo-hunting-shooting-sports/remington-premier-cut-308-winchester-150gr-ct-rifle-ammo-20-rounds/p/1932394
7/24/2026,Sportsmans,Winchester,308 Win,180,Browning Silver Series 308 Winchester 180gr PSP Rifle Ammo - 20 Rounds,Lead-Core,Out of Stock,36.99,20,1.85,20892232143,B192603081,1819148,Plated Soft Point,2620,2743,,,https://www.sportsmans.com/shooting-gear-gun-supplies/ammunition-ammo-for-hunting-shooting-sports/rifle-ammo-hunting-shooting-sports/browning-silver-series-308-winchester-180gr-psp-rifle-ammo-20-rounds/p/1819148
7/24/2026,Sportsmans,Hornady,45-70 Gov,325,Hornady LEVERevolution 45-70 Government 325gr FTX Rifle Ammo - 20 Rounds,Lead-Core,In Stock,54.99,20,2.75,90255827477,82747,1126176,Flex Tip Extreme,2050,3032,,,https://www.sportsmans.com/shooting-gear-gun-supplies/ammunition-ammo-for-hunting-shooting-sports/rifle-ammo-hunting-shooting-sports/hornady-leverevolution-45-70-government-325gr-ftx-rifle-ammo-20-rounds/p/1126176
7/24/2026,Sportsmans,Federal,45-70 Gov,300,Federal Premium HammerDown 45-70 Government 300gr Bonded SP Rifle Ammo - 20 Rounds,Lead-Core,In Stock,64.99,20,3.249,6.04545E+11,LG45701,1629274,Bonded Soft Point,1850,2280,,,https://www.sportsmans.com/shooting-gear-gun-supplies/ammunition-ammo-for-hunting-shooting-sports/rifle-ammo-hunting-shooting-sports/federal-premium-hammerdown-45-70-government-300gr-bonded-sp-rifle-ammo-20-rounds/p/1629274
7/24/2026,Sportsmans,Federal,45-70 Gov,300,Federal Power-Shok 45-70 Government 300gr SP Rifle Ammo - 20 Rounds,Lead-Core,In Stock,62.99,20,3.15,29465091439,4570AS,307082,Soft Point,1850,2280,,,https://www.sportsmans.com/shooting-gear-gun-supplies/ammunition-ammo-for-hunting-shooting-sports/rifle-ammo-hunting-shooting-sports/federal-power-shok-45-70-government-300gr-sp-rifle-ammo-20-rounds/p/307082
7/24/2026,Sportsmans,Hornady,45-70 Gov,430,HSM Bear Load 45-70 Government 430gr RNFP Rifle Ammo - 20 Rounds,Lead-Core,In Stock,56.99,20,2.849,8.37306E+11,45-70-12,1273421,Round Nose Flat Point,1801,3098,,,https://www.sportsmans.com/shooting-gear-gun-supplies/ammunition-ammo-for-hunting-shooting-sports/rifle-ammo-hunting-shooting-sports/hsm-bear-load-45-70-government-430gr-rnfp-rifle-ammo-20-rounds/p/1273421
7/24/2026,Sportsmans,Federal,45-70 Gov,300,Federal Fusion 45-70 Government 300gr Fusion SP Rifle Ammo - 20 Rounds,Lead-Core,In Stock,64.99,20,3.249,29465060398,F4570FS1,1369179,Fusion Soft Point,1850,,,,https://www.sportsmans.com/shooting-gear-gun-supplies/ammunition-ammo-for-hunting-shooting-sports/rifle-ammo-hunting-shooting-sports/federal-fusion-45-70-government-300gr-fusion-sp-rifle-ammo-20-rounds/p/1369179
7/24/2026,Sportsmans,Barnes,45-70 Gov,400,Barnes Pioneer 45-70 Government 400gr Barnes Original Rifle Ammo - 20 Rounds,Lead-Free,In Stock,56.69,20,2.834,7.16876E+11,32138,1803305,Barnes Original,,,,,https://www.sportsmans.com/shooting-gear-gun-supplies/ammunition-ammo-for-hunting-shooting-sports/rifle-ammo-hunting-shooting-sports/barnes-pioneer-45-70-government-400gr-barnes-original-rifle-ammo-20-rounds/p/1803305
7/24/2026,Sportsmans,Hornady,45-70 Gov,300,Armscor 45-70 Government 300gr JHP Rifle Ammo - 20 Rounds,Lead-Core,In Stock,47.99,20,2.4,8.12285E+11,FAC4570300GRJHP-TC,1650009,Jacketed Hollow Point,1854,2290,,,https://www.sportsmans.com/shooting-gear-gun-supplies/ammunition-ammo-for-hunting-shooting-sports/rifle-ammo-hunting-shooting-sports/armscor-45-70-government-300gr-jhp-rifle-ammo-20-rounds/p/1650009
7/24/2026,Sportsmans,Hornady,45-70 Gov,405,HSM Cowboy Action 45-70 Government 405gr RNFP Rifle Ammo,Lead-Core,In Stock,29.99,50,0.6,,,,,,,,,https://www.sportsmans.com/shooting-gear-gun-supplies/ammunition-ammo-for-hunting-shooting-sports/rifle-ammo-hunting-shooting-sports/hsm-cowboy-action-45-70-government-405gr-rnfp-rifle-ammo/p/p43334
7/24/2026,Sportsmans,Remington,45-70 Gov,405,Remington Core-Lokt 45-70 Government 405gr SP Rifle Ammo - 20 Rounds,Lead-Core,In Stock,62.99,20,3.15,47700475400,R4570G1,1515503,Soft Point,1600,1590,,,https://www.sportsmans.com/shooting-gear-gun-supplies/ammunition-ammo-for-hunting-shooting-sports/rifle-ammo-hunting-shooting-sports/remington-core-lokt-45-70-government-405gr-sp-rifle-ammo-20-rounds/p/1515503
7/24/2026,Sportsmans,Hornady,45-70 Gov,550,HSM Ammunition Subsonic 45-70 Government 550gr Flat Nose Rifle Ammo - 20 Rounds,Lead-Core,In Stock,64.99,20,3.249,8.10742E+11,HSM-45-70-16-N,1971137,Flat Nose,1050,1347,,,https://www.sportsmans.com/shooting-gear-gun-supplies/ammunition-ammo-for-hunting-shooting-sports/rifle-ammo-hunting-shooting-sports/hsm-ammunition-subsonic-45-70-government-550gr-flat-nose-rifle-ammo-20-rounds/p/1971137
7/24/2026,Sportsmans,Hornady,45-70 Gov,430,Underwood Ammo Black Cherry Coated 45-70 Government 430gr Long Flat Nose Rifle Ammo - 20 Rounds,Lead-Core,In Stock,64.99,20,3.249,8.16874E+11,750,1944129,Long Flat Nose,,,,,https://www.sportsmans.com/shooting-gear-gun-supplies/ammunition-ammo-for-hunting-shooting-sports/rifle-ammo-hunting-shooting-sports/underwood-ammo-black-cherry-coated-45-70-government-430gr-long-flat-nose-rifle-ammo-20-rounds/p/1944129
7/24/2026,Sportsmans,Nosler,45-70 Gov,300,Nosler Whitetail Country 45-70 Government 300gr Straight Wall Rifle Ammo - 20 Rounds,Lead-Core,In Stock,49.99,20,2.5,54041401456,40145,1916959,Straight Wall,1950,2533,0.191,,https://www.sportsmans.com/shooting-gear-gun-supplies/ammunition-ammo-for-hunting-shooting-sports/rifle-ammo-hunting-shooting-sports/nosler-whitetail-country-45-70-government-300gr-straight-wall-rifle-ammo-20-rounds/p/1916959
7/24/2026,Sportsmans,Federal,45-70 Gov,300,Federal Subsonic 45-70 Government 300gr FSP Rifle Ammo - 20 Rounds,Lead-Core,In Stock,49.99,20,2.5,6.04545E+11,F4570FS1SUB,1989106,Fusion Soft Point,1000,666,,,https://www.sportsmans.com/shooting-gear-gun-supplies/ammunition-ammo-for-hunting-shooting-sports/rifle-ammo-hunting-shooting-sports/federal-subsonic-45-70-government-300gr-fsp-rifle-ammo-20-rounds/p/1989106
7/24/2026,Sportsmans,Barnes,45-70 Gov,300,Barnes VOR-TX 45-70 Government 300gr TSX FN Rifle Ammo - 20 Rounds,Lead-Free,Out of Stock,62.99,20,3.15,7.16876E+11,21579,1269948,Triple Shock Flat Nose,1925,2469,,,https://www.sportsmans.com/shooting-gear-gun-supplies/ammunition-ammo-for-hunting-shooting-sports/rifle-ammo-hunting-shooting-sports/barnes-vor-tx-45-70-government-300gr-tsx-fn-rifle-ammo-20-rounds/p/1269948
7/24/2026,Sportsmans,Hornady,45-70 Gov,405,Buffalo Cartridge Outlaw 45-70 Government 405gr LRNFP Rifle Ammo - 20 Rounds,Lead-Core,Out of Stock,31.77,20,1.589,7.24165E+11,BCC00043,1481538,Lead Round Nose Flat Point,1185,1531,,,https://www.sportsmans.com/shooting-gear-gun-supplies/ammunition-ammo-for-hunting-shooting-sports/rifle-ammo-hunting-shooting-sports/buffalo-cartridge-outlaw-45-70-government-405gr-lrnfp-rifle-ammo-20-rounds/p/1481538
7/24/2026,Sportsmans,Barnes,45-70 Gov,300,Buffalo Bore Ammunition Buffalo-Barnes 45-70 Government 300Gr Rifle Ammo - 20 Rounds,Lead-Free,In Stock,109.99,20,5.499,6.51815E+11,8F20,1815051,Barnes TSX Flat Nose Lead Free,2350,3678,,,https://www.sportsmans.com/shooting-gear-gun-supplies/ammunition-ammo-for-hunting-shooting-sports/rifle-ammo-hunting-shooting-sports/buffalo-bore-ammunition-buffalo-barnes-45-70-government-300gr-rifle-ammo-20-rounds/p/1815051
7/24/2026,Sportsmans,Fiocchi,45-70 Gov,300,Fiocchi Field Dynamics 45-70 Government 300gr HPFN Rifle Ammo - 20 Rounds,Lead-Core,Out of Stock,54.99,20,2.75,7.62345E+11,4570B,1815264,Hollow Point Flat Nose,1900,2405,,,https://www.sportsmans.com/shooting-gear-gun-supplies/ammunition-ammo-for-hunting-shooting-sports/rifle-ammo-hunting-shooting-sports/fiocchi-field-dynamics-45-70-government-300gr-hpfn-rifle-ammo-20-rounds/p/1815264
7/24/2026,Sportsmans,Hornady,45-70 Gov,420,Grizzly Cartridge 45-70 Government +P 420gr WLNGC Rifle Ammo - 20 Rounds,Lead-Core,In Stock,83.99,20,4.199,8.15152E+11,GC45/70+P7,1428756,Wide Lead Nose Gas Check,1950,,,,https://www.sportsmans.com/shooting-gear-gun-supplies/ammunition-ammo-for-hunting-shooting-sports/rifle-ammo-hunting-shooting-sports/grizzly-cartridge-45-70-government-p-420gr-wlngc-rifle-ammo-20-rounds/p/1428756
7/24/2026,Sportsmans,Hornady,45-70 Gov,300,Grizzly Cartridge 45-70 Government +P 300gr JHP Rifle Ammo - 20 Rounds,Lead-Core,Out of Stock,83.99,20,4.199,8.15152E+11,GC45/70+P2,1800036,#NAME?,2400,3837,,,https://www.sportsmans.com/shooting-gear-gun-supplies/ammunition-ammo-for-hunting-shooting-sports/rifle-ammo-hunting-shooting-sports/grizzly-cartridge-45-70-government-p-300gr-jhp-rifle-ammo-20-rounds/p/1800036
7/24/2026,Sportsmans,Hornady,45-70 Gov,300,Fort Scott Munitions TUI 45-70 Government 300gr SCS Centerfire Rifle Ammo - 20 Rounds,Lead-Free,In Stock,51.99,20,2.599,7.58382E+11,4570300SCV1,1815349,Solid Copper Spun,1763,2071,,,https://www.sportsmans.com/shooting-gear-gun-supplies/ammunition-ammo-for-hunting-shooting-sports/rifle-ammo-hunting-shooting-sports/fort-scott-munitions-tui-45-70-government-300gr-scs-centerfire-rifle-ammo-20-rounds/p/1815349
7/24/2026,Sportsmans,Hornady,45-70 Gov,405,Grizzly Cartridge 45-70 Government +P 405gr WLNGC Rifle Ammo - 20 Rounds,Lead-Core,In Stock,83.99,20,4.199,8.15152E+11,GC45/70+P5,1428755,Wide Lead Nose Gas Check,2050,,,,https://www.sportsmans.com/shooting-gear-gun-supplies/ammunition-ammo-for-hunting-shooting-sports/rifle-ammo-hunting-shooting-sports/grizzly-cartridge-45-70-government-p-405gr-wlngc-rifle-ammo-20-rounds/p/1428755
7/24/2026,Sportsmans,Hornady,45-70 Gov,300,Grizzly Cartridge 45-70 Government 300gr JHP Rifle Ammo - 20 Rounds,Lead-Core,In Stock,64.99,20,3.249,8.15152E+11,GC45/703,1800035,Jacketed Hollow Point,1500,1499,,,https://www.sportsmans.com/shooting-gear-gun-supplies/ammunition-ammo-for-hunting-shooting-sports/rifle-ammo-hunting-shooting-sports/grizzly-cartridge-45-70-government-300gr-jhp-rifle-ammo-20-rounds/p/1800035
7/24/2026,Sportsmans,Barnes,45-70 Gov,300,Barnes Pioneer 45-70 Government 300gr TSX FN Rifle Ammo - 20 Rounds,Lead-Free,In Stock,64.99,20,3.249,7.16876E+11,32139,1803304,TSX FN,1925,2469,,,https://www.sportsmans.com/shooting-gear-gun-supplies/ammunition-ammo-for-hunting-shooting-sports/rifle-ammo-hunting-shooting-sports/barnes-pioneer-45-70-government-300gr-tsx-fn-rifle-ammo-20-rounds/p/1803304
7/24/2026,Sportsmans,Winchester,45-70 Gov,300,Winchester Super-X 45-70 Government 300gr JHP Rifle Ammo - 20 Rounds,Lead-Core,In Stock,64.99,20,3.249,20892201149,X4570H,307894,Jacketed Hollow Point,1880,2355,,,https://www.sportsmans.com/shooting-gear-gun-supplies/ammunition-ammo-for-hunting-shooting-sports/rifle-ammo-hunting-shooting-sports/winchester-super-x-45-70-government-300gr-jhp-rifle-ammo-20-rounds/p/307894
7/24/2026,Sportsmans,Hornady,45-70 Gov,410,Hornady Subsonic 45-70 Government 410gr Sub-X Rifle Ammo - 20 Rounds,Lead-Core,In Stock,49.99,20,2.5,90255827422,82742,1662332,Sub-X,1075,1052,,,https://www.sportsmans.com/shooting-gear-gun-supplies/ammunition-ammo-for-hunting-shooting-sports/rifle-ammo-hunting-shooting-sports/hornady-subsonic-45-70-government-410gr-sub-x-rifle-ammo-20-rounds/p/1662332
7/24/2026,Sportsmans,Hornady,45-70 Gov,250,Hornady LEVERevolution 45-70 Government 250gr MonoFlex - 20 Rounds,Lead-Core,In Stock,64.99,20,3.249,90255827415,82741,1352781,Flex Tip,250,2276,,,https://www.sportsmans.com/shooting-gear-gun-supplies/ammunition-ammo-for-hunting-shooting-sports/rifle-ammo-hunting-shooting-sports/rifle-ammo/hornady-leverevolution-45-70-government-250gr-monoflex-20-rounds/p/1352781
7/24/2026,Sportsmans,Remington,45-70 Gov,405,Remington Core-Lokt 45-70 Government 405gr SP Rifle Ammo - 20 Rounds,Lead-Core,Out of Stock,59.99,20,3,47700057804,R4570G,310383,Soft Point,1330,1590,,,https://www.sportsmans.com/shooting-gear-gun-supplies/ammunition-ammo-for-hunting-shooting-sports/rifle-ammo-hunting-shooting-sports/remington-core-lokt-45-70-government-405gr-sp-rifle-ammo-20-rounds/p/310383
7/24/2026,Sportsmans,Federal,45-70 Gov,300,Federal Premium 45-70 Government 300gr Trophy Bonded Bear Claw Centerfire Rifle Ammo - 20 Rounds,Lead-Core,Out of Stock,82.99,20,4.149,29465063276,P4570T4,1788844,Trophy Bonded Bear Claw,1850,2280,,,https://www.sportsmans.com/shooting-gear-gun-supplies/ammunition-ammo-for-hunting-shooting-sports/rifle-ammo-hunting-shooting-sports/federal-premium-45-70-government-300gr-trophy-bonded-bear-claw-centerfire-rifle-ammo-20-rounds/p/1788844
7/24/2026,Sportsmans,Hornady,45-70 Gov,500,Buffalo Bore Ammunition Lever Gun 45-70 Government 500Gr FMJ Rifle Ammo - 20 Rounds,Lead-Core,Out of Stock,109.99,20,5.499,6.51815E+11,8D20,1815052,Full Metal Jacket (FMJ),1650,2931,,,https://www.sportsmans.com/shooting-gear-gun-supplies/ammunition-ammo-for-hunting-shooting-sports/rifle-ammo-hunting-shooting-sports/buffalo-bore-ammunition-lever-gun-45-70-government-500gr-fmj-rifle-ammo-20-rounds/p/1815052
7/24/2026,Sportsmans,Hornady,45-70 Gov,405,Choice Ammunition Cowboy Action 45-70 Government 405gr RNFP Rifle Ammo - 20 Rounds,Lead-Core,Out of Stock,59.99,20,3,6.11166E+11,405LC4570GOVT20CCB,1825133,Round Nose Flat Point,800,,,,https://www.sportsmans.com/shooting-gear-gun-supplies/ammunition-ammo-for-hunting-shooting-sports/rifle-ammo-hunting-shooting-sports/choice-ammunition-cowboy-action-45-70-government-405gr-rnfp-rifle-ammo-20-rounds/p/1825133
7/24/2026,Sportsmans,Hornady,45-70 Gov,405,Buffalo Bore Lever Gun 45-70 Government 405gr Lead Cast Rifle Ammo - 20 Rounds,Lead-Core,Out of Stock,89.99,20,4.499,6.51815E+11,8B/20,1244678,Lead Cast,2000,3597,,,https://www.sportsmans.com/shooting-gear-gun-supplies/ammunition-ammo-for-hunting-shooting-sports/rifle-ammo-hunting-shooting-sports/buffalo-bore-lever-gun-45-70-government-405gr-lead-cast-rifle-ammo-20-rounds/p/1244678
7/24/2026,Sportsmans,Winchester,45-70 Gov,300,Winchester Supreme 45-70 Government 300gr Ballistic Silvertip Rifle Ammo - 20 Rounds,Lead-Core,Out of Stock,46.77,20,2.339,20892218468,SBST4570,1241007,Ballistic Silvertip,1880,,,,https://www.sportsmans.com/shooting-gear-gun-supplies/ammunition-ammo-for-hunting-shooting-sports/rifle-ammo-hunting-shooting-sports/winchester-supreme-45-70-government-300gr-ballistic-silvertip-rifle-ammo-20-rounds/p/1241007
7/24/2026,Sportsmans,Hornady,45-70 Gov,405,DoubleTap Hunter 45-70 Government 405gr HCSLD Rifle Ammo - 20 Rounds,Lead-Free,Out of Stock,42.99,20,2.15,91037004970,4570400H,1371945,Hard Cast Solid,1800,2914,,,https://www.sportsmans.com/shooting-gear-gun-supplies/ammunition-ammo-for-hunting-shooting-sports/rifle-ammo-hunting-shooting-sports/doubletap-hunter-45-70-government-405gr-hcsld-rifle-ammo-20-rounds/p/1371945
7/24/2026,Sportsmans,Hornady,45-70 Gov,300,DoubleTap Hunter 45-70 Government 300gr TSX Rifle Ammo - 20 Rounds,Lead-Free,Out of Stock,49.99,20,2.5,91037004796,4570300X,1541150,Barnes TSX Lead Free,1990,2638,,,https://www.sportsmans.com/shooting-gear-gun-supplies/ammunition-ammo-for-hunting-shooting-sports/rifle-ammo-hunting-shooting-sports/doubletap-hunter-45-70-government-300gr-tsx-rifle-ammo-20-rounds/p/1541150
7/24/2026,Sportsmans,Hornady,45-70 Gov,405,Grizzly Cartridge 45-70 Government 405gr RNFP Cowboy Rifle Ammo - 20 Rounds,Lead-Core,Out of Stock,58.99,20,2.95,8.15152E+11,GC45/701,1528763,RNFP Cowboy,1000,,,,https://www.sportsmans.com/shooting-gear-gun-supplies/ammunition-ammo-for-hunting-shooting-sports/rifle-ammo-hunting-shooting-sports/grizzly-cartridge-45-70-government-405gr-rnfp-cowboy-rifle-ammo-20-rounds/p/1528763
7/24/2026,Sportsmans,Hornady,45-70 Gov,430,Buffalo Bore Lever Gun 45-70 Government 430gr Lead Cast Rifle Ammo - 20 Rounds,Lead-Core,Out of Stock,94.99,20,4.749,6.51815E+11,8A/20,1244680,Lead Cast,1925,3537,,,https://www.sportsmans.com/shooting-gear-gun-supplies/ammunition-ammo-for-hunting-shooting-sports/rifle-ammo-hunting-shooting-sports/buffalo-bore-lever-gun-45-70-government-430gr-lead-cast-rifle-ammo-20-rounds/p/1244680
7/24/2026,Sportsmans,Federal,45-70 Gov,380,Buffalo Bore Mono-Metal Dangerous Game 45-70 Government 380gr FMJ-Hydroshock Rifle Ammo - 20 Rounds,Lead-Core,Out of Stock,109.99,20,5.499,6.51815E+11,8DG 380/20,1658496,Full Metal Jacket,2075,3632,,,https://www.sportsmans.com/shooting-gear-gun-supplies/ammunition-ammo-for-hunting-shooting-sports/rifle-ammo-hunting-shooting-sports/buffalo-bore-mono-metal-dangerous-game-45-70-government-380gr-fmj-hydroshock-rifle-ammo-20-rounds/p/1658496
7/24/2026,Sportsmans,Federal,45-70 Gov,300,Grizzly Cartridge 45-70 Government 300gr LFNGC Rifle Ammo - 20 Rounds,Lead-Core,Out of Stock,62.99,20,3.15,8.15152E+11,GC45/702,1428754,Lead Flat Nose Gas Check,1500,,,,https://www.sportsmans.com/shooting-gear-gun-supplies/ammunition-ammo-for-hunting-shooting-sports/rifle-ammo-hunting-shooting-sports/grizzly-cartridge-45-70-government-300gr-lfngc-rifle-ammo-20-rounds/p/1428754
7/24/2026,Sportsmans,Remington,45-70 Gov,300,Remington High Performance Rifle 45-70 Government 300gr Semi-Jacketed Hollow Point Centerfire Rifle Ammo - 20 Rounds,Lead-Core,Out of Stock,59.99,20,3,47700475301,21463,1788864,Semi-Jacketed Hollow Point,1900,2405,,,https://www.sportsmans.com/shooting-gear-gun-supplies/ammunition-ammo-for-hunting-shooting-sports/rifle-ammo-hunting-shooting-sports/remington-high-performance-rifle-45-70-government-300gr-semi-jacketed-hollow-point-centerfire-rifle-ammo-20-rounds/p/1788864
7/24/2026,Sportsmans,Fiocchi,45-70 Gov,405,Fiocchi Cowboy Action 45-70 Government 405gr LRNFP Rifle Ammo - 20 Rounds,Lead-Core,Out of Stock,49.99,20,2.5,7.62345E+11,4570A,1815263,Lead Round Nose Flat Point,1185,1263,,,https://www.sportsmans.com/shooting-gear-gun-supplies/ammunition-ammo-for-hunting-shooting-sports/rifle-ammo-hunting-shooting-sports/fiocchi-cowboy-action-45-70-government-405gr-lrnfp-rifle-ammo-20-rounds/p/1815263
7/24/2026,Sportsmans,Sellier & Bellot,45-70 Gov,405,Sellier & Bellot 45-70 Government 405gr SP Rifle Ammo - 20 Rounds,Lead-Core,Out of Stock,46.99,20,2.349,7.54909E+11,SB4570A,1815667,Soft Point,1509,2048,,,https://www.sportsmans.com/shooting-gear-gun-supplies/ammunition-ammo-for-hunting-shooting-sports/rifle-ammo-hunting-shooting-sports/sellier-bellot-45-70-government-405gr-sp-rifle-ammo-20-rounds/p/1815667
7/24/2026,Sportsmans,Barnes,45-70 Gov,350,Buffalo Bore Barnes 45-70 Government 350gr TSX-FN Rifle Ammo - 20 Rounds,Lead-Free,Out of Stock,99.99,20,4.999,6.51815E+11,8G/20,1732472,TSX Flat Nose,2150,3591,,,https://www.sportsmans.com/shooting-gear-gun-supplies/ammunition-ammo-for-hunting-shooting-sports/rifle-ammo-hunting-shooting-sports/buffalo-bore-barnes-45-70-government-350gr-tsx-fn-rifle-ammo-20-rounds/p/1732472
7/24/2026,Sportsmans,Federal,45-70 Gov,350,Phantom Defense 45-70 Government 350gr Flat Nose Subsonic Target Rifle Ammo – 50 Rounds,Lead-Core,Out of Stock,69.99,50,1.4,3.15675E+11,14011,1981671,Flat Nose,50,597,,,https://www.sportsmans.com/shooting-gear-gun-supplies/ammunition-ammo-for-hunting-shooting-sports/rifle-ammo-hunting-shooting-sports/phantom-defense-45-70-government-350gr-flat-nose-subsonic-target-rifle-ammo-50-rounds/p/1981671
7/24/2026,Sportsmans,Remington,45-70 Gov,300,Remington Subsonic 45-70 Government 300gr BHP Rifle Ammo - 20 Rounds,Lead-Core,Out of Stock,49.99,20,2.5,47700277479,27747,1989122,Bonded Hollow Point,1080,,,,https://www.sportsmans.com/shooting-gear-gun-supplies/ammunition-ammo-for-hunting-shooting-sports/rifle-ammo-hunting-shooting-sports/remington-subsonic-45-70-government-300gr-bhp-rifle-ammo-20-rounds/p/1989122
